t;z;y;vz;vy;az;ay
1.0e-15;-9.999999999999999e-6;1.25e-10;6.943824903389994e6;0.0;-5.484508872640812e10;685563.6090801016
2.0e-15;-9.993056175096608e-6;1.25e-10;6.943824903335149e6;6.855636090801017e-10;-5.492133507197259e10;686993.7248131405
3.0000000000000002e-15;-9.986112350193274e-6;1.250000000000007e-10;6.943824903280228e6;1.3725573338932421e-9;-5.499774052609822e10;688427.821025793
4.0e-15;-9.979168525289993e-6;1.2500000000000208e-10;6.943824903225231e6;2.060985154919035e-9;-5.507430553179041e10;689865.9115764216
5.000000000000001e-15;-9.972224700386768e-6;1.2500000000000414e-10;6.943824903170156e6;2.750851066495457e-9;-5.515103053359738e10;691308.010381327
6.0000000000000005e-15;-9.965280875483598e-6;1.2500000000000688e-10;6.943824903115005e6;3.442159076876784e-9;-5.522791597761678e10;692754.1314150329
7.0e-15;-9.958337050580483e-6;1.2500000000001032e-10;6.943824903059777e6;4.134913208291817e-9;-5.5304962311502e10;694204.2887105681
8.0e-15;-9.951393225677423e-6;1.2500000000001446e-10;6.943824903004472e6;4.829117497002385e-9;-5.538216998446885e10;695658.496359755
9.000000000000001e-15;-9.944449400774418e-6;1.250000000000193e-10;6.94382490294909e6;5.52477599336214e-9;-5.545953944730201e10;697116.7685134948
1.0000000000000002e-14;-9.93750557587147e-6;1.2500000000002482e-10;6.943824902893631e6;6.221892761875634e-9;-5.553707115236163e10;698579.119382058
1.1e-14;-9.930561750968575e-6;1.2500000000003105e-10;6.943824902838094e6;6.920471881257692e-9;-5.561476555359002e10;700045.5632353761
1.2000000000000001e-14;-9.923617926065737e-6;1.2500000000003798e-10;6.943824902782479e6;7.620517444493068e-9;-5.56926231065181e10;701516.1144033308
1.3000000000000001e-14;-9.916674101162954e-6;1.250000000000456e-10;6.943824902726787e6;8.322033558896399e-9;-5.577064426827224e10;702990.7872760512
1.4e-14;-9.909730276260227e-6;1.2500000000005393e-10;6.943824902671017e6;9.02502434617245e-9;-5.584882949758103e10;704469.5963042092
1.5000000000000002e-14;-9.902786451357557e-6;1.2500000000006295e-10;6.943824902615168e6;9.72949394247666e-9;-5.5927179254781784e10;705952.5559993141
1.6e-14;-9.895842626454942e-6;1.2500000000007267e-10;6.943824902559241e6;1.0435446498475975e-8;-5.600569400182757e10;707439.6809340158
1.7e-14;-9.888898801552383e-6;1.2500000000008311e-10;6.943824902503235e6;1.114288617940999e-8;-5.6084374202293846e10;708930.9857424024
1.8000000000000002e-14;-9.88195497664988e-6;1.2500000000009425e-10;6.943824902447151e6;1.1851817165152392e-8;-5.6163220321385376e10;710426.4851203037
1.9e-14;-9.875011151747433e-6;1.250000000001061e-10;6.943824902390988e6;1.2562243650272696e-8;-5.6242232825943054e10;711926.1938255945
2.0000000000000003e-14;-9.868067326845041e-6;1.2500000000011866e-10;6.943824902334745e6;1.327416984409829e-8;-5.632141218445096e10;713430.1266785029
2.1000000000000002e-14;-9.861123501942706e-6;1.2500000000013194e-10;6.943824902278423e6;1.3987599970776793e-8;-5.640075886704306e10;714938.2985619144
2.2e-14;-9.854179677040428e-6;1.2500000000014593e-10;6.943824902222022e6;1.4702538269338707e-8;-5.648027334551037e10;716450.7244216829
2.3000000000000003e-14;-9.847235852138207e-6;1.2500000000016064e-10;6.943824902165542e6;1.541898899376039e-8;-5.655995609330801e10;717967.4192669432
2.4000000000000002e-14;-9.84029202723604e-6;1.2500000000017604e-10;6.943824902108982e6;1.613695641302733e-8;-5.663980758556206e10;719488.3981704215
2.5e-14;-9.833348202333932e-6;1.2500000000019217e-10;6.943824902052342e6;1.685644481119775e-8;-5.671982829907671e10;721013.6762687495
2.6000000000000003e-14;-9.82640437743188e-6;1.2500000000020903e-10;6.943824901995623e6;1.75774584874665e-8;-5.6800018712341545e10;722543.2687627847
2.7000000000000002e-14;-9.819460552529885e-6;1.250000000002266e-10;6.943824901938822e6;1.8300001756229287e-8;-5.6880379305538475e10;724077.1909179233
2.8e-14;-9.812516727627946e-6;1.250000000002449e-10;6.943824901881942e6;1.902407894714721e-8;-5.696091056054905e10;725615.4580644248
2.9e-14;-9.805572902726065e-6;1.2500000000026393e-10;6.943824901824981e6;1.9749694405211635e-8;-5.704161296096163e10;727158.0855977297
3.0000000000000005e-14;-9.79862907782424e-6;1.2500000000028368e-10;6.943824901767939e6;2.0476852490809365e-8;-5.7122486992078674e10;728705.0889787866
3.1e-14;-9.791685252922471e-6;1.2500000000030415e-10;6.943824901710817e6;2.1205557579788152e-8;-5.720353314092398e10;730256.4837343749
3.2e-14;-9.784741428020761e-6;1.2500000000032535e-10;6.943824901653613e6;2.1935814063522527e-8;-5.728475189625013e10;731812.2854574334
3.3000000000000005e-14;-9.777797603119107e-6;1.250000000003473e-10;6.943824901596328e6;2.266762634897996e-8;-5.736614374854576e10;733372.5098073902
3.4e-14;-9.77085377821751e-6;1.2500000000036996e-10;6.9438249015389625e6;2.340099885878735e-8;-5.744770919004302e10;734937.1725104916
3.5e-14;-9.763909953315971e-6;1.2500000000039336e-10;6.943824901481515e6;2.4135936031297842e-8;-5.752944871472491e10;736506.2893601358
3.6000000000000004e-14;-9.75696612841449e-6;1.250000000004175e-10;6.943824901423985e6;2.487244232065798e-8;-5.761136281833293e10;738079.8762172092
3.7e-14;-9.750022303513066e-6;1.2500000000044237e-10;6.9438249013663735e6;2.5610522196875186e-8;-5.769345199837448e10;739657.9490104207
3.8e-14;-9.7430784786117e-6;1.2500000000046799e-10;6.94382490130868e6;2.6350180145885608e-8;-5.777571675413043e10;741240.5237366421
3.9000000000000004e-14;-9.73613465371039e-6;1.2500000000049433e-10;6.943824901250904e6;2.709142066962225e-8;-5.7858157586662766e10;742827.6164612479
4.0000000000000006e-14;-9.72919082880914e-6;1.2500000000052142e-10;6.943824901193046e6;2.7834248286083498e-8;-5.7940774998822105e10;744419.2433184574
4.1e-14;-9.722247003907946e-6;1.2500000000054926e-10;6.943824901135106e6;2.8578667529401955e-8;-5.802356949525547e10;746015.4205116796
4.2000000000000004e-14;-9.71530317900681e-6;1.2500000000057785e-10;6.943824901077082e6;2.9324682949913636e-8;-5.810654158241402e10;747616.1643138606
4.3000000000000006e-14;-9.708359354105733e-6;1.2500000000060716e-10;6.943824901018976e6;3.0072299114227494e-8;-5.818969176856062e10;749221.4910678295
4.4e-14;-9.701415529204714e-6;1.2500000000063722e-10;6.943824900960786e6;3.0821520605295325e-8;-5.827302056377783e10;750831.4171866513
4.5000000000000004e-14;-9.694471704303753e-6;1.2500000000066803e-10;6.943824900902513e6;3.1572352022481974e-8;-5.835652847997563e10;752445.9591539782
4.6000000000000006e-14;-9.68752787940285e-6;1.250000000006996e-10;6.943824900844157e6;3.232479798163595e-8;-5.8440216030899254e10;754065.1335244034
4.7e-14;-9.680584054502006e-6;1.2500000000073193e-10;6.943824900785716e6;3.307886311516036e-8;-5.852408373213718e10;755688.9569238197
4.8000000000000004e-14;-9.67364022960122e-6;1.2500000000076502e-10;6.943824900727192e6;3.383455207208418e-8;-5.860813210112894e10;757317.4460497748
4.9000000000000006e-14;-9.666696404700493e-6;1.2500000000079886e-10;6.943824900668584e6;3.4591869518133956e-8;-5.869236165717323e10;758950.6176718347
5.0e-14;-9.659752579799825e-6;1.2500000000083344e-10;6.943824900609892e6;3.535082013580579e-8;-5.877677292143594e10;760588.4886319451
5.1000000000000004e-14;-9.652808754899216e-6;1.250000000008688e-10;6.943824900551115e6;3.6111408624437734e-8;-5.886136641695808e10;762231.0758447964
5.2000000000000006e-14;-9.645864929998664e-6;1.2500000000090492e-10;6.943824900492254e6;3.687363970028253e-8;-5.894614266866397e10;763878.3962981906
5.3e-14;-9.638921105098172e-6;1.2500000000094178e-10;6.9438249004333075e6;3.7637518096580716e-8;-5.9031102203369385e10;765530.4670534093
5.4000000000000003e-14;-9.631977280197739e-6;1.2500000000097942e-10;6.943824900374277e6;3.8403048563634125e-8;-5.91162455497897e10;767187.3052455861
5.5000000000000005e-14;-9.625033455297365e-6;1.2500000000101783e-10;6.94382490031516e6;3.917023586887971e-8;-5.920157323854821e10;768848.9280840794
5.6e-14;-9.618089630397051e-6;1.25000000001057e-10;6.943824900255959e6;3.993908479696379e-8;-5.9287085802184265e10;770515.3528528475
5.700000000000001e-14;-9.611145805496794e-6;1.2500000000109693e-10;6.9438249001966715e6;4.070960014981664e-8;-5.9372783775161674e10;772186.5969108269
5.8e-14;-9.604201980596597e-6;1.2500000000113764e-10;6.943824900137299e6;4.148178674672747e-8;-5.945866769387705e10;773862.6776923105
5.9e-14;-9.597258155696459e-6;1.2500000000117913e-10;6.94382490007784e6;4.225564942441978e-8;-5.954473809666818e10;775543.6127073315
6.000000000000001e-14;-9.590314330796382e-6;1.250000000012214e-10;6.943824900018295e6;4.303119303712712e-8;-5.9630995523822334e10;777229.4195420448
6.1e-14;-9.583370505896364e-6;1.2500000000126443e-10;6.943824899958665e6;4.3808422456669164e-8;-5.9717440517585045e10;778920.1158591169
6.2e-14;-9.576426680996405e-6;1.2500000000130825e-10;6.943824899898947e6;4.458734257252828e-8;-5.980407362216839e10;780615.7193981124
6.300000000000001e-14;-9.569482856096506e-6;1.2500000000135284e-10;6.943824899839143e6;4.536795829192639e-8;-5.989089538375963e10;782316.2479758852
6.4e-14;-9.562539031196666e-6;1.250000000013982e-10;6.943824899779253e6;4.6150274539902276e-8;-5.997790635052976e10;784021.7194869707
6.5e-14;-9.555595206296887e-6;1.2500000000144434e-10;6.943824899719275e6;4.6934296259389246e-8;-6.006510707264228e10;785732.1519039833
6.600000000000001e-14;-9.548651381397167e-6;1.2500000000149129e-10;6.94382489965921e6;4.772002841129323e-8;-6.01524981022618e10;787447.5632780127
6.7e-14;-9.541707556497509e-6;1.25000000001539e-10;6.943824899599058e6;4.850747597457124e-8;-6.0240079993562744e10;789167.9717390235
6.8e-14;-9.534763731597909e-6;1.2500000000158752e-10;6.943824899538818e6;4.929664394631027e-8;-6.032785330273836e10;790893.3954962606
6.900000000000001e-14;-9.52781990669837e-6;1.2500000000163682e-10;6.9438248994784895e6;5.008753734180653e-8;-6.0415818588009224e10;792623.8528386492
7.0e-14;-9.520876081798892e-6;1.2500000000168691e-10;6.943824899418074e6;5.088016119464518e-8;-6.050397640963235e10;794359.3621352061
7.1e-14;-9.513932256899473e-6;1.2500000000173779e-10;6.943824899357569e6;5.167452055678038e-8;-6.059232732991001e10;796099.9418354463
7.200000000000001e-14;-9.506988432000116e-6;1.2500000000178946e-10;6.943824899296977e6;5.247062049861583e-8;-6.068087191319877e10;797845.6104697973
7.3e-14;-9.50004460710082e-6;1.2500000000184193e-10;6.943824899236295e6;5.326846610908563e-8;-6.076961072591846e10;799596.3866500113
7.4e-14;-9.493100782201583e-6;1.250000000018952e-10;6.943824899175526e6;5.406806249573564e-8;-6.0858544336561195e10;801352.2890695833
7.500000000000001e-14;-9.486156957302407e-6;1.2500000000194928e-10;6.943824899114667e6;5.486941478480522e-8;-6.094767331570053e10;803113.3365041688
7.6e-14;-9.479213132403292e-6;1.2500000000200416e-10;6.94382489905372e6;5.567252812130939e-8;-6.103699823600063e10;804879.5478120077
7.7e-14;-9.472269307504238e-6;1.2500000000205984e-10;6.943824898992683e6;5.64774076691214e-8;-6.1126519672225426e10;806650.9419343459
7.800000000000001e-14;-9.465325482605245e-6;1.2500000000211632e-10;6.943824898931556e6;5.728405861105574e-8;-6.1216238201247856e10;808427.5378958636
7.9e-14;-9.458381657706313e-6;1.250000000021736e-10;6.943824898870341e6;5.80924861489516e-8;-6.1306154402059204e10;810209.3548051033
8.000000000000001e-14;-9.451437832807442e-6;1.250000000022317e-10;6.943824898809034e6;5.8902695503756706e-8;-6.139626885577841e10;811996.4118549024
8.100000000000001e-14;-9.444494007908634e-6;1.250000000022906e-10;6.943824898747638e6;5.971469191561161e-8;-6.148658214566142e10;813788.7283228262
8.2e-14;-9.437550183009887e-6;1.250000000023503e-10;6.943824898686151e6;6.052848064393444e-8;-6.157709485711076e10;815586.323571606
8.300000000000001e-14;-9.4306063581112e-6;1.2500000000241085e-10;6.943824898624574e6;6.134406696750604e-8;-6.166780757768484e10;817389.2170495772
8.400000000000001e-14;-9.423662533212575e-6;1.250000000024722e-10;6.943824898562906e6;6.216145618455562e-8;-6.175872089710765e10;819197.4282911214
8.5e-14;-9.416718708314013e-6;1.2500000000253436e-10;6.9438248985011475e6;6.298065361284675e-8;-6.184983540727819e10;821010.9769171112
8.600000000000001e-14;-9.409774883415511e-6;1.2500000000259733e-10;6.943824898439297e6;6.380166458976386e-8;-6.19411517022803e10;822829.8826353574
8.700000000000001e-14;-9.402831058517072e-6;1.2500000000266113e-10;6.943824898377356e6;6.462449447239921e-8;-6.203267037839209e10;824654.1652410578
8.8e-14;-9.395887233618694e-6;1.2500000000272575e-10;6.9438248983153235e6;6.544914863764026e-8;-6.21243920340959e10;826483.8446172508
8.900000000000001e-14;-9.388943408720379e-6;1.250000000027912e-10;6.943824898253199e6;6.627563248225751e-8;-6.2216317270088066e10;828318.9407352707
9.000000000000001e-14;-9.381999583822126e-6;1.2500000000285748e-10;6.943824898190983e6;6.710395142299278e-8;-6.230844668928856e10;830159.4736552036
9.1e-14;-9.375055758923934e-6;1.2500000000292458e-10;6.943824898128674e6;6.793411089664799e-8;-6.240078089685109e10;832005.4635263496
9.200000000000001e-14;-9.368111934025805e-6;1.2500000000299251e-10;6.943824898066274e6;6.876611636017434e-8;-6.249332050017288e10;833856.9305876853
9.300000000000001e-14;-9.361168109127739e-6;1.2500000000306127e-10;6.94382489800378e6;6.959997329076203e-8;-6.258606610890482e10;835713.8951683303
9.4e-14;-9.354224284229735e-6;1.2500000000313089e-10;6.9438248979411945e6;7.043568718593036e-8;-6.2679018334961334e10;837576.3776880151
9.500000000000001e-14;-9.347280459331794e-6;1.2500000000320133e-10;6.9438248978785155e6;7.127326356361838e-8;-6.2772177792530655e10;839444.3986575544
9.600000000000001e-14;-9.340336634433916e-6;1.250000000032726e-10;6.943824897815743e6;7.211270796227594e-8;-6.286554509808478e10;841317.9786793182
9.7e-14;-9.3333928095361e-6;1.250000000033447e-10;6.943824897752878e6;7.295402594095526e-8;-6.29591208703898e10;843197.1384477136
9.800000000000001e-14;-9.326448984638348e-6;1.2500000000341766e-10;6.943824897689919e6;7.379722307940297e-8;-6.305290573051609e10;845081.8987496591
9.900000000000001e-14;-9.319505159740658e-6;1.2500000000349146e-10;6.943824897626866e6;7.464230497815263e-8;-6.3146900301848724e10;846972.2804650738
1.0e-13;-9.31256133484303e-6;1.250000000035661e-10;6.943824897563719e6;7.548927725861771e-8;-6.324110521009765e10;848868.3045673575
1.0100000000000001e-13;-9.305617509945467e-6;1.250000000036416e-10;6.943824897500478e6;7.633814556318506e-8;-6.333552108330819e10;850769.9921238823
1.0200000000000001e-13;-9.298673685047966e-6;1.2500000000371793e-10;6.943824897437142e6;7.718891555530895e-8;-6.343014855187166e10;852677.3642964851
1.03e-13;-9.291729860150529e-6;1.250000000037951e-10;6.943824897373712e6;7.804159291960544e-8;-6.352498824853557e10;854590.4423419592
1.0400000000000001e-13;-9.284786035253155e-6;1.2500000000387315e-10;6.943824897310187e6;7.88961833619474e-8;-6.3620040808414536e10;856509.2476125538
1.0500000000000001e-13;-9.277842210355844e-6;1.2500000000395204e-10;6.9438248972465675e6;7.975269260955996e-8;-6.371530686900066e10;858433.8015564743
1.06e-13;-9.270898385458598e-6;1.250000000040318e-10;6.943824897182852e6;8.061112641111644e-8;-6.381078707017438e10;860364.1257183845
1.0700000000000001e-13;-9.263954560561414e-6;1.250000000041124e-10;6.9438248971190415e6;8.147149053683482e-8;-6.3906482054215126e10;862300.2417399153
1.0800000000000001e-13;-9.257010735664295e-6;1.2500000000419387e-10;6.943824897055135e6;8.233379077857475e-8;-6.400239246581213e10;864242.1713601721
1.09e-13;-9.25006691076724e-6;1.250000000042762e-10;6.943824896991133e6;8.319803294993492e-8;-6.4098518952075325e10;866189.9364162477
1.1000000000000001e-13;-9.24312308587025e-6;1.250000000043594e-10;6.9438248969270345e6;8.406422288635116e-8;-6.419486216254622e10;868143.5588437398
1.1100000000000001e-13;-9.236179260973322e-6;1.2500000000444347e-10;6.943824896862839e6;8.49323664451949e-8;-6.429142274920897e10;870103.0606772685
1.12e-13;-9.229235436076458e-6;1.250000000045284e-10;6.943824896798548e6;8.580246950587217e-8;-6.438820136650126e10;872068.4640509973
1.1300000000000001e-13;-9.222291611179659e-6;1.250000000046142e-10;6.94382489673416e6;8.667453796992318e-8;-6.4485198671325386e10;874039.7911991585
1.1400000000000002e-13;-9.215347786282924e-6;1.2500000000470088e-10;6.943824896669676e6;8.754857776112234e-8;-6.458241532305963e10;876017.064456584
1.1500000000000001e-13;-9.208403961386254e-6;1.2500000000478843e-10;6.943824896605093e6;8.842459482557892e-8;-6.4679851983569244e10;878000.3062592334
1.16e-13;-9.20146013648965e-6;1.2500000000487686e-10;6.943824896540414e6;8.930259513183815e-8;-6.4777509317217735e10;879989.5391447296
1.17e-13;-9.19451631159311e-6;1.2500000000496617e-10;6.943824896475636e6;9.018258467098289e-8;-6.487538799087833e10;881984.7857528976
1.18e-13;-9.187572486696634e-6;1.2500000000505636e-10;6.943824896410761e6;9.106456945673578e-8;-6.497348867394521e10;883986.0688263054
1.19e-13;-9.180628661800223e-6;1.2500000000514742e-10;6.943824896345788e6;9.194855552556209e-8;-6.507181203834502e10;885993.4112108063
1.2000000000000002e-13;-9.173684836903878e-6;1.2500000000523937e-10;6.943824896280716e6;9.28345489367729e-8;-6.517035875854841e10;888006.8358560898
1.2100000000000001e-13;-9.166741012007597e-6;1.250000000053322e-10;6.943824896215546e6;9.372255577262899e-8;-6.526912951158151e10;890026.3658162305
1.22e-13;-9.15979718711138e-6;1.2500000000542592e-10;6.943824896150277e6;9.461258213844523e-8;-6.5368124977037674e10;892052.0242502433
1.23e-13;-9.15285336221523e-6;1.2500000000552053e-10;6.943824896084909e6;9.550463416269547e-8;-6.5467345837089e10;894083.8344226392
1.24e-13;-9.145909537319146e-6;1.2500000000561605e-10;6.943824896019442e6;9.639871799711811e-8;-6.556679277649826e10;896121.8197039897
1.25e-13;-9.138965712423126e-6;1.2500000000571244e-10;6.943824895953875e6;9.72948398168221e-8;-6.566646648263069e10;898166.0035714897
1.2600000000000002e-13;-9.132021887527172e-6;1.2500000000580974e-10;6.943824895888208e6;9.819300582039359e-8;-6.57663676454657e10;900216.4096095237
1.2700000000000001e-13;-9.125078062631285e-6;1.2500000000590794e-10;6.943824895822442e6;9.909322223000311e-8;-6.5866496957609055e10;902273.0615102409
1.28e-13;-9.118134237735463e-6;1.2500000000600702e-10;6.943824895756575e6;9.999549529151335e-8;-6.596685511430466e10;904335.9830741261
1.29e-13;-9.111190412839706e-6;1.25000000006107e-10;6.943824895690609e6;1.0089983127458748e-7;-6.606744281344683e10;906405.198210582
1.3e-13;-9.104246587944015e-6;1.250000000062079e-10;6.943824895624542e6;1.0180623647279807e-7;-6.616826075559218e10;908480.7309385072
1.3100000000000002e-13;-9.09730276304839e-6;1.250000000063097e-10;6.943824895558373e6;1.0271471720373658e-7;-6.626930964397207e10;910562.6053868849
1.3200000000000002e-13;-9.09035893815283e-6;1.2500000000641242e-10;6.943824895492104e6;1.0362527980912347e-7;-6.637059018450477e10;912650.8457953711
1.3300000000000001e-13;-9.083415113257339e-6;1.2500000000651605e-10;6.943824895425733e6;1.0453793065491884e-7;-6.647210308580768e10;914745.4765148853
1.34e-13;-9.076471288361914e-6;1.2500000000662058e-10;6.943824895359261e6;1.0545267613143372e-7;-6.6573849059209946e10;916846.5220082104
1.35e-13;-9.069527463466555e-6;1.2500000000672605e-10;6.943824895292687e6;1.0636952265344193e-7;-6.667582881876469e10;918954.0068505891
1.36e-13;-9.062583638571261e-6;1.2500000000683242e-10;6.943824895226011e6;1.0728847666029252e-7;-6.677804308126178e10;921067.9557303311
1.3700000000000002e-13;-9.055639813676036e-6;1.2500000000693972e-10;6.943824895159233e6;1.0820954461602286e-7;-6.688049256624014e10;923188.393449416
1.3800000000000002e-13;-9.048695988780877e-6;1.2500000000704792e-10;6.943824895092353e6;1.0913273300947228e-7;-6.698317799600068e10;925315.3449241087
1.3900000000000001e-13;-9.041752163885785e-6;1.2500000000715706e-10;6.94382489502537e6;1.1005804835439638e-7;-6.708610009561885e10;927448.8351855718
1.4e-13;-9.03480833899076e-6;1.2500000000726713e-10;6.943824894958284e6;1.1098549718958195e-7;-6.718925959295758e10;929588.8893804855
1.41e-13;-9.027864514095802e-6;1.2500000000737812e-10;6.943824894891094e6;1.1191508607896244e-7;-6.7292657218679924e10;931735.5327716676
1.42e-13;-9.02092068920091e-6;1.2500000000749005e-10;6.943824894823802e6;1.1284682161173411e-7;-6.739629370626236e10;933888.7907387043
1.4300000000000002e-13;-9.013976864306087e-6;1.250000000076029e-10;6.943824894756406e6;1.1378071040247281e-7;-6.750016979200738e10;936048.6887785745
1.4400000000000002e-13;-9.00703303941133e-6;1.250000000077167e-10;6.943824894688905e6;1.1471675909125138e-7;-6.760428621505687e10;938215.2525062892
1.4500000000000001e-13;-9.000089214516642e-6;1.2500000000783142e-10;6.9438248946213005e6;1.1565497434375768e-7;-6.770864371740519e10;940388.5076555262
1.46e-13;-8.993145389622022e-6;1.2500000000794707e-10;6.9438248945535915e6;1.165953628514132e-7;-6.7813243043912315e10;942568.4800792736
1.47e-13;-8.986201564727469e-6;1.2500000000806367e-10;6.943824894485778e6;1.1753793133149248e-7;-6.791808494231713e10;944755.1957504735
1.48e-13;-8.979257739832984e-6;1.250000000081812e-10;6.943824894417861e6;1.1848268652724295e-7;-6.8023170163250946e10;946948.6807626748
1.4900000000000002e-13;-8.972313914938567e-6;1.250000000082997e-10;6.943824894349838e6;1.1942963520800562e-7;-6.8128499460250755e10;949148.9613306848
1.5000000000000002e-13;-8.965370090044217e-6;1.2500000000841913e-10;6.94382489428171e6;1.2037878416933632e-7;-6.823407358977284e10;951356.0637912285
1.5100000000000001e-13;-8.958426265149935e-6;1.250000000085395e-10;6.943824894213475e6;1.2133014023312755e-7;-6.833989331120634e10;953570.0146036093
1.52e-13;-8.951482440255721e-6;1.2500000000866085e-10;6.943824894145136e6;1.2228371024773116e-7;-6.844595938688684e10;955790.8403503764
1.53e-13;-8.944538615361577e-6;1.2500000000878314e-10;6.94382489407669e6;1.2323950108808153e-7;-6.8552272582110176e10;958018.5677379938
1.54e-13;-8.9375947904675e-6;1.250000000089064e-10;6.943824894008138e6;1.241975196558195e-7;-6.865883366514629e10;960253.2235975167
1.5500000000000002e-13;-8.930650965573493e-6;1.250000000090306e-10;6.943824893939479e6;1.2515777287941704e-7;-6.876564340725288e10;962494.8348852665
1.5600000000000002e-13;-8.923707140679553e-6;1.2500000000915576e-10;6.943824893870713e6;1.261202677143023e-7;-6.887270258268977e10;964743.4286835201
1.57e-13;-8.916763315785683e-6;1.2500000000928188e-10;6.94382489380184e6;1.2708501114298582e-7;-6.898001196873238e10;966999.0322011882
1.58e-13;-8.90981949089188e-6;1.2500000000940895e-10;6.94382489373286e6;1.28052010175187e-7;-6.908757234568639e10;969261.6727745148
1.59e-13;-8.902875665998148e-6;1.25000000009537e-10;6.943824893663772e6;1.290212718479615e-7;-6.919538449690152e10;971531.3778677686
1.6000000000000003e-13;-8.895931841104484e-6;1.2500000000966603e-10;6.943824893594577e6;1.2999280322582927e-7;-6.930344920878606e10;973808.1750739438
1.6100000000000002e-13;-8.88898801621089e-6;1.2500000000979602e-10;6.943824893525274e6;1.309666114009032e-7;-6.941176727082095e10;976092.0921154642
1.6200000000000002e-13;-8.882044191317366e-6;1.25000000009927e-10;6.943824893455862e6;1.3194270349301866e-7;-6.952033947557454e10;978383.1568448949
1.63e-13;-8.875100366423911e-6;1.2500000001005894e-10;6.943824893386342e6;1.3292108664986355e-7;-6.962916661871669e10;980681.3972456501
1.64e-13;-8.868156541530525e-6;1.2500000001019186e-10;6.943824893316712e6;1.339017680471092e-7;-6.973824949903378e10;982986.8414327176
1.65e-13;-8.86121271663721e-6;1.2500000001032576e-10;6.943824893246974e6;1.3488475488854192e-7;-6.98475889184429e10;985299.5176533747
1.6600000000000002e-13;-8.854268891743963e-6;1.2500000001046064e-10;6.9438248931771265e6;1.3587005440619528e-7;-6.995718568200702e10;987619.4542879193
1.6700000000000002e-13;-8.847325066850785e-6;1.250000000105965e-10;6.943824893107169e6;1.368576738604832e-7;-7.006704059794952e10;989946.6798504003
1.6800000000000002e-13;-8.840381241957678e-6;1.2500000001073335e-10;6.943824893037102e6;1.378476205403336e-7;-7.017715447766924e10;992281.222989352
1.69e-13;-8.833437417064641e-6;1.250000000108712e-10;6.943824892966925e6;1.3883990176332296e-7;-7.028752813575531e10;994623.1124885355
1.7e-13;-8.826493592171674e-6;1.2500000001101004e-10;6.943824892896637e6;1.398345248758115e-7;-7.03981623900025e10;996972.3772676871
1.71e-13;-8.819549767278778e-6;1.2500000001114989e-10;6.94382489282624e6;1.4083149725307918e-7;-7.050905806142598e10;999329.0463832612
1.7200000000000002e-13;-8.812605942385951e-6;1.2500000001129071e-10;6.94382489275573e6;1.4183082629946244e-7;-7.06202159742769e10;1.0016931490291933e6
1.7300000000000002e-13;-8.805662117493196e-6;1.2500000001143255e-10;6.94382489268511e6;1.4283251944849163e-7;-7.073163695605756e10;1.0040647145376536e6
1.7400000000000002e-13;-8.79871829260051e-6;1.250000000115754e-10;6.943824892614378e6;1.438365841630293e-7;-7.084332183753665e10;1.0064437723798127e6
1.75e-13;-8.791774467707895e-6;1.2500000001171922e-10;6.943824892543535e6;1.4484302793540912e-7;-7.095527145276514e10;1.0088303521666117e6
1.76e-13;-8.784830642815352e-6;1.2500000001186405e-10;6.943824892472579e6;1.4585185828757575e-7;-7.106748663909145e10;1.0112244836495364e6
1.77e-13;-8.777886817922879e-6;1.250000000120099e-10;6.943824892401512e6;1.468630827712253e-7;-7.11799682371773e10;1.0136261967213941e6
1.7800000000000002e-13;-8.770942993030478e-6;1.2500000001215675e-10;6.943824892330332e6;1.4787670896794668e-7;-7.129271709101343e10;1.0160355214170982e6
1.7900000000000002e-13;-8.763999168138147e-6;1.2500000001230463e-10;6.943824892259039e6;1.488927444893638e-7;-7.140573404793541e10;1.0184524879144593e6
1.8000000000000002e-13;-8.757055343245888e-6;1.2500000001245352e-10;6.943824892187634e6;1.4991119697727826e-7;-7.151901995863965e10;1.0208771265349761e6
1.81e-13;-8.7501115183537e-6;1.2500000001260342e-10;6.9438248921161145e6;1.5093207410381323e-7;-7.163257567719925e10;1.0233094677446345e6
1.82e-13;-8.743167693461584e-6;1.2500000001275436e-10;6.943824892044482e6;1.5195538357155787e-7;-7.174640206108022e10;1.0257495421547141e6
1.83e-13;-8.73622386856954e-6;1.250000000129063e-10;6.9438248919727355e6;1.5298113311371258e-7;-7.186049997115761e10;1.0281973805225928e6
1.8400000000000002e-13;-8.729280043677567e-6;1.2500000001305928e-10;6.943824891900875e6;1.5400933049423517e-7;-7.197487027173178e10;1.0306530137525656e6
1.8500000000000002e-13;-8.722336218785666e-6;1.250000000132133e-10;6.9438248918289e6;1.5503998350798774e-7;-7.208951383054488e10;1.0331164728966613e6
1.8600000000000002e-13;-8.715392393893837e-6;1.2500000001336833e-10;6.94382489175681e6;1.5607309998088441e-7;-7.220443151879715e10;1.0355877891554675e6
1.87e-13;-8.70844856900208e-6;1.250000000135244e-10;6.943824891684606e6;1.5710868777003989e-7;-7.231962421116357e10;1.038066993878961e6
1.88e-13;-8.701504744110395e-6;1.2500000001368152e-10;6.943824891612286e6;1.5814675476391885e-7;-7.243509278581047e10;1.0405541185673414e6
1.89e-13;-8.694560919218783e-6;1.2500000001383967e-10;6.94382489153985e6;1.5918730888248619e-7;-7.25508381244122e10;1.0430491948718734e6
1.9000000000000002e-13;-8.687617094327244e-6;1.2500000001399885e-10;6.943824891467299e6;1.6023035807735806e-7;-7.266686111216824e10;1.0455522545957332e6
1.9100000000000002e-13;-8.680673269435776e-6;1.250000000141591e-10;6.943824891394633e6;1.6127591033195379e-7;-7.278316263781967e10;1.0480633296948571e6
1.9200000000000001e-13;-8.67372944454438e-6;1.2500000001432037e-10;6.94382489132185e6;1.6232397366164864e-7;-7.289974359366664e10;1.0505824522788015e6
1.93e-13;-8.666785619653058e-6;1.250000000144827e-10;6.94382489124895e6;1.6337455611392744e-7;-7.301660487558516e10;1.053109654611601e6
1.94e-13;-8.659841794761809e-6;1.2500000001464607e-10;6.943824891175933e6;1.6442766576853904e-7;-7.313374738304442e10;1.0556449691126395e6
1.9500000000000003e-13;-8.652897969870632e-6;1.250000000148105e-10;6.943824891102799e6;1.6548331073765168e-7;-7.325117201912424e10;1.058188428357524e6
1.9600000000000002e-13;-8.64595414497953e-6;1.2500000001497598e-10;6.943824891029548e6;1.665414991660092e-7;-7.33688796905323e10;1.060740065078962e6
1.9700000000000002e-13;-8.639010320088501e-6;1.2500000001514253e-10;6.943824890956179e6;1.6760223923108818e-7;-7.348687130762154e10;1.0632999121676434e6
1.9800000000000001e-13;-8.632066495197545e-6;1.2500000001531014e-10;6.943824890882692e6;1.6866553914325583e-7;-7.360514778440813e10;1.065868002673138e6
1.99e-13;-8.625122670306662e-6;1.250000000154788e-10;6.943824890809087e6;1.6973140714592897e-7;-7.372371003858888e10;1.068444369804785e6
2.0e-13;-8.618178845415853e-6;1.2500000001564853e-10;6.943824890735364e6;1.7079985151573375e-7;-7.384255899155904e10;1.0710290469325967e6
2.0100000000000003e-13;-8.611235020525117e-6;1.2500000001581932e-10;6.943824890661521e6;1.7187088056266636e-7;-7.396169556843037e10;1.0736220675881684e6
2.0200000000000002e-13;-8.604291195634455e-6;1.250000000159912e-10;6.943824890587559e6;1.7294450263025454e-7;-7.408112069804897e10;1.0762234654655887e6
2.0300000000000002e-13;-8.597347370743868e-6;1.2500000001616413e-10;6.943824890513478e6;1.7402072609572013e-7;-7.420083531301349e10;1.0788332744223601e6
2.0400000000000001e-13;-8.590403545853354e-6;1.2500000001633814e-10;6.943824890439277e6;1.7509955937014248e-7;-7.432084034969336e10;1.0814515284803275e6
2.05e-13;-8.583459720962914e-6;1.2500000001651325e-10;6.943824890364956e6;1.761810108986228e-7;-7.444113674824704e10;1.0840782618266041e6
2.06e-13;-8.57651589607255e-6;1.2500000001668944e-10;6.943824890290515e6;1.772650891604494e-7;-7.456172545264035e10;1.0867135088145118e6
2.0700000000000003e-13;-8.569572071182259e-6;1.250000000168667e-10;6.943824890215953e6;1.7835180266926392e-7;-7.468260741066515e10;1.0893573039645248e6
2.0800000000000002e-13;-8.562628246292043e-6;1.2500000001704507e-10;6.94382489014127e6;1.7944115997322846e-7;-7.480378357395796e10;1.0920096819652198e6
2.0900000000000002e-13;-8.555684421401901e-6;1.2500000001722452e-10;6.943824890066466e6;1.805331696551937e-7;-7.49252548980185e10;1.094670677674229e6
2.1000000000000001e-13;-8.548740596511834e-6;1.2500000001740505e-10;6.943824889991541e6;1.8162784033286793e-7;-7.504702234222871e10;1.0973403261192054e6
2.11e-13;-8.541796771621842e-6;1.2500000001758667e-10;6.9438248899164945e6;1.8272518065898714e-7;-7.516908686987167e10;1.1000186624987891e6
2.12e-13;-8.534852946731926e-6;1.250000000177694e-10;6.943824889841326e6;1.8382519932148593e-7;-7.529144944815047e10;1.1027057221835812e6
2.1300000000000003e-13;-8.527909121842084e-6;1.2500000001795321e-10;6.943824889766034e6;1.849279050436695e-7;-7.541411104820775e10;1.1054015407171284e6
2.1400000000000002e-13;-8.520965296952319e-6;1.2500000001813814e-10;6.94382488969062e6;1.8603330658438662e-7;-7.55370726451445e10;1.108106153816906e6
2.1500000000000002e-13;-8.514021472062628e-6;1.2500000001832418e-10;6.943824889615083e6;1.8714141273820351e-7;-7.566033521803987e10;1.1108195973753154e6
2.1600000000000001e-13;-8.507077647173013e-6;1.2500000001851133e-10;6.9438248895394225e6;1.8825223233557884e-7;-7.578389974997029e10;1.1135419074606795e6
2.17e-13;-8.500133822283473e-6;1.250000000186996e-10;6.943824889463639e6;1.893657742430395e-7;-7.590776722802939e10;1.1162731203182559e6
2.18e-13;-8.49318999739401e-6;1.2500000001888896e-10;6.943824889387731e6;1.9048204736335777e-7;-7.60319386433474e10;1.119013272371244e6
2.1900000000000003e-13;-8.486246172504622e-6;1.2500000001907945e-10;6.943824889311699e6;1.9160106063572901e-7;-7.615641499111136e10;1.121762400221811e6
2.2000000000000002e-13;-8.47930234761531e-6;1.2500000001927104e-10;6.943824889235543e6;1.9272282303595082e-7;-7.628119727058456e10;1.1245205406521116e6
2.2100000000000002e-13;-8.472358522726075e-6;1.2500000001946377e-10;6.943824889159262e6;1.9384734357660294e-7;-7.640628648512718e10;1.12728773062533e6
2.2200000000000001e-13;-8.465414697836917e-6;1.2500000001965762e-10;6.943824889082856e6;1.9497463130722827e-7;-7.653168364221603e10;1.1300640072867144e6
2.23e-13;-8.458470872947834e-6;1.250000000198526e-10;6.943824889006324e6;1.9610469531451498e-7;-7.665738975346489e10;1.1328494079646226e6
2.24e-13;-8.451527048058827e-6;1.250000000200487e-10;6.943824888929667e6;1.972375447224796e-7;-7.678340583464503e10;1.135643970171582e6
2.2500000000000003e-13;-8.444583223169897e-6;1.2500000002024593e-10;6.943824888852883e6;1.9837318869265118e-7;-7.690973290570575e10;1.1384477316053454e6
2.2600000000000002e-13;-8.437639398281045e-6;1.250000000204443e-10;6.943824888775974e6;1.995116364242565e-7;-7.703637199079494e10;1.1412607301499632e6
2.2700000000000002e-13;-8.430695573392269e-6;1.250000000206438e-10;6.943824888698937e6;2.0065289715440647e-7;-7.716332411827974e10;1.1440830038768526e6
2.2800000000000004e-13;-8.42375174850357e-6;1.2500000002084444e-10;6.9438248886217745e6;2.0179698015828332e-7;-7.729059032076764e10;1.146914591045885e6
2.2900000000000003e-13;-8.416807923614949e-6;1.2500000002104625e-10;6.943824888544484e6;2.029438947493292e-7;-7.741817163512737e10;1.1497555301064746e6
2.3000000000000003e-13;-8.409864098726405e-6;1.250000000212492e-10;6.943824888467066e6;2.040936502794357e-7;-7.754606910250996e10;1.1526058596986711e6
2.3100000000000003e-13;-8.402920273837937e-6;1.2500000002145327e-10;6.94382488838952e6;2.0524625613913436e-7;-7.767428376837009e10;1.1554656186542662e6
2.32e-13;-8.395976448949548e-6;1.2500000002165852e-10;6.943824888311846e6;2.0640172175778862e-7;-7.78028166824873e10;1.1583348459979044e6
2.33e-13;-8.389032624061236e-6;1.2500000002186492e-10;6.9438248882340435e6;2.0756005660378653e-7;-7.79316688989877e10;1.161213580948201e6
2.34e-13;-8.382088799173002e-6;1.250000000220725e-10;6.943824888156112e6;2.0872127018473474e-7;-7.806084147636545e10;1.1641018629188691e6
2.35e-13;-8.375144974284846e-6;1.2500000002228123e-10;6.943824888078052e6;2.098853720476536e-7;-7.819033547750433e10;1.1669997315198479e6
2.36e-13;-8.368201149396768e-6;1.2500000002249113e-10;6.9438248879998615e6;2.1105237177917346e-7;-7.832015196970012e10;1.1699072265584522e6
2.37e-13;-8.361257324508767e-6;1.2500000002270219e-10;6.943824887921541e6;2.122222790057319e-7;-7.845029202468198e10;1.1728243880405116e6
2.38e-13;-8.354313499620845e-6;1.250000000229144e-10;6.943824887843091e6;2.1339510339377242e-7;-7.858075671863487e10;1.1757512561715313e6
2.3900000000000004e-13;-8.347369674733003e-6;1.250000000231278e-10;6.943824887764511e6;2.1457085464994397e-7;-7.871154713222192e10;1.1786878713578563e6
2.4000000000000004e-13;-8.340425849845238e-6;1.2500000002334237e-10;6.943824887685799e6;2.157495425213018e-7;-7.884266435060658e10;1.1816342742078416e6
2.4100000000000003e-13;-8.333482024957553e-6;1.250000000235581e-10;6.943824887606956e6;2.1693117679550966e-7;-7.897410946347514e10;1.1845905055330284e6
2.4200000000000003e-13;-8.326538200069946e-6;1.2500000002377504e-10;6.943824887527982e6;2.1811576730104268e-7;-7.910588356505968e10;1.1875566063493397e6
2.43e-13;-8.319594375182418e-6;1.2500000002399316e-10;6.943824887448876e6;2.19303323907392e-7;-7.923798775416026e10;1.1905326178782636e6
2.44e-13;-8.312650550294969e-6;1.2500000002421246e-10;6.943824887369638e6;2.2049385652527027e-7;-7.937042313416846e10;1.1935185815480673e6
2.45e-13;-8.305706725407599e-6;1.2500000002443296e-10;6.943824887290268e6;2.2168737510681835e-7;-7.950319081309e10;1.1965145389950003e6
2.46e-13;-8.298762900520308e-6;1.2500000002465464e-10;6.943824887210765e6;2.2288388964581336e-7;-7.963629190356807e10;1.1995205320645191e6
2.47e-13;-8.291819075633098e-6;1.2500000002487752e-10;6.943824887131128e6;2.2408341017787789e-7;-7.976972752290666e10;1.2025366028125116e6
2.48e-13;-8.284875250745967e-6;1.250000000251016e-10;6.943824887051359e6;2.252859467806904e-7;-7.99034987930939e10;1.2055627935065327e6
2.49e-13;-8.277931425858915e-6;1.2500000002532688e-10;6.943824886971455e6;2.2649150957419694e-7;-8.003760684082579e10;1.2085991466270501e6
2.5e-13;-8.270987600971943e-6;1.2500000002555337e-10;6.943824886891417e6;2.27700108720824e-7;-8.017205279752974e10;1.2116457048686948e6
2.5100000000000004e-13;-8.264043776085051e-6;1.2500000002578108e-10;6.943824886811245e6;2.289117544256927e-7;-8.030683779938867e10;1.2147025111415226e6
2.5200000000000004e-13;-8.25709995119824e-6;1.2500000002601e-10;6.943824886730938e6;2.3012645693683423e-7;-8.044196298736472e10;1.2177696085722814e6
2.5300000000000003e-13;-8.250156126311509e-6;1.2500000002624014e-10;6.943824886650496e6;2.313442265454065e-7;-8.057742950722371e10;1.2208470405056942e6
2.5400000000000003e-13;-8.243212301424859e-6;1.250000000264715e-10;6.943824886569919e6;2.3256507358591222e-7;-8.071323850955923e10;1.2239348505057395e6
2.55e-13;-8.236268476538288e-6;1.2500000002670406e-10;6.943824886489206e6;2.3378900843641796e-7;-8.08493911498171e10;1.2270330823569482e6
2.56e-13;-8.2293246516518e-6;1.2500000002693784e-10;6.943824886408357e6;2.350160415187749e-7;-8.098588858831993e10;1.2301417800657102e6
2.57e-13;-8.222380826765392e-6;1.2500000002717287e-10;6.943824886327371e6;2.362461832988406e-7;-8.112273199029202e10;1.2332609878615846e6
2.58e-13;-8.215437001879064e-6;1.250000000274091e-10;6.943824886246248e6;2.3747944428670218e-7;-8.125992252588396e10;1.23639075019862e6
2.59e-13;-8.208493176992817e-6;1.2500000002764658e-10;6.943824886164988e6;2.387158350369008e-7;-8.139746137019777e10;1.2395311117566866e6
2.6e-13;-8.201549352106651e-6;1.250000000278853e-10;6.943824886083591e6;2.399553661486575e-7;-8.153534970331215e10;1.242682117442817e6
2.61e-13;-8.194605527220567e-6;1.2500000002812526e-10;6.943824886002055e6;2.4119804826610035e-7;-8.167358871030754e10;1.2458438123925503e6
2.6200000000000004e-13;-8.187661702334564e-6;1.2500000002836646e-10;6.943824885920382e6;2.424438920784929e-7;-8.181217958129199e10;1.249016241971296e6
2.6300000000000004e-13;-8.180717877448644e-6;1.250000000286089e-10;6.94382488583857e6;2.4369290832046416e-7;-8.19511235114263e10;1.252199451775695e6
2.6400000000000004e-13;-8.173774052562806e-6;1.2500000002885258e-10;6.943824885756619e6;2.4494510777223985e-7;-8.209042170095016e10;1.2553934876350004e6
2.6500000000000003e-13;-8.166830227677049e-6;1.2500000002909753e-10;6.943824885674529e6;2.4620050125987483e-7;-8.223007535520792e10;1.2585983956124608e6
2.6600000000000003e-13;-8.159886402791374e-6;1.2500000002934372e-10;6.943824885592299e6;2.474590996554873e-7;-8.237008568467459e10;1.261814222006715e6
2.67e-13;-8.152942577905782e-6;1.2500000002959118e-10;6.943824885509929e6;2.48720913877494e-7;-8.251045390498236e10;1.2650410133531995e6
2.68e-13;-8.145998753020272e-6;1.250000000298399e-10;6.943824885427418e6;2.4998595489084717e-7;-8.265118123694644e10;1.2682788164255565e6
2.69e-13;-8.139054928134845e-6;1.250000000300899e-10;6.943824885344767e6;2.5125423370727276e-7;-8.279226890659229e10;1.2715276782370657e6
2.7e-13;-8.1321111032495e-6;1.2500000003034115e-10;6.943824885261974e6;2.525257613855098e-7;-8.293371814518176e10;1.2747876460420717e6
2.71e-13;-8.125167278364237e-6;1.2500000003059367e-10;6.943824885179041e6;2.5380054903155186e-7;-8.307553018924026e10;1.2780587673374303e6
2.72e-13;-8.118223453479057e-6;1.2500000003084746e-10;6.943824885095965e6;2.550786077988893e-7;-8.321770628058376e10;1.2813410898639609e6
2.73e-13;-8.11127962859396e-6;1.2500000003110254e-10;6.943824885012748e6;2.5635994888875326e-7;-8.33602476663457e10;1.2846346616079088e6
2.7400000000000004e-13;-8.104335803708947e-6;1.250000000313589e-10;6.943824884929388e6;2.5764458355036116e-7;-8.350315559900479e10;1.2879395308024213e6
2.7500000000000004e-13;-8.097391978824018e-6;1.2500000003161653e-10;6.9438248848458845e6;2.589325230811636e-7;-8.364643133641206e10;1.2912557459290258e6
2.7600000000000004e-13;-8.090448153939173e-6;1.2500000003187546e-10;6.943824884762238e6;2.602237788270926e-7;-8.379007614181898e10;1.294583355719131e6
2.7700000000000003e-13;-8.08350432905441e-6;1.250000000321357e-10;6.943824884678448e6;2.6151836218281175e-7;-8.393409128390497e10;1.2979224091555232e6
2.7800000000000003e-13;-8.076560504169732e-6;1.250000000323972e-10;6.943824884594513e6;2.628162845919673e-7;-8.407847803680559e10;1.301272955473886e6
2.79e-13;-8.069616679285137e-6;1.2500000003266002e-10;6.943824884510434e6;2.6411755754744114e-7;-8.42232376801405e10;1.3046350441643198e6
2.8e-13;-8.062672854400626e-6;1.2500000003292415e-10;6.943824884426211e6;2.6542219259160546e-7;-8.436837149904224e10;1.3080087249728828e6
2.81e-13;-8.0557290295162e-6;1.2500000003318957e-10;6.9438248843418425e6;2.6673020131657835e-7;-8.451388078418428e10;1.3113940479031312e6
2.82e-13;-8.048785204631858e-6;1.250000000334563e-10;6.943824884257329e6;2.680415953644815e-7;-8.465976683180997e10;1.3147910632176797e6
2.83e-13;-8.0418413797476e-6;1.2500000003372434e-10;6.943824884172669e6;2.6935638642769917e-7;-8.480603094376143e10;1.3181998214397659e6
2.84e-13;-8.034897554863427e-6;1.250000000339937e-10;6.943824884087862e6;2.7067458624913895e-7;-8.495267442750836e10;1.3216203733548287e6
2.85e-13;-8.027953729979338e-6;1.2500000003426436e-10;6.94382488400291e6;2.719962066224938e-7;-8.50996985961776e10;1.3250527700120993e6
2.8600000000000004e-13;-8.021009905095336e-6;1.2500000003453635e-10;6.94382488391781e6;2.733212593925059e-7;-8.524710476858229e10;1.3284970627261999e6
2.8700000000000004e-13;-8.014066080211418e-6;1.2500000003480968e-10;6.943824883832564e6;2.746497564552321e-7;-8.539489426925146e10;1.331953303078754e6
2.8800000000000004e-13;-8.007122255327586e-6;1.2500000003508433e-10;6.943824883747169e6;2.759817097583108e-7;-8.554306842845988e10;1.335421542920009e6
2.8900000000000003e-13;-8.00017843044384e-6;1.2500000003536032e-10;6.943824883661626e6;2.773171313012308e-7;-8.569162858225787e10;1.3389018343704692e6
2.9000000000000003e-13;-7.993234605560178e-6;1.2500000003563764e-10;6.943824883575934e6;2.786560331356013e-7;-8.58405760725016e10;1.3423942298225434e6
2.91e-13;-7.986290780676602e-6;1.250000000359163e-10;6.943824883490093e6;2.799984273654238e-7;-8.598991224688324e10;1.3458987819421978e6
2.92e-13;-7.979346955793112e-6;1.250000000361963e-10;6.943824883404103e6;2.81344326147366e-7;-8.613963845896138e10;1.349415543670625e6
2.93e-13;-7.972403130909708e-6;1.2500000003647764e-10;6.943824883317963e6;2.8269374169103665e-7;-8.628975606819194e10;1.3529445682259242e6
2.94e-13;-7.96545930602639e-6;1.2500000003676033e-10;6.943824883231673e6;2.840466862592626e-7;-8.644026643995888e10;1.3564859091047917e6
2.95e-13;-7.958515481143159e-6;1.2500000003704439e-10;6.943824883145233e6;2.854031721683674e-7;-8.659117094560509e10;1.3600396200842236e6
2.96e-13;-7.951571656260014e-6;1.250000000373298e-10;6.943824883058641e6;2.8676321178845163e-7;-8.674247096246413e10;1.3636057552232335e6
2.9700000000000005e-13;-7.944627831376955e-6;1.2500000003761656e-10;6.943824882971899e6;2.8812681754367484e-7;-8.689416787389098e10;1.367184368864574e6
2.9800000000000004e-13;-7.937684006493983e-6;1.2500000003790468e-10;6.943824882885004e6;2.894940019125394e-7;-8.70462630692943e10;1.370775515636482e6
2.9900000000000004e-13;-7.930740181611097e-6;1.2500000003819417e-10;6.943824882797958e6;2.9086477742817586e-7;-8.719875794416766e10;1.3743792504544237e6
3.0000000000000003e-13;-7.9237963567283e-6;1.2500000003848503e-10;6.9438248827107595e6;2.922391566786303e-7;-8.735165390012209e10;1.3779956285228638e6
3.0100000000000003e-13;-7.916852531845588e-6;1.2500000003877725e-10;6.943824882623408e6;2.9361715230715315e-7;-8.750495234491792e10;1.381624705337038e6
3.0200000000000003e-13;-7.909908706962965e-6;1.2500000003907088e-10;6.943824882535903e6;2.949987770124902e-7;-8.76586546924973e10;1.3852665366847408e6
3.03e-13;-7.90296488208043e-6;1.2500000003936587e-10;6.943824882448244e6;2.9638404354917494e-7;-8.781276236301689e10;1.3889211786481307e6
3.04e-13;-7.896021057197981e-6;1.2500000003966226e-10;6.943824882360431e6;2.9777296472782307e-7;-8.796727678288052e10;1.39258868760554e6
3.05e-13;-7.88907723231562e-6;1.2500000003996004e-10;6.943824882272464e6;2.991655534154286e-7;-8.81221993847722e10;1.3962691202333004e6
3.06e-13;-7.882133407433348e-6;1.250000000402592e-10;6.9438248821843425e6;3.0056182253566187e-7;-8.827753160768945e10;1.3999625335075853e6
3.07e-13;-7.875189582551164e-6;1.2500000004055975e-10;6.943824882096065e6;3.0196178506916945e-7;-8.84332748969767e10;1.4036689847062617e6
3.08e-13;-7.868245757669067e-6;1.2500000004086172e-10;6.9438248820076315e6;3.033654540538757e-7;-8.858943070435881e10;1.4073885314107542e6
3.0900000000000005e-13;-7.861301932787059e-6;1.250000000411651e-10;6.943824881919042e6;3.0477284258528646e-7;-8.874600048797496e10;1.4111212315079253e6
3.1000000000000004e-13;-7.85435810790514e-6;1.2500000004146985e-10;6.9438248818302965e6;3.061839638167944e-7;-8.89029857124126e10;1.4148671431919616e6
3.1100000000000004e-13;-7.84741428302331e-6;1.2500000004177604e-10;6.943824881741393e6;3.0759883095998635e-7;-8.906038784874191e10;1.4186263249662898e6
3.1200000000000003e-13;-7.84047045814157e-6;1.2500000004208365e-10;6.943824881652333e6;3.090174572849526e-7;-8.92182083745502e10;1.4223988356454866e6
3.1300000000000003e-13;-7.833526633259917e-6;1.2500000004239268e-10;6.943824881563115e6;3.104398561205981e-7;-8.93764487739763e10;1.4261847343572127e6
3.14e-13;-7.826582808378354e-6;1.2500000004270313e-10;6.943824881473739e6;3.118660408549553e-7;-8.953511053774585e10;1.4299840805441611e6
3.15e-13;-7.819638983496882e-6;1.25000000043015e-10;6.943824881384203e6;3.1329602493549946e-7;-8.969419516320613e10;1.4337969339660162e6
3.16e-13;-7.812695158615497e-6;1.250000000433283e-10;6.943824881294509e6;3.147298218694655e-7;-8.985370415436163e10;1.4376233547014275e6
3.17e-13;-7.805751333734202e-6;1.2500000004364304e-10;6.943824881204655e6;3.1616744522416695e-7;-9.001363902190933e10;1.4414634031499976e6
3.18e-13;-7.798807508852996e-6;1.250000000439592e-10;6.943824881114642e6;3.1760890862731695e-7;-9.017400128327463e10;1.4453171400342833e6
3.19e-13;-7.791863683971881e-6;1.2500000004427681e-10;6.943824881024468e6;3.1905422576735125e-7;-9.033479246264732e10;1.449184626401814e6
3.2000000000000005e-13;-7.784919859090857e-6;1.2500000004459587e-10;6.943824880934133e6;3.205034103937531e-7;-9.049601409101776e10;1.4530659236271207e6
3.2100000000000005e-13;-7.777976034209923e-6;1.2500000004491638e-10;6.9438248808436375e6;3.219564763173802e-7;-9.065766770621346e10;1.4569610934137842e6
3.2200000000000004e-13;-7.771032209329078e-6;1.2500000004523833e-10;6.94382488075298e6;3.2341343741079397e-7;-9.081975485293558e10;1.4608701977964924e6
3.2300000000000004e-13;-7.764088384448325e-6;1.2500000004556174e-10;6.94382488066216e6;3.2487430760859045e-7;-9.09822770827959e10;1.4647932991431146e6
3.2400000000000003e-13;-7.757144559567664e-6;1.250000000458866e-10;6.943824880571178e6;3.2633910090773357e-7;-9.114523595435385e10;1.4687304601567928e6
3.2500000000000003e-13;-7.750200734687092e-6;1.2500000004621296e-10;6.943824880480033e6;3.278078313678904e-7;-9.13086330331541e10;1.4726817438780465e6
3.26e-13;-7.743256909806612e-6;1.2500000004654076e-10;6.943824880388725e6;3.2928051311176844e-7;-9.147246989176402e10;1.4766472136868911e6
3.27e-13;-7.736313084926223e-6;1.2500000004687003e-10;6.943824880297252e6;3.307571603254553e-7;-9.16367481098116e10;1.4806269333049753e6
3.28e-13;-7.729369260045926e-6;1.250000000472008e-10;6.943824880205615e6;3.322377872587603e-7;-9.180146927402327e10;1.4846209667977267e6
3.29e-13;-7.72242543516572e-6;1.2500000004753304e-10;6.943824880113814e6;3.33722408225558e-7;-9.196663497826257e10;1.4886293785765222e6
3.3e-13;-7.715481610285606e-6;1.2500000004786675e-10;6.943824880021848e6;3.352110376041345e-7;-9.213224682356848e10;1.4926522334008676e6
3.31e-13;-7.708537785405585e-6;1.2500000004820197e-10;6.943824879929716e6;3.3670368983753536e-7;-9.229830641819417e10;1.4966895963805926e6
3.3200000000000005e-13;-7.701593960525655e-6;1.2500000004853868e-10;6.943824879837417e6;3.3820037943391597e-7;-9.246481537764633e10;1.5007415329780695e6
3.3300000000000005e-13;-7.694650135645817e-6;1.2500000004887687e-10;6.943824879744953e6;3.3970112096689403e-7;-9.263177532472435e10;1.5048081090104384e6
3.3400000000000004e-13;-7.687706310766072e-6;1.2500000004921658e-10;6.94382487965232e6;3.4120592907590445e-7;-9.279918788955952e10;1.5088893906518498e6
3.3500000000000004e-13;-7.68076248588642e-6;1.250000000495578e-10;6.943824879559522e6;3.427148184665563e-7;-9.296705470965517e10;1.5129854444357287e6
3.3600000000000003e-13;-7.67381866100686e-6;1.250000000499005e-10;6.943824879466554e6;3.4422780391099206e-7;-9.313537742992688e10;1.5170963372570572e6
3.3700000000000003e-13;-7.666874836127393e-6;1.2500000005024474e-10;6.943824879373419e6;3.457449002482491e-7;-9.330415770274225e10;1.5212221363746587e6
3.38e-13;-7.659931011248019e-6;1.2500000005059048e-10;6.943824879280115e6;3.4726612238462376e-7;-9.347339718796188e10;1.5253629094135168e6
3.39e-13;-7.652987186368738e-6;1.2500000005093774e-10;6.943824879186641e6;3.487914852940373e-7;-9.364309755297989e10;1.5295187243670975e6
3.4e-13;-7.646043361489552e-6;1.2500000005128652e-10;6.943824879092998e6;3.503210040184044e-7;-9.381326047276534e10;1.5336896495997e6
3.41e-13;-7.63909953661046e-6;1.2500000005163684e-10;6.943824878999185e6;3.518546936680041e-7;-9.398388762990327e10;1.5378757538488146e6
3.42e-13;-7.63215571173146e-6;1.250000000519887e-10;6.943824878905201e6;3.533925694218529e-7;-9.415498071463623e10;1.5420771062274985e6
3.43e-13;-7.625211886852554e-6;1.2500000005234208e-10;6.9438248788110465e6;3.549346465280804e-7;-9.43265414249066e10;1.5462937762267808e6
3.4400000000000005e-13;-7.618268061973744e-6;1.2500000005269702e-10;6.94382487871672e6;3.5648094030430717e-7;-9.449857146639804e10;1.5505258337180654e6
3.4500000000000004e-13;-7.611324237095027e-6;1.250000000530535e-10;6.943824878622222e6;3.5803146613802524e-7;-9.467107255257858e10;1.554773348955573e6
3.4600000000000004e-13;-7.604380412216405e-6;1.2500000005341155e-10;6.943824878527551e6;3.595862394869808e-7;-9.484404640474268e10;1.5590363925787802e6
3.4700000000000004e-13;-7.597436587337877e-6;1.2500000005377114e-10;6.943824878432707e6;3.611452758795596e-7;-9.501749475205467e10;1.563315035614897e6
3.4800000000000003e-13;-7.5904927624594444e-6;1.2500000005413228e-10;6.94382487833769e6;3.627085909151745e-7;-9.519141933159161e10;1.5676093494813412e6
3.4900000000000003e-13;-7.583548937581106e-6;1.25000000054495e-10;6.943824878242498e6;3.642762002646558e-7;-9.5365821888387e10;1.5719194059882523e6
3.5e-13;-7.576605112702864e-6;1.2500000005485927e-10;6.943824878147133e6;3.6584811967064407e-7;-9.554070417547429e10;1.576245277341002e6
3.51e-13;-7.569661287824717e-6;1.2500000005522512e-10;6.943824878051592e6;3.674243649479851e-7;-9.57160679539313e10;1.580587036142745e6
3.52e-13;-7.562717462946665e-6;1.2500000005559254e-10;6.943824877955876e6;3.690049519841278e-7;-9.58919149929243e10;1.5849447553969724e6
3.53e-13;-7.555773638068709e-6;1.2500000005596154e-10;6.9438248778599845e6;3.705898967395248e-7;-9.60682470697527e10;1.5893185085100897e6
3.54e-13;-7.5488298131908485e-6;1.2500000005633214e-10;6.943824877763917e6;3.721792152480349e-7;-9.624506596989389e10;1.5937083692940145e6
3.5500000000000005e-13;-7.541885988313085e-6;1.2500000005670432e-10;6.943824877667672e6;3.7377292361732895e-7;-9.642237348704857e10;1.5981144119687919e6
3.5600000000000005e-13;-7.534942163435417e-6;1.250000000570781e-10;6.943824877571249e6;3.753710380292977e-7;-9.660017142318613e10;1.6025367111652307e6
3.5700000000000004e-13;-7.527998338557845e-6;1.2500000005745347e-10;6.943824877474649e6;3.7697357474046293e-7;-9.67784615885905e10;1.6069753419275566e6
3.5800000000000004e-13;-7.52105451368037e-6;1.2500000005783043e-10;6.9438248773778705e6;3.785805500823905e-7;-9.695724580190622e10;1.611430379716088e6
3.5900000000000004e-13;-7.514110688802993e-6;1.2500000005820902e-10;6.943824877280913e6;3.801919804621066e-7;-9.713652589018466e10;1.6159019004099274e6
3.6000000000000003e-13;-7.507166863925712e-6;1.250000000585892e-10;6.943824877183776e6;3.8180788236251654e-7;-9.73163036889311e10;1.6203899803096808e6
3.6100000000000003e-13;-7.500223039048528e-6;1.25000000058971e-10;6.94382487708646e6;3.8342827234282623e-7;-9.74965810421512e10;1.6248946961401848e6
3.62e-13;-7.493279214171442e-6;1.2500000005935443e-10;6.943824876988963e6;3.850531670389664e-7;-9.767735980239868e10;1.6294161250532668e6
3.63e-13;-7.486335389294453e-6;1.2500000005973948e-10;6.943824876891286e6;3.866825831640197e-7;-9.78586418308227e10;1.6339543446305164e6
3.64e-13;-7.479391564417562e-6;1.2500000006012616e-10;6.943824876793427e6;3.8831653750865023e-7;-9.804042899721582e10;1.6385094328860831e6
3.65e-13;-7.472447739540769e-6;1.2500000006051447e-10;6.943824876695387e6;3.899550469415363e-7;-9.822272318006233e10;1.6430814682694913e6
3.66e-13;-7.465503914664073e-6;1.2500000006090444e-10;6.943824876597164e6;3.915981284098058e-7;-9.840552626658664e10;1.64767052966848e6
3.6700000000000005e-13;-7.458560089787476e-6;1.2500000006129603e-10;6.943824876498759e6;3.9324579893947427e-7;-9.858884015280194e10;1.6522766964118534e6
3.6800000000000005e-13;-7.451616264910977e-6;1.2500000006168928e-10;6.94382487640017e6;3.9489807563588614e-7;-9.87726667435599e10;1.656900048272374e6
3.6900000000000004e-13;-7.444672440034577e-6;1.2500000006208418e-10;6.943824876301398e6;3.965549756841585e-7;-9.895700795259962e10;1.6615406654696506e6
3.7000000000000004e-13;-7.437728615158275e-6;1.2500000006248073e-10;6.943824876202441e6;3.9821651634962814e-7;-9.914186570259784e10;1.6661986286730722e6
3.7100000000000003e-13;-7.430784790282072e-6;1.2500000006287894e-10;6.943824876103299e6;3.998827149783012e-7;-9.932724192521861e10;1.6708740190047426e6
3.7200000000000003e-13;-7.423840965405969e-6;1.2500000006327883e-10;6.943824876003971e6;4.0155358899730595e-7;-9.95131385611643e10;1.6755669180424565e6
3.7300000000000003e-13;-7.416897140529965e-6;1.2500000006368038e-10;6.943824875904459e6;4.0322915591534843e-7;-9.969955756022594e10;1.6802774078226814e6
3.74e-13;-7.4099533156540606e-6;1.250000000640836e-10;6.943824875804759e6;4.049094333231711e-7;-9.988650088133464e10;1.6850055708435758e6
3.75e-13;-7.403009490778256e-6;1.250000000644885e-10;6.943824875704872e6;4.065944388940147e-7;-1.0007397049261298e11;1.6897514900680187e6
3.76e-13;-7.396065665902551e-6;1.250000000648951e-10;6.943824875604798e6;4.082841903840827e-7;-1.0026196837142653e11;1.6945152489266654e6
3.77e-13;-7.389121841026947e-6;1.2500000006530338e-10;6.943824875504537e6;4.0997870563300936e-7;-1.0045049650443652e11;1.6992969313210344e6
3.78e-13;-7.382178016151442e-6;1.2500000006571336e-10;6.943824875404086e6;4.116780025643304e-7;-1.006395568876519e11;1.7040966216266032e6
3.7900000000000005e-13;-7.375234191276038e-6;1.2500000006612503e-10;6.943824875303446e6;4.13382099185957e-7;-1.008291515264823e11;1.708914404695938e6
3.8000000000000005e-13;-7.368290366400735e-6;1.2500000006653842e-10;6.943824875202618e6;4.150910135906529e-7;-1.0101928243579123e11;1.7137503658618452e6
3.8100000000000004e-13;-7.361346541525533e-6;1.250000000669535e-10;6.943824875101598e6;4.1680476395651475e-7;-1.0120995163994966e11;1.718604590940543e6
3.8200000000000004e-13;-7.354402716650431e-6;1.250000000673703e-10;6.943824875000388e6;4.185233685474553e-7;-1.0140116117288985e11;1.7234771662348623e6
3.8300000000000003e-13;-7.34745889177543e-6;1.2500000006778883e-10;6.943824874898987e6;4.2024684571369017e-7;-1.0159291307815945e11;1.7283681785374642e6
3.8400000000000003e-13;-7.340515066900531e-6;1.250000000682091e-10;6.943824874797394e6;4.2197521389222763e-7;-1.0178520940897641e11;1.733277715134092e6
3.8500000000000003e-13;-7.333571242025734e-6;1.2500000006863105e-10;6.943824874695608e6;4.237084916073617e-7;-1.0197805222828358e11;1.7382058638068356e6
3.86e-13;-7.326627417151038e-6;1.2500000006905475e-10;6.94382487459363e6;4.2544669747116856e-7;-1.0217144360880447e11;1.7431527128374376e6
3.87e-13;-7.319683592276445e-6;1.250000000694802e-10;6.943824874491459e6;4.27189850184006e-7;-1.0236538563309851e11;1.7481183510106055e6
3.88e-13;-7.312739767401953e-6;1.250000000699074e-10;6.943824874389093e6;4.2893796853501657e-7;-1.025598803936174e11;1.7531028676173599e6
3.89e-13;-7.305795942527564e-6;1.2500000007033634e-10;6.943824874286533e6;4.3069107140263396e-7;-1.0275492999276146e11;1.7581063524584102e6
3.9000000000000005e-13;-7.298852117653277e-6;1.2500000007076704e-10;6.943824874183779e6;4.3244917775509236e-7;-1.029505365429364e11;1.763128895847547e6
3.9100000000000005e-13;-7.291908292779093e-6;1.250000000711995e-10;6.943824874080828e6;4.342123066509399e-7;-1.0314670216661063e11;1.7681705886150703e6
3.9200000000000005e-13;-7.284964467905012e-6;1.2500000007163372e-10;6.943824873977682e6;4.35980477239555e-7;-1.0334342899637271e11;1.7732315221112345e6
3.9300000000000004e-13;-7.2780206430310345e-6;1.250000000720697e-10;6.943824873874338e6;4.3775370876166623e-7;-1.035407191749893e11;1.7783117882097252e6
3.9400000000000004e-13;-7.27107681815716e-6;1.2500000007250745e-10;6.943824873770798e6;4.3953202054987594e-7;-1.0373857485546388e11;1.7834114793111684e6
3.9500000000000003e-13;-7.2641329932833895e-6;1.25000000072947e-10;6.9438248736670595e6;4.413154320291871e-7;-1.0393699820109473e11;1.7885306883466477e6
3.9600000000000003e-13;-7.257189168409723e-6;1.2500000007338832e-10;6.943824873563122e6;4.4310396271753375e-7;-1.0413599138553488e11;1.7936695087812708e6
3.97e-13;-7.2502453435361595e-6;1.2500000007383144e-10;6.943824873458986e6;4.4489763222631503e-7;-1.0433555659285115e11;1.798828034617749e6
3.98e-13;-7.2433015186627e-6;1.2500000007427633e-10;6.943824873354651e6;4.466964602609328e-7;-1.045356960175841e11;1.804006360400007e6
3.99e-13;-7.236357693789345e-6;1.2500000007472303e-10;6.943824873250116e6;4.4850046662133283e-7;-1.047364118648087e11;1.8092045812168263e6
4.0e-13;-7.2294138689160955e-6;1.2500000007517155e-10;6.943824873145379e6;4.5030967120254965e-7;-1.0493770635019469e11;1.8144227927055068e6
4.01e-13;-7.22247004404295e-6;1.2500000007562187e-10;6.943824873040441e6;4.5212409399525516e-7;-1.0513958170006776e11;1.8196610910555641e6
4.0200000000000005e-13;-7.215526219169909e-6;1.25000000076074e-10;6.943824872935302e6;4.539437550863107e-7;-1.0534204015147144e11;1.8249195730124544e6
4.0300000000000005e-13;-7.208582394296973e-6;1.2500000007652794e-10;6.94382487282996e6;4.5576867465932316e-7;-1.0554508395222876e11;1.8301983358813259e6
4.0400000000000005e-13;-7.2016385694241435e-6;1.2500000007698372e-10;6.943824872724415e6;4.575988729952045e-7;-1.0574871536100476e11;1.8354974775307984e6
4.0500000000000004e-13;-7.194694744551419e-6;1.250000000774413e-10;6.943824872618666e6;4.594343704727353e-7;-1.0595293664736908e11;1.8408170963967736e6
4.0600000000000004e-13;-7.1877509196788e-6;1.2500000007790075e-10;6.943824872512713e6;4.6127518756913205e-7;-1.0615775009185974e11;1.8461572914862807e6
4.0700000000000003e-13;-7.180807094806287e-6;1.2500000007836203e-10;6.943824872406555e6;4.6312134486061834e-7;-1.063631579860462e11;1.8515181623813377e6
4.0800000000000003e-13;-7.173863269933881e-6;1.2500000007882515e-10;6.943824872300192e6;4.6497286302299967e-7;-1.0656916263259378e11;1.8568998092428558e6
4.09e-13;-7.16691944506158e-6;1.2500000007929013e-10;6.943824872193622e6;4.668297628322425e-7;-1.067757663453283e11;1.8623023328145721e6
4.1e-13;-7.1599756201893865e-6;1.2500000007975697e-10;6.943824872086846e6;4.686920651650571e-7;-1.0698297144930066e11;1.8677258344270028e6
4.11e-13;-7.1530317953173e-6;1.2500000008022567e-10;6.943824871979863e6;4.705597909994841e-7;-1.0719078028085255e11;1.8731704160014382e6
4.12e-13;-7.146087970445319e-6;1.2500000008069623e-10;6.943824871872673e6;4.7243296141548554e-7;-1.0739919518768237e11;1.878636180053968e6
4.13e-13;-7.139144145573447e-6;1.2500000008116866e-10;6.943824871765274e6;4.743115975955395e-7;-1.0760821852891118e11;1.8841232296995271e6
4.1400000000000005e-13;-7.132200320701682e-6;1.2500000008164297e-10;6.943824871657666e6;4.7619572082523903e-7;-1.0781785267514992e11;1.8896316686559904e6
4.1500000000000005e-13;-7.125256495830024e-6;1.2500000008211916e-10;6.943824871549848e6;4.78085352493895e-7;-1.0802810000856628e11;1.8951616012482836e6
4.1600000000000004e-13;-7.118312670958474e-6;1.2500000008259725e-10;6.94382487144182e6;4.799805140951433e-7;-1.0823896292295247e11;1.9007131324125319e6
4.1700000000000004e-13;-7.111368846087033e-6;1.2500000008307722e-10;6.94382487133358e6;4.818812272275558e-7;-1.0845044382379337e11;1.9062863677002452e6
4.1800000000000004e-13;-7.104425021215699e-6;1.250000000835591e-10;6.94382487122513e6;4.837875135952561e-7;-1.0866254512833528e11;1.9118814132825325e6
4.1900000000000003e-13;-7.097481196344473e-6;1.250000000840429e-10;6.943824871116467e6;4.856993950085386e-7;-1.0887526926565463e11;1.9174983759543442e6
4.2000000000000003e-13;-7.090537371473357e-6;1.250000000845286e-10;6.9438248710075915e6;4.87616893384493e-7;-1.0908861867672786e11;1.923137363138758e6
4.21e-13;-7.083593546602349e-6;1.2500000008501624e-10;6.943824870898503e6;4.895400307476318e-7;-1.093025958145014e11;1.928798482891294e6
4.22e-13;-7.076649721731451e-6;1.2500000008550577e-10;6.9438248707892e6;4.914688292305231e-7;-1.0951720314396211e11;1.934481843904259e6
4.23e-13;-7.069705896860661e-6;1.2500000008599725e-10;6.943824870679683e6;4.934033110744274e-7;-1.097324431422081e11;1.940187555511129e6
4.24e-13;-7.062762071989981e-6;1.2500000008649066e-10;6.943824870569951e6;4.953434986299385e-7;-1.0994831829852051e11;1.94591572769097e6
4.2500000000000006e-13;-7.055818247119411e-6;1.25000000086986e-10;6.943824870460003e6;4.972894143576294e-7;-1.101648311144354e11;1.9516664710728866e6
4.2600000000000005e-13;-7.048874422248952e-6;1.250000000874833e-10;6.9438248703498375e6;4.992410808287023e-7;-1.1038198410381604e11;1.9574398969405098e6
4.2700000000000005e-13;-7.041930597378602e-6;1.2500000008798253e-10;6.943824870239455e6;5.011985207256427e-7;-1.105997797929261e11;1.9632361172365197e6
4.2800000000000004e-13;-7.034986772508362e-6;1.2500000008848372e-10;6.943824870128855e6;5.031617568428793e-7;-1.1081822072050304e11;1.9690552445672026e6
4.2900000000000004e-13;-7.028042947638234e-6;1.2500000008898688e-10;6.943824870018037e6;5.051308120874465e-7;-1.1103730943783206e11;1.9748973922070463e6
4.3000000000000004e-13;-7.021099122768216e-6;1.25000000089492e-10;6.943824869907e6;5.071057094796535e-7;-1.1125704850882065e11;1.98076267410337e6
4.3100000000000003e-13;-7.014155297898309e-6;1.2500000008999912e-10;6.943824869795743e6;5.090864721537569e-7;-1.1147744051007349e11;1.9866512048809903e6
4.3200000000000003e-13;-7.007211473028514e-6;1.250000000905082e-10;6.943824869684266e6;5.110731233586379e-7;-1.1169848803096825e11;1.992563099846929e6
4.33e-13;-7.00026764815883e-6;1.2500000009101927e-10;6.943824869572568e6;5.130656864584848e-7;-1.119201936737313e11;1.99849847499515e6
4.34e-13;-6.993323823289257e-6;1.2500000009153232e-10;6.943824869460648e6;5.150641849334799e-7;-1.1214256005351448e11;2.0044574470113416e6
4.35e-13;-6.9863799984197965e-6;1.250000000920474e-10;6.9438248693485055e6;5.170686423804913e-7;-1.1236558979847226e11;2.010440133277734e6
4.36e-13;-6.979436173550448e-6;1.2500000009256447e-10;6.94382486923614e6;5.190790825137691e-7;-1.1258928554983931e11;2.0164466518779544e6
4.3700000000000006e-13;-6.972492348681212e-6;1.2500000009308355e-10;6.94382486912355e6;5.21095529165647e-7;-1.1281364996200865e11;2.0224771216019182e6
4.3800000000000005e-13;-6.965548523812089e-6;1.2500000009360464e-10;6.943824869010736e6;5.231180062872489e-7;-1.1303868570261063e11;2.0285316619507708e6
4.3900000000000005e-13;-6.9586046989430785e-6;1.2500000009412776e-10;6.943824868897698e6;5.251465379491996e-7;-1.1326439545259187e11;2.034610393141851e6
4.4000000000000004e-13;-6.951660874074181e-6;1.2500000009465292e-10;6.943824868784433e6;5.271811483423415e-7;-1.1349078190629544e11;2.0407134361137105e6
4.4100000000000004e-13;-6.944717049205396e-6;1.250000000951801e-10;6.943824868670942e6;5.292218617784552e-7;-1.1371784777154102e11;2.0468409125311633e6
4.4200000000000004e-13;-6.937773224336725e-6;1.250000000957093e-10;6.943824868557224e6;5.312687026909864e-7;-1.1394559576970605e11;2.052992944790381e6
4.4300000000000003e-13;-6.930829399468168e-6;1.2500000009624056e-10;6.943824868443279e6;5.333216956357768e-7;-1.1417402863580719e11;2.0591696560240255e6
4.4400000000000003e-13;-6.923885574599725e-6;1.2500000009677388e-10;6.943824868329105e6;5.353808652918008e-7;-1.1440314911858244e11;2.0653711701064266e6
4.45e-13;-6.9169417497313955e-6;1.2500000009730928e-10;6.943824868214702e6;5.374462364619072e-7;-1.1463295998057372e11;2.0715976116587946e6
4.46e-13;-6.909997924863181e-6;1.250000000978467e-10;6.943824868100069e6;5.395178340735661e-7;-1.1486346399821037e11;2.0778491060544853e6
4.47e-13;-6.903054099995081e-6;1.2500000009838624e-10;6.943824867985206e6;5.415956831796206e-7;-1.1509466396189291e11;2.084125779424298e6
4.48e-13;-6.896110275127096e-6;1.2500000009892784e-10;6.943824867870111e6;5.436798089590449e-7;-1.1532656267607733e11;2.090427758661819e6
4.4900000000000006e-13;-6.889166450259225e-6;1.2500000009947153e-10;6.943824867754784e6;5.457702367177067e-7;-1.1555916295936043e11;2.0967551714288115e6
4.5000000000000005e-13;-6.882222625391471e-6;1.2500000010001728e-10;6.943824867639225e6;5.478669918891356e-7;-1.1579246764456514e11;2.103108146160643e6
4.5100000000000005e-13;-6.875278800523832e-6;1.2500000010056516e-10;6.943824867523433e6;5.499701000352962e-7;-1.1602647957882709e11;2.109486812071765e6
4.5200000000000004e-13;-6.8683349756563085e-6;1.2500000010111513e-10;6.943824867407407e6;5.520795868473679e-7;-1.1626120162368118e11;2.1158912991612265e6
4.5300000000000004e-13;-6.8613911507889014e-6;1.2500000010166723e-10;6.943824867291145e6;5.541954781465291e-7;-1.1649663665514935e11;2.122321738218241e6
4.5400000000000003e-13;-6.85444732592161e-6;1.250000001022214e-10;6.943824867174649e6;5.563177998847474e-7;-1.1673278756382854e11;2.128778260827798e6
4.550000000000001e-13;-6.847503501054435e-6;1.2500000010277774e-10;6.943824867057916e6;5.584465781455751e-7;-1.1696965725497922e11;2.1352609993763105e6
4.560000000000001e-13;-6.840559676187377e-6;1.250000001033362e-10;6.943824866940946e6;5.605818391449514e-7;-1.1720724864861508e11;2.1417700870573204e6
4.570000000000001e-13;-6.833615851320436e-6;1.2500000010389676e-10;6.943824866823739e6;5.627236092320088e-7;-1.1744556467959285e11;2.148305657877245e6
4.580000000000001e-13;-6.8266720264536126e-6;1.2500000010445948e-10;6.943824866706294e6;5.64871914889886e-7;-1.1768460829770287e11;2.154867846661168e6
4.590000000000001e-13;-6.819728201586906e-6;1.2500000010502434e-10;6.943824866588609e6;5.670267827365471e-7;-1.1792438246776065e11;2.1614567890586876e6
4.600000000000001e-13;-6.812784376720317e-6;1.2500000010559137e-10;6.943824866470685e6;5.691882395256059e-7;-1.1816489016969843e11;2.168072621549794e6
4.610000000000001e-13;-6.805840551853847e-6;1.2500000010616055e-10;6.94382486635252e6;5.713563121471556e-7;-1.1840613439865799e11;2.1747154814508134e6
4.620000000000001e-13;-6.798896726987494e-6;1.250000001067319e-10;6.943824866234113e6;5.735310276286064e-7;-1.1864811816508386e11;2.1813855069203936e6
4.63e-13;-6.79195290212126e-6;1.2500000010730542e-10;6.943824866115466e6;5.757124131355268e-7;-1.1889084449481725e11;2.1880828369655353e6
4.64e-13;-6.785009077255145e-6;1.2500000010788114e-10;6.943824865996575e6;5.779004959724924e-7;-1.1913431642919058e11;2.1948076114476766e6
4.65e-13;-6.778065252389148e-6;1.2500000010845902e-10;6.943824865877441e6;5.8009530358394e-7;-1.193785370251229e11;2.2015599710888276e6
4.66e-13;-6.771121427523271e-6;1.250000001090391e-10;6.943824865758062e6;5.822968635550289e-7;-1.1962350935521562e11;2.208340057477754e6
4.67e-13;-6.764177602657513e-6;1.2500000010962142e-10;6.943824865638439e6;5.845052036125067e-7;-1.198692365078492e11;2.215148013076209e6
4.68e-13;-6.7572337777918745e-6;1.2500000011020593e-10;6.943824865518569e6;5.867203516255829e-7;-1.2011572158728079e11;2.2219839812252256e6
4.69e-13;-6.750289952926356e-6;1.2500000011079266e-10;6.943824865398454e6;5.889423356068082e-7;-1.2036296771374187e11;2.2288481061514495e6
4.7e-13;-6.7433461280609575e-6;1.250000001113816e-10;6.94382486527809e6;5.911711837129596e-7;-1.2061097802353722e11;2.2357405329735307e6
4.71e-13;-6.736402303195679e-6;1.2500000011197278e-10;6.943824865157479e6;5.934069242459332e-7;-1.2085975566914423e11;2.242661407708564e6
4.72e-13;-6.729458478330522e-6;1.2500000011256618e-10;6.94382486503662e6;5.956495856536417e-7;-1.2110930381931337e11;2.2496108772785915e6
4.73e-13;-6.722514653465485e-6;1.2500000011316183e-10;6.943824864915511e6;5.978991965309203e-7;-1.2135962565916862e11;2.2565890895171463e6
4.74e-13;-6.71557082860057e-6;1.2500000011375973e-10;6.943824864794151e6;6.001557856204375e-7;-1.2161072439030963e11;2.26359619317586e6
4.75e-13;-6.708627003735776e-6;1.2500000011435987e-10;6.94382486467254e6;6.024193818136133e-7;-1.2186260323091374e11;2.27063233793112e6
4.76e-13;-6.701683178871103e-6;1.250000001149623e-10;6.943824864550677e6;6.046900141515445e-7;-1.221152654158393e11;2.2776976743907863e6
4.77e-13;-6.6947393540065525e-6;1.25000000115567e-10;6.943824864428562e6;6.069677118259352e-7;-1.2236871419672919e11;2.2847923541009543e6
4.780000000000001e-13;-6.687795529142124e-6;1.2500000011617396e-10;6.943824864306194e6;6.092525041800361e-7;-1.2262295284211595e11;2.291916529552791e6
4.790000000000001e-13;-6.6808517042778175e-6;1.250000001167832e-10;6.943824864183571e6;6.115444207095889e-7;-1.2287798463752664e11;2.299070354189408e6
4.800000000000001e-13;-6.673907879413634e-6;1.2500000011739475e-10;6.943824864060693e6;6.138434910637784e-7;-1.2313381288558945e11;2.3062539824128123e6
4.810000000000001e-13;-6.666964054549574e-6;1.250000001180086e-10;6.94382486393756e6;6.161497450461912e-7;-1.2339044090614029e11;2.3134675695908964e6
4.820000000000001e-13;-6.660020229685636e-6;1.2500000011862474e-10;6.94382486381417e6;6.184632126157821e-7;-1.2364787203633061e11;2.3207112720644954e6
4.830000000000001e-13;-6.653076404821822e-6;1.250000001192432e-10;6.943824863690522e6;6.207839238878466e-7;-1.2390610963073601e11;2.327985247154509e6
4.840000000000001e-13;-6.646132579958132e-6;1.2500000011986398e-10;6.943824863566616e6;6.231119091350011e-7;-1.2416515706146524e11;2.3352896531690704e6
4.850000000000001e-13;-6.639188755094565e-6;1.2500000012048708e-10;6.943824863442451e6;6.254471987881702e-7;-1.2442501771827051e11;2.342624649410784e6
4.86e-13;-6.632244930231123e-6;1.2500000012111254e-10;6.943824863318026e6;6.277898234375809e-7;-1.2468569500865834e11;2.34999039618402e6
4.87e-13;-6.625301105367805e-6;1.2500000012174031e-10;6.943824863193341e6;6.301398138337649e-7;-1.2494719235800134e11;2.3573870548022767e6
4.88e-13;-6.618357280504612e-6;1.2500000012237045e-10;6.943824863068393e6;6.324972008885672e-7;-1.2520951320965045e11;2.364814787595591e6
4.89e-13;-6.611413455641544e-6;1.2500000012300295e-10;6.943824862943184e6;6.348620156761628e-7;-1.2547266102504857e11;2.3722737579180277e6
4.9e-13;-6.6044696307786005e-6;1.2500000012363782e-10;6.943824862817711e6;6.372342894340809e-7;-1.257366392838447e11;2.3797641301552174e6
4.91e-13;-6.597525805915783e-6;1.2500000012427505e-10;6.943824862691974e6;6.396140535642361e-7;-1.2600145148400891e11;2.387286069731972e6
4.92e-13;-6.590581981053091e-6;1.2500000012491467e-10;6.943824862565973e6;6.420013396339681e-7;-1.2626710114194823e11;2.394839743119948e6
4.93e-13;-6.583638156190525e-6;1.2500000012555667e-10;6.943824862439706e6;6.443961793770881e-7;-1.2653359179262349e11;2.402425317845392e6
4.94e-13;-6.576694331328085e-6;1.2500000012620107e-10;6.943824862313173e6;6.467986046949335e-7;-1.2680092698966672e11;2.4100429624969373e6
4.95e-13;-6.5697505064657716e-6;1.2500000012684787e-10;6.943824862186372e6;6.492086476574304e-7;-1.2706911030549973e11;2.4176928467334737e6
4.96e-13;-6.562806681603586e-6;1.2500000012749708e-10;6.943824862059304e6;6.516263405041639e-7;-1.2733814533145345e11;2.425375141292083e6
4.97e-13;-6.555862856741527e-6;1.2500000012814872e-10;6.943824861931966e6;6.54051715645456e-7;-1.2760803567788832e11;2.433090017996045e6
4.98e-13;-6.548919031879595e-6;1.2500000012880276e-10;6.943824861804358e6;6.56484805663452e-7;-1.2787878497431512e11;2.440837649762902e6
4.99e-13;-6.541975207017791e-6;1.2500000012945925e-10;6.943824861676479e6;6.589256433132149e-7;-1.2815039686951714e11;2.4486182106126e6
5.0e-13;-6.535031382156115e-6;1.2500000013011818e-10;6.943824861548329e6;6.613742615238275e-7;-1.2842287503167319e11;2.456431875675699e6
5.010000000000001e-13;-6.528087557294567e-6;1.2500000013077956e-10;6.943824861419906e6;6.638306933995032e-7;-1.2869622314848134e11;2.4642788212016486e6
5.020000000000001e-13;-6.521143732433146e-6;1.250000001314434e-10;6.943824861291209e6;6.662949722207048e-7;-1.2897044492728366e11;2.4721592245671367e6
5.030000000000001e-13;-6.514199907571855e-6;1.250000001321097e-10;6.943824861162239e6;6.687671314452719e-7;-1.2924554409519212e11;2.480073264284513e6
5.040000000000001e-13;-6.507256082710693e-6;1.2500000013277847e-10;6.9438248610329935e6;6.712472047095565e-7;-1.2952152439921492e11;2.4880211200102754e6
5.050000000000001e-13;-6.50031225784966e-6;1.2500000013344973e-10;6.943824860903472e6;6.737352258295668e-7;-1.2979838960638449e11;2.496002972553641e6
5.060000000000001e-13;-6.493368432988756e-6;1.2500000013412347e-10;6.943824860773673e6;6.762312288021205e-7;-1.3007614350388567e11;2.5040190038851793e6
5.070000000000001e-13;-6.486424608127982e-6;1.2500000013479969e-10;6.943824860643597e6;6.787352478060057e-7;-1.3035478989918533e11;2.5120693971455237e6
5.080000000000001e-13;-6.479480783267339e-6;1.2500000013547841e-10;6.943824860513243e6;6.812473172031512e-7;-1.3063433262016296e11;2.520154336654164e6
5.090000000000001e-13;-6.4725369584068256e-6;1.2500000013615965e-10;6.943824860382608e6;6.837674715398053e-7;-1.3091477551524214e11;2.5282740079183048e6
5.1e-13;-6.465593133546443e-6;1.2500000013684342e-10;6.943824860251693e6;6.862957455477236e-7;-1.311961224535227e11;2.5364285976418015e6
5.11e-13;-6.4586493086861916e-6;1.2500000013752972e-10;6.943824860120497e6;6.888321741453654e-7;-1.3147837732491464e11;2.544618293734182e6
5.12e-13;-6.451705483826071e-6;1.2500000013821855e-10;6.943824859989018e6;6.913767924390995e-7;-1.3176154404027214e11;2.5528432853197367e6
5.13e-13;-6.444761658966082e-6;1.2500000013890992e-10;6.9438248598572565e6;6.939296357244193e-7;-1.3204562653152931e11;2.5611037627466866e6
5.14e-13;-6.437817834106224e-6;1.2500000013960385e-10;6.943824859725211e6;6.96490739487166e-7;-1.3233062875183656e11;2.5693999175964417e6
5.15e-13;-6.430874009246499e-6;1.2500000014030033e-10;6.94382485959288e6;6.990601394047625e-7;-1.3261655467569809e11;2.577731942692924e6
5.16e-13;-6.423930184386906e-6;1.250000001409994e-10;6.9438248594602635e6;7.016378713474554e-7;-1.3290340829911058e11;2.5861000321119847e6
5.17e-13;-6.416986359527446e-6;1.2500000014170104e-10;6.94382485932736e6;7.042239713795673e-7;-1.3319119363970293e11;2.594504381190899e6
5.18e-13;-6.410042534668118e-6;1.2500000014240525e-10;6.943824859194169e6;7.068184757607582e-7;-1.3347991473687646e11;2.6029451865379345e6
5.19e-13;-6.403098709808924e-6;1.2500000014311208e-10;6.943824859060689e6;7.094214209472962e-7;-1.3376957565194714e11;2.6114226460420154e6
5.2e-13;-6.396154884949864e-6;1.250000001438215e-10;6.943824858926919e6;7.120328435933382e-7;-1.340601804682882e11;2.619936958882463e6
5.21e-13;-6.389211060090937e-6;1.250000001445335e-10;6.943824858792859e6;7.146527805522206e-7;-1.3435173329147397e11;2.6284883255388257e6
5.22e-13;-6.382267235232144e-6;1.2500000014524817e-10;6.9438248586585075e6;7.172812688777594e-7;-1.346442382494252e11;2.6370769478007914e6
5.23e-13;-6.375323410373486e-6;1.2500000014596544e-10;6.943824858523863e6;7.199183458255602e-7;-1.349376994925547e11;2.6457030287781814e6
5.240000000000001e-13;-6.368379585514962e-6;1.2500000014668534e-10;6.943824858388926e6;7.225640488543384e-7;-1.3523212119391505e11;2.6543667729110485e6
5.250000000000001e-13;-6.361435760656573e-6;1.250000001474079e-10;6.943824858253694e6;7.252184156272494e-7;-1.3552750754934647e11;2.6630683859798396e6
5.260000000000001e-13;-6.354491935798319e-6;1.2500000014813314e-10;6.943824858118166e6;7.278814840132293e-7;-1.3582386277762689e11;2.6718080751156732e6
5.270000000000001e-13;-6.347548110940201e-6;1.2500000014886103e-10;6.943824857982342e6;7.305532920883449e-7;-1.3612119112062204e11;2.6805860488106813e6
5.280000000000001e-13;-6.3406042860822185e-6;1.250000001495916e-10;6.943824857846221e6;7.332338781371556e-7;-1.364194968434375e11;2.6894025169284595e6
5.290000000000001e-13;-6.333660461224372e-6;1.2500000015032483e-10;6.943824857709802e6;7.35923280654084e-7;-1.3671878423457169e11;2.698257690714607e6
5.300000000000001e-13;-6.3267166363666625e-6;1.2500000015106077e-10;6.943824857573083e6;7.386215383447986e-7;-1.370190576060698e11;2.7071517828073497e6
5.310000000000001e-13;-6.3197728115090894e-6;1.2500000015179939e-10;6.943824857436064e6;7.413286901276059e-7;-1.3732032129367935e11;2.7160850072482657e6
5.320000000000001e-13;-6.312828986651654e-6;1.2500000015254072e-10;6.943824857298743e6;7.440447751348542e-7;-1.3762257965700653e11;2.725057579493105e6
5.330000000000001e-13;-6.305885161794355e-6;1.2500000015328477e-10;6.9438248571611205e6;7.467698327143473e-7;-1.3792583707967422e11;2.7340697164227003e6
5.34e-13;-6.298941336937194e-6;1.2500000015403153e-10;6.943824857023194e6;7.4950390243077e-7;-1.3823009796948022e11;2.7431216363539705e6
5.35e-13;-6.29199751208017e-6;1.2500000015478104e-10;6.943824856884965e6;7.52247024067124e-7;-1.3853536675855826e11;2.7522135590510364e6
5.36e-13;-6.285053687223285e-6;1.2500000015553328e-10;6.94382485674643e6;7.54999237626175e-7;-1.3884164790353906e11;2.761345705736421e6
5.37e-13;-6.278109862366539e-6;1.250000001562883e-10;6.943824856607588e6;7.577605833319114e-7;-1.3914894588571265e11;2.77051829910235e6
5.38e-13;-6.271166037509931e-6;1.2500000015704604e-10;6.943824856468439e6;7.605311016310137e-7;-1.3945726521119284e11;2.77973156332216e6
5.39e-13;-6.264222212653463e-6;1.2500000015780658e-10;6.943824856328982e6;7.633108331943359e-7;-1.3976661041108218e11;2.7889857240618058e6
5.4e-13;-6.257278387797134e-6;1.2500000015856988e-10;6.943824856189216e6;7.660998189183977e-7;-1.4007698604163843e11;2.798281008491462e6
5.41e-13;-6.250334562940945e-6;1.2500000015933598e-10;6.943824856049138e6;7.688980999268893e-7;-1.4038839668444214e11;2.8076176452972367e6
5.42e-13;-6.243390738084896e-6;1.2500000016010487e-10;6.94382485590875e6;7.717057175721865e-7;-1.4070084694656604e11;2.8169958646929865e6
5.43e-13;-6.236446913228987e-6;1.2500000016087658e-10;6.943824855768049e6;7.745227134368794e-7;-1.410143414607455e11;2.826415898432242e6
5.44e-13;-6.229503088373219e-6;1.250000001616511e-10;6.943824855627035e6;7.773491293353117e-7;-1.4132888488554977e11;2.8358779798202245e6
5.45e-13;-6.222559263517592e-6;1.2500000016242845e-10;6.943824855485706e6;7.801850073151319e-7;-1.416444819055555e11;2.8453823437259863e6
5.46e-13;-6.215615438662106e-6;1.2500000016320864e-10;6.943824855344061e6;7.830303896588579e-7;-1.419611372315211e11;2.8549292265946576e6
5.470000000000001e-13;-6.208671613806762e-6;1.2500000016399167e-10;6.943824855202099e6;7.858853188854525e-7;-1.422788556005621e11;2.864518866459788e6
5.480000000000001e-13;-6.20172778895156e-6;1.2500000016477754e-10;6.94382485505982e6;7.887498377519123e-7;-1.4259764177632907e11;2.874151502955823e6
5.490000000000001e-13;-6.1947839640965e-6;1.2500000016556628e-10;6.943824854917223e6;7.916239892548681e-7;-1.4291750054918542e11;2.883827377330669e6
5.500000000000001e-13;-6.1878401392415826e-6;1.250000001663579e-10;6.943824854774306e6;7.945078166321988e-7;-1.4323843673638803e11;2.8935467324583894e6
5.510000000000001e-13;-6.180896314386808e-6;1.250000001671524e-10;6.943824854631067e6;7.974013633646572e-7;-1.43560455182268e11;2.9033098128519994e6
5.520000000000001e-13;-6.173952489532177e-6;1.250000001679498e-10;6.943824854487507e6;8.003046731775092e-7;-1.4388356075841403e11;2.9131168646763903e6
5.530000000000001e-13;-6.1670086646776895e-6;1.250000001687501e-10;6.943824854343623e6;8.032177900421856e-7;-1.442077583638561e11;2.922968135761358e6
5.540000000000001e-13;-6.160064839823346e-6;1.2500000016955332e-10;6.943824854199415e6;8.061407581779469e-7;-1.4453305292525174e11;2.932863875614762e6
5.550000000000001e-13;-6.153121014969147e-6;1.2500000017035946e-10;6.943824854054882e6;8.090736220535617e-7;-1.448594493970728e11;2.9428043354357905e6
5.560000000000001e-13;-6.1461771901150925e-6;1.2500000017116854e-10;6.943824853910022e6;8.120164263889975e-7;-1.4518695276179434e11;2.9527897681283555e6
5.57e-13;-6.139233365261183e-6;1.2500000017198055e-10;6.943824853764836e6;8.14969216157126e-7;-1.4551556803008444e11;2.962820428314597e6
5.58e-13;-6.132289540407418e-6;1.2500000017279553e-10;6.94382485361932e6;8.179320365854406e-7;-1.458453002409964e11;2.972896572348532e6
5.59e-13;-6.125345715553799e-6;1.2500000017361346e-10;6.943824853473475e6;8.209049331577892e-7;-1.4617615446216138e11;2.9830184583297973e6
5.6e-13;-6.118401890700326e-6;1.2500000017443436e-10;6.9438248533272995e6;8.238879516161189e-7;-1.4650813578998334e11;2.993186346117542e6
5.61e-13;-6.111458065846998e-6;1.2500000017525825e-10;6.943824853180791e6;8.268811379622365e-7;-1.468412493498354e11;3.0034004973444403e6
5.62e-13;-6.104514240993817e-6;1.2500000017608512e-10;6.94382485303395e6;8.298845384595809e-7;-1.4717550029625748e11;3.0136611754308194e6
5.63e-13;-6.097570416140783e-6;1.2500000017691502e-10;6.943824852886775e6;8.328981996350117e-7;-1.4751089381315573e11;3.023968645598932e6
5.64e-13;-6.0906265912878965e-6;1.250000001777479e-10;6.943824852739263e6;8.359221682806106e-7;-1.4784743511400375e11;3.034323174887355e6
5.65e-13;-6.0836827664351575e-6;1.2500000017858383e-10;6.943824852591416e6;8.38956491455498e-7;-1.4818512944204477e11;3.044725032165513e6
5.66e-13;-6.076738941582566e-6;1.250000001794228e-10;6.94382485244323e6;8.420012164876635e-7;-1.4852398207049634e11;3.0551744881483456e6
5.67e-13;-6.0697951167301225e-6;1.250000001802648e-10;6.943824852294707e6;8.450563909758118e-7;-1.4886399830275595e11;3.065671815411095e6
5.68e-13;-6.062851291877828e-6;1.2500000018110986e-10;6.943824852145842e6;8.481220627912229e-7;-1.4920518347260825e11;3.0762172884042407e6
5.69e-13;-6.055907467025682e-6;1.2500000018195798e-10;6.943824851996637e6;8.511982800796271e-7;-1.4954754294443497e11;3.0868111834685775e6
5.7e-13;-6.048963642173685e-6;1.2500000018280917e-10;6.94382485184709e6;8.542850912630957e-7;-1.4989108211342514e11;3.0974537788504073e6
5.710000000000001e-13;-6.042019817321838e-6;1.2500000018366347e-10;6.943824851697199e6;8.573825450419461e-7;-1.5023580640578766e11;3.1081453547168938e6
5.720000000000001e-13;-6.035075992470141e-6;1.2500000018452084e-10;6.943824851546964e6;8.60490690396663e-7;-1.5058172127896606e11;3.1188861931715524e6
5.730000000000001e-13;-6.0281321676185935e-6;1.2500000018538134e-10;6.943824851396382e6;8.636095765898344e-7;-1.509288322218542e11;3.1296765782698817e6
5.740000000000001e-13;-6.021188342767197e-6;1.2500000018624494e-10;6.943824851245453e6;8.667392531681044e-7;-1.5127714475501367e11;3.1405167960351305e6
5.750000000000001e-13;-6.014244517915951e-6;1.2500000018711167e-10;6.943824851094175e6;8.698797699641395e-7;-1.5162666443089407e11;3.1514071344742337e6
5.760000000000001e-13;-6.007300693064857e-6;1.2500000018798156e-10;6.943824850942548e6;8.730311770986138e-7;-1.519773968340535e11;3.162347883593869e6
5.770000000000001e-13;-6.000356868213915e-6;1.250000001888546e-10;6.943824850790571e6;8.761935249822076e-7;-1.5232934758138202e11;3.173339335416679e6
5.780000000000001e-13;-5.993413043363124e-6;1.2500000018973079e-10;6.943824850638242e6;8.793668643176243e-7;-1.5268252232232687e11;3.1843817839976475e6
5.790000000000001e-13;-5.9864692185124856e-6;1.2500000019061016e-10;6.94382485048556e6;8.825512461016219e-7;-1.530369267391183e11;3.195475525440603e6
5.800000000000001e-13;-5.979525393662e-6;1.250000001914927e-10;6.943824850332523e6;8.857467216270625e-7;-1.533925665469989e11;3.2066208579149083e6
5.81e-13;-5.972581568811667e-6;1.2500000019237846e-10;6.94382485017913e6;8.889533424849774e-7;-1.5374944749445392e11;3.2178180816722875e6
5.82e-13;-5.965637743961488e-6;1.2500000019326742e-10;6.943824850025381e6;8.921711605666497e-7;-1.5410757536344302e11;3.2290674990638033e6
5.83e-13;-5.958693919111463e-6;1.250000001941596e-10;6.943824849871273e6;8.954002280657135e-7;-1.54466955969635e11;3.2403694145570085e6
5.84e-13;-5.951750094261592e-6;1.2500000019505499e-10;6.943824849716806e6;8.986405974802705e-7;-1.548275951626439e11;3.2517241347532556e6
5.85e-13;-5.944806269411875e-6;1.2500000019595361e-10;6.943824849561978e6;9.018923216150237e-7;-1.5518949882626666e11;3.263131968405155e6
5.86e-13;-5.937862444562313e-6;1.250000001968555e-10;6.943824849406789e6;9.051554535834289e-7;-1.5555267287872342e11;3.2745932264342094e6
5.87e-13;-5.930918619712906e-6;1.2500000019776067e-10;6.943824849251237e6;9.084300468098631e-7;-1.5591712327289932e11;3.286108221948611e6
5.88e-13;-5.923974794863655e-6;1.250000001986691e-10;6.943824849095319e6;9.117161550318117e-7;-1.5628285599658856e11;3.297677270261202e6
5.89e-13;-5.91703097001456e-6;1.250000001995808e-10;6.943824848939037e6;9.150138323020729e-7;-1.5664987707274033e11;3.3093006889076103e6
5.9e-13;-5.910087145165621e-6;1.2500000020049582e-10;6.943824848782387e6;9.183231329909805e-7;-1.5701819255970657e11;3.3209787976645464e6
5.91e-13;-5.9031433203168385e-6;1.2500000020141414e-10;6.943824848625368e6;9.216441117886451e-7;-1.5738780855149222e11;3.3327119185682805e6
5.92e-13;-5.8961994954682135e-6;1.2500000020233578e-10;6.9438248484679805e6;9.249768237072134e-7;-1.5775873117800732e11;3.3445003759332965e6
5.93e-13;-5.889255670619745e-6;1.2500000020326075e-10;6.943824848310222e6;9.283213240831467e-7;-1.5813096660532095e11;3.3563444963711104e6
5.940000000000001e-13;-5.882311845771435e-6;1.2500000020418908e-10;6.943824848152091e6;9.316776685795178e-7;-1.5850452103591745e11;3.368244608809275e6
5.950000000000001e-13;-5.875368020923283e-6;1.2500000020512077e-10;6.943824847993586e6;9.350459131883271e-7;-1.5887940070895532e11;3.3802010445105694e6
5.960000000000001e-13;-5.868424196075289e-6;1.2500000020605582e-10;6.943824847834707e6;9.384261142328377e-7;-1.5925561190052713e11;3.3922141370923556e6
5.970000000000001e-13;-5.861480371227454e-6;1.2500000020699425e-10;6.943824847675452e6;9.4181832836993e-7;-1.5963316092392242e11;3.4042842225461286e6
5.980000000000001e-13;-5.854536546379779e-6;1.2500000020793608e-10;6.943824847515819e6;9.452226125924762e-7;-1.600120541298927e11;3.416411639257258e6
5.990000000000001e-13;-5.847592721532263e-6;1.250000002088813e-10;6.943824847355806e6;9.486390242317334e-7;-1.6039229790691827e11;3.4285967280249e6
6.000000000000001e-13;-5.8406488966849066e-6;1.2500000020982996e-10;6.943824847195414e6;9.520676209597583e-7;-1.6077389868147778e11;3.4408398320821184e6
6.010000000000001e-13;-5.833705071837711e-6;1.2500000021078202e-10;6.94382484703464e6;9.555084607918405e-7;-1.6115686291831955e11;3.4531412971161795e6
6.020000000000001e-13;-5.826761246990677e-6;1.2500000021173751e-10;6.943824846873483e6;9.589616020889566e-7;-1.6154119712073538e11;3.4655014712890573e6
6.030000000000001e-13;-5.819817422143804e-6;1.2500000021269647e-10;6.943824846711941e6;9.624271035602456e-7;-1.6192690783083682e11;3.4779207052581226e6
6.040000000000001e-13;-5.812873597297092e-6;1.250000002136589e-10;6.943824846550014e6;9.659050242655037e-7;-1.6231400162983353e11;3.490399352197035e6
6.05e-13;-5.8059297724505425e-6;1.2500000021462481e-10;6.9438248463877e6;9.693954236177007e-7;-1.6270248513831372e11;3.502937767816834e6
6.06e-13;-5.7989859476041545e-6;1.2500000021559422e-10;6.943824846224998e6;9.728983613855174e-7;-1.6309236501652765e11;3.5155363103872337e6
6.07e-13;-5.792042122757929e-6;1.250000002165671e-10;6.943824846061906e6;9.764138976959047e-7;-1.6348364796467285e11;3.528195340758119e6
6.08e-13;-5.785098297911867e-6;1.2500000021754352e-10;6.943824845898422e6;9.799420930366628e-7;-1.6387634072318198e11;3.5409152223812486e6
6.09e-13;-5.778154473065969e-6;1.2500000021852347e-10;6.943824845734546e6;9.83483008259044e-7;-1.6427045007301318e11;3.553696321332177e6
6.1e-13;-5.771210648220234e-6;1.2500000021950696e-10;6.943824845570276e6;9.870367045803762e-7;-1.6466598283594287e11;3.5665390063323705e6
6.11e-13;-5.7642668233746635e-6;1.25000000220494e-10;6.943824845405609e6;9.906032435867085e-7;-1.650629458748608e11;3.579443648771548e6
6.12e-13;-5.757322998529258e-6;1.250000002214846e-10;6.943824845240546e6;9.9418268723548e-7;-1.6546134609406793e11;3.5924106227302407e6
6.13e-13;-5.750379173684018e-6;1.250000002224788e-10;6.943824845075085e6;9.977750978582102e-7;-1.6586119043957648e11;3.605440305002556e6
6.14e-13;-5.743435348838943e-6;1.2500000022347658e-10;6.943824844909224e6;1.0013805381632126e-6;-1.6626248589941266e11;3.6185330751191755e6
6.15e-13;-5.736491523994034e-6;1.2500000022447796e-10;6.943824844742961e6;1.0049990712383318e-6;-1.6666523950392212e11;3.631689315370564e6
6.16e-13;-5.729547699149291e-6;1.2500000022548295e-10;6.943824844576296e6;1.0086307605537024e-6;-1.6706945832607822e11;3.6449094108304307e6
6.170000000000001e-13;-5.7226038743047145e-6;1.250000002264916e-10;6.943824844409227e6;1.012275669964533e-6;-1.6747514948179147e11;3.658193749379366e6
6.180000000000001e-13;-5.715660049460305e-6;1.2500000022750389e-10;6.943824844241752e6;1.0159338637139122e-6;-1.6788232013022403e11;3.6715427217287696e6
6.190000000000001e-13;-5.708716224616064e-6;1.2500000022851982e-10;6.94382484407387e6;1.019605406435641e-6;-1.682909774741044e11;3.6849567214449625e6
6.200000000000001e-13;-5.70177239977199e-6;1.2500000022953942e-10;6.943824843905579e6;1.023290363157086e-6;-1.6870112876004703e11;3.6984361449735733e6
6.210000000000001e-13;-5.6948285749280845e-6;1.2500000023056272e-10;6.943824843736879e6;1.0269887993020596e-6;-1.6911278127887262e11;3.711981391664126e6
6.220000000000001e-13;-5.687884750084348e-6;1.2500000023158972e-10;6.943824843567766e6;1.0307007806937236e-6;-1.6952594236593283e11;3.7255928637948968e6
6.230000000000001e-13;-5.68094092524078e-6;1.250000002326204e-10;6.94382484339824e6;1.0344263735575184e-6;-1.699406194014364e11;3.739270966597996e6
6.240000000000001e-13;-5.673997100397382e-6;1.2500000023365483e-10;6.9438248432283e6;1.0381656445241164e-6;-1.703568198107795e11;3.7530161082847137e6
6.250000000000001e-13;-5.667053275554154e-6;1.25000000234693e-10;6.9438248430579435e6;1.0419186606324012e-6;-1.7077455106487766e11;3.766828700071095e6
6.260000000000001e-13;-5.660109450711096e-6;1.250000002357349e-10;6.943824842887169e6;1.0456854893324723e-6;-1.7119382068050082e11;3.780709156203775e6
6.270000000000001e-13;-5.653165625868208e-6;1.250000002367806e-10;6.943824842715975e6;1.049466198488676e-6;-1.7161463622061212e11;3.7946578939860757e6
6.28e-13;-5.646221801025492e-6;1.2500000023783005e-10;6.94382484254436e6;1.0532608563826622e-6;-1.7203700529470837e11;3.808675333804341e6
6.29e-13;-5.639277976182948e-6;1.250000002388833e-10;6.943824842372323e6;1.0570695317164665e-6;-1.7246093555916452e11;3.822761899154559e6
6.3e-13;-5.632334151340576e-6;1.2500000023994037e-10;6.943824842199862e6;1.0608922936156212e-6;-1.728864347175802e11;3.8369180166692133e6
6.31e-13;-5.625390326498376e-6;1.2500000024100125e-10;6.943824842026976e6;1.0647292116322903e-6;-1.7331351052113013e11;3.8511441161444345e6
6.32e-13;-5.618446501656349e-6;1.25000000242066e-10;6.943824841853662e6;1.0685803557484347e-6;-1.737421707689166e11;3.8654406305673867e6
6.33e-13;-5.611502676814495e-6;1.2500000024313458e-10;6.94382484167992e6;1.0724457963790021e-6;-1.7417242330832623e11;3.8798079961439604e6
6.34e-13;-5.604558851972815e-6;1.2500000024420701e-10;6.943824841505748e6;1.0763256043751461e-6;-1.7460427603538846e11;3.8942466523267063e6
6.35e-13;-5.5976150271313096e-6;1.2500000024528333e-10;6.943824841331144e6;1.0802198510274728e-6;-1.7503773689513794e11;3.9087570418430683e6
6.36e-13;-5.590671202289978e-6;1.2500000024636355e-10;6.943824841156106e6;1.0841286080693158e-6;-1.7547281388198056e11;3.923339610723899e6
6.37e-13;-5.5837273774488225e-6;1.2500000024744768e-10;6.943824840980634e6;1.0880519476800396e-6;-1.7590951504006128e11;3.9379948083322407e6
6.38e-13;-5.576783552607842e-6;1.2500000024853573e-10;6.943824840804725e6;1.091989942488372e-6;-1.7634784846363632e11;3.9527230873924093e6
6.39e-13;-5.569839727767038e-6;1.250000002496277e-10;6.943824840628377e6;1.0959426655757643e-6;-1.7678782229744833e11;3.9675249040193683e6
6.400000000000001e-13;-5.5628959029264096e-6;1.2500000025072365e-10;6.94382484045159e6;1.0999101904797838e-6;-1.7722944473710434e11;3.9824007177483803e6
6.410000000000001e-13;-5.555952078085958e-6;1.2500000025182356e-10;6.94382484027436e6;1.1038925911975322e-6;-1.7767272402945822e11;3.997350991564987e6
6.420000000000001e-13;-5.5490082532456835e-6;1.2500000025292746e-10;6.943824840096687e6;1.107889942189097e-6;-1.7811766847299426e11;4.0123761919352403e6
6.430000000000001e-13;-5.5420644284055865e-6;1.2500000025403534e-10;6.94382483991857e6;1.1119023183810323e-6;-1.7856428641821735e11;4.0274767888362985e6
6.440000000000001e-13;-5.535120603565668e-6;1.2500000025514725e-10;6.943824839740005e6;1.1159297951698686e-6;-1.7901258626804337e11;4.0426532557872776e6
6.450000000000001e-13;-5.5281767787259285e-6;1.2500000025626317e-10;6.943824839560993e6;1.119972448425656e-6;-1.7946257647819504e11;4.057906069880437e6
6.460000000000001e-13;-5.521232953886368e-6;1.2500000025738315e-10;6.943824839381531e6;1.1240303544955365e-6;-1.799142655576005e11;4.0732357118126787e6
6.470000000000001e-13;-5.514289129046986e-6;1.2500000025850718e-10;6.943824839201617e6;1.1281035902073492e-6;-1.8036766206879587e11;4.088642665917366e6
6.480000000000001e-13;-5.507345304207785e-6;1.2500000025963528e-10;6.94382483902125e6;1.1321922328732665e-6;-1.8082277462833032e11;4.1041274201964377e6
6.490000000000001e-13;-5.500401479368763e-6;1.2500000026076748e-10;6.943824838840427e6;1.136296360293463e-6;-1.8127961190717633e11;4.1196904663528977e6
6.500000000000001e-13;-5.493457654529923e-6;1.2500000026190377e-10;6.943824838659147e6;1.140416050759816e-6;-1.8173818263114206e11;4.1353322998235794e6
6.510000000000001e-13;-5.486513829691264e-6;1.250000002630442e-10;6.9438248384774085e6;1.1445513830596395e-6;-1.821984955812883e11;4.1510534198122798e6
6.52e-13;-5.479570004852787e-6;1.2500000026418875e-10;6.94382483829521e6;1.1487024364794518e-6;-1.8266055959434888e11;4.166854329323217e6
6.53e-13;-5.4726261800144915e-6;1.2500000026533745e-10;6.94382483811255e6;1.152869290808775e-6;-1.831243835631544e11;4.1827355351948123e6
6.54e-13;-5.465682355176379e-6;1.250000002664903e-10;6.943824837929426e6;1.1570520263439699e-6;-1.8358997643706067e11;4.198697548133855e6
6.55e-13;-5.4587385303384495e-6;1.2500000026764735e-10;6.943824837745836e6;1.1612507238921037e-6;-1.8405734722237994e11;4.214740882749971e6
6.56e-13;-5.451794705500704e-6;1.250000002688086e-10;6.943824837561779e6;1.1654654647748536e-6;-1.845265049828168e11;4.23086605759048e6
6.57e-13;-5.444850880663142e-6;1.2500000026997408e-10;6.943824837377252e6;1.169696330832444e-6;-1.849974588399072e11;4.247073595175577e6
6.58e-13;-5.437907055825765e-6;1.2500000027114376e-10;6.943824837192254e6;1.1739434044276197e-6;-1.854702179734624e11;4.263364022033907e6
6.59e-13;-5.430963230988572e-6;1.2500000027231771e-10;6.943824837006784e6;1.1782067684496536e-6;-1.8594479162201544e11;4.279737868738463e6
6.6e-13;-5.424019406151565e-6;1.2500000027349593e-10;6.943824836820839e6;1.182486506318392e-6;-1.8642118908327338e11;4.296195669942899e6
6.61e-13;-5.417075581314744e-6;1.250000002746784e-10;6.943824836634418e6;1.1867827019883348e-6;-1.8689941971457236e11;4.31273796441818e6
6.62e-13;-5.41013175647811e-6;1.2500000027586518e-10;6.943824836447518e6;1.191095439952753e-6;-1.8737949293333676e11;4.32936529508962e6
6.63e-13;-5.403187931641663e-6;1.2500000027705627e-10;6.943824836260139e6;1.1954248052478426e-6;-1.878614182175432e11;4.3460782090743035e6
6.640000000000001e-13;-5.396244106805403e-6;1.250000002782517e-10;6.943824836072277e6;1.199770883456917e-6;-1.883452051061886e11;4.362877257718903e6
6.650000000000001e-13;-5.389300281969331e-6;1.2500000027945147e-10;6.943824835883932e6;1.2041337607146359e-6;-1.8883086319976144e11;4.3797629966378575e6
6.660000000000001e-13;-5.382356457133447e-6;1.2500000028065562e-10;6.943824835695101e6;1.2085135237112737e-6;-1.8931840216071857e11;4.396735985751968e6
6.670000000000001e-13;-5.375412632297752e-6;1.2500000028186413e-10;6.943824835505783e6;1.2129102596970256e-6;-1.898078317139661e11;4.4137967893274035e6
6.680000000000001e-13;-5.368468807462246e-6;1.2500000028307703e-10;6.943824835315974e6;1.217324056486353e-6;-1.902991616473434e11;4.430945976015068e6
6.690000000000001e-13;-5.36152498262693e-6;1.2500000028429436e-10;6.943824835125675e6;1.2217550024623681e-6;-1.9079240181211353e11;4.448184118890429e6
6.700000000000001e-13;-5.354581157791804e-6;1.250000002855161e-10;6.943824834934883e6;1.2262031865812585e-6;-1.912875621234564e11;4.465511795493721e6
6.710000000000001e-13;-5.347637332956869e-6;1.250000002867423e-10;6.943824834743596e6;1.2306686983767523e-6;-1.917846525609673e11;4.482929587870583e6
6.720000000000001e-13;-5.340693508122125e-6;1.2500000028797296e-10;6.943824834551811e6;1.235151627964623e-6;-1.9228368316915936e11;4.50043808261311e6
6.730000000000001e-13;-5.333749683287574e-6;1.2500000028920812e-10;6.943824834359528e6;1.239652066047236e-6;-1.9278466405797168e11;4.518037870901353e6
6.740000000000001e-13;-5.3268058584532146e-6;1.2500000029044778e-10;6.943824834166743e6;1.2441701039181373e-6;-1.9328760540328067e11;4.535729548545222e6
6.750000000000001e-13;-5.319862033619048e-6;1.2500000029169194e-10;6.943824833973455e6;1.2487058334666824e-6;-1.9379251744741745e11;4.553513716026864e6
6.76e-13;-5.312918208785074e-6;1.2500000029294065e-10;6.943824833779663e6;1.2532593471827092e-6;-1.9429941049968842e11;4.571390978543438e6
6.77e-13;-5.305974383951294e-6;1.250000002941939e-10;6.943824833585364e6;1.2578307381612526e-6;-1.948082949369026e11;4.5893619460503915e6
6.78e-13;-5.299030559117709e-6;1.2500000029545173e-10;6.943824833390555e6;1.262420100107303e-6;-1.953191812039015e11;4.607427233305137e6
6.79e-13;-5.2920867342843185e-6;1.2500000029671417e-10;6.9438248331952365e6;1.2670275273406082e-6;-1.9583207981409622e11;4.625587459911241e6
6.8e-13;-5.285142909451123e-6;1.250000002979812e-10;6.9438248329994045e6;1.2716531148005194e-6;-1.963470013500077e11;4.64384325036304e6
6.81e-13;-5.278199084618123e-6;1.2500000029925286e-10;6.9438248328030575e6;1.2762969580508825e-6;-1.9686395646381262e11;4.662195234090732e6
6.82e-13;-5.27125525978532e-6;1.2500000030052915e-10;6.943824832606194e6;1.2809591532849733e-6;-1.9738295587789444e11;4.680644045505962e6
6.83e-13;-5.264311434952714e-6;1.2500000030181012e-10;6.943824832408811e6;1.2856397973304793e-6;-1.979040103853995e11;4.699190324047873e6
6.84e-13;-5.257367610120306e-6;1.2500000030309576e-10;6.943824832210907e6;1.2903389876545272e-6;-1.9842713085079773e11;4.717834714229648e6
6.85e-13;-5.2504237852880945e-6;1.250000003043861e-10;6.943824832012479e6;1.2950568223687568e-6;-1.9895232821044965e11;4.7365778656855505e6
6.86e-13;-5.243479960456082e-6;1.2500000030568117e-10;6.943824831813527e6;1.2997934002344424e-6;-1.9947961347317725e11;4.755420433218448e6
6.870000000000001e-13;-5.2365361356242684e-6;1.2500000030698095e-10;6.943824831614047e6;1.3045488206676608e-6;-2.0000899772084143e11;4.774363076847868e6
6.880000000000001e-13;-5.229592310792654e-6;1.250000003082855e-10;6.943824831414038e6;1.3093231837445087e-6;-2.0054049210892416e11;4.793406461858541e6
6.890000000000001e-13;-5.22264848596124e-6;1.2500000030959482e-10;6.943824831213498e6;1.3141165902063674e-6;-2.010741078671159e11;4.812551258849459e6
6.900000000000001e-13;-5.215704661130027e-6;1.2500000031090892e-10;6.943824831012423e6;1.3189291414652169e-6;-2.0160985629990903e11;4.831798143783485e6
6.910000000000001e-13;-5.208760836299014e-6;1.2500000031222786e-10;6.943824830810813e6;1.3237609396090004e-6;-2.0214774878719647e11;4.851147798037459e6
6.920000000000001e-13;-5.201817011468203e-6;1.2500000031355163e-10;6.943824830608666e6;1.3286120874070379e-6;-2.0268779678487607e11;4.870600908452866e6
6.930000000000001e-13;-5.194873186637595e-6;1.2500000031488024e-10;6.9438248304059785e6;1.3334826883154907e-6;-2.0323001182546066e11;4.890158167387025e6
6.940000000000001e-13;-5.1879293618071885e-6;1.2500000031621373e-10;6.943824830202748e6;1.3383728464828777e-6;-2.0377440551869333e11;4.909820272764848e6
6.950000000000001e-13;-5.180985536976986e-6;1.250000003175521e-10;6.943824829998974e6;1.3432826667556427e-6;-2.0432098955216916e11;4.929587928131126e6
6.960000000000001e-13;-5.174041712146987e-6;1.250000003188954e-10;6.943824829794653e6;1.3482122546837737e-6;-2.0486977569196277e11;4.949461842703418e6
6.970000000000001e-13;-5.167097887317192e-6;1.250000003202436e-10;6.943824829589783e6;1.3531617165264772e-6;-2.0542077578326105e11;4.969442731425469e6
6.980000000000001e-13;-5.160154062487603e-6;1.2500000032159677e-10;6.943824829384362e6;1.3581311592579027e-6;-2.0597400175100287e11;4.989531315021234e6
6.990000000000001e-13;-5.153210237658218e-6;1.250000003229549e-10;6.943824829178388e6;1.363120690572924e-6;-2.0652946560052377e11;5.009728320049457e6
7.0e-13;-5.146266412829039e-6;1.25000000324318e-10;6.943824828971859e6;1.3681304188929734e-6;-2.070871794182075e11;5.0300344789588675e6
7.01e-13;-5.139322588000067e-6;1.2500000032568614e-10;6.943824828764772e6;1.3731604533719322e-6;-2.076471553721436e11;5.050450530143956e6
7.02e-13;-5.132378763171303e-6;1.250000003270593e-10;6.943824828557125e6;1.3782109039020762e-6;-2.0820940571279092e11;5.070977218001364e6
7.03e-13;-5.1254349383427455e-6;1.2500000032843752e-10;6.943824828348916e6;1.3832818811200775e-6;-2.0877394277364813e11;5.091615292986884e6
7.04e-13;-5.118491113514397e-6;1.250000003298208e-10;6.943824828140142e6;1.3883734964130644e-6;-2.093407789719289e11;5.112365511673063e6
7.05e-13;-5.1115472886862565e-6;1.2500000033120917e-10;6.943824827930802e6;1.3934858619247376e-6;-2.0990992680924634e11;5.133228636807473e6
7.06e-13;-5.104603463858325e-6;1.2500000033260266e-10;6.943824827720892e6;1.398619090561545e-6;-2.1048139887230103e11;5.154205437371564e6
7.07e-13;-5.097659639030604e-6;1.2500000033400127e-10;6.94382482751041e6;1.4037732959989166e-6;-2.1105520783357724e11;5.175296688640195e6
7.08e-13;-5.090715814203094e-6;1.2500000033540505e-10;6.943824827299355e6;1.4089485926875568e-6;-2.1163136645204596e11;5.196503172241819e6
7.09e-13;-5.083771989375795e-6;1.25000000336814e-10;6.943824827087724e6;1.4141450958597987e-6;-2.122098875738734e11;5.217825676219288e6
7.100000000000001e-13;-5.0768281645487074e-6;1.2500000033822814e-10;6.943824826875513e6;1.419362921536018e-6;-2.1279078413313782e11;5.239264995091379e6
7.110000000000001e-13;-5.069884339721832e-6;1.250000003396475e-10;6.943824826662723e6;1.4246021865311095e-6;-2.1337406915255176e11;5.26082192991494e6
7.120000000000001e-13;-5.062940514895169e-6;1.2500000034107211e-10;6.943824826449349e6;1.4298630084610245e-6;-2.1395975574419254e11;5.282497288347766e6
7.130000000000001e-13;-5.055996690068719e-6;1.2500000034250197e-10;6.943824826235388e6;1.4351455057493722e-6;-2.145478571102385e11;5.304291884712126e6
7.140000000000001e-13;-5.049052865242484e-6;1.2500000034393713e-10;6.943824826020841e6;1.4404497976340843e-6;-2.1513838654371356e11;5.326206540059024e6
7.150000000000001e-13;-5.0421090404164625e-6;1.250000003453776e-10;6.943824825805702e6;1.4457760041741434e-6;-2.1573135742923816e11;5.348242082233153e6
7.160000000000001e-13;-5.035165215590657e-6;1.2500000034682337e-10;6.943824825589971e6;1.4511242462563766e-6;-2.163267832437878e11;5.370399345938562e6
7.170000000000001e-13;-5.028221390765067e-6;1.250000003482745e-10;6.943824825373644e6;1.456494645602315e-6;-2.1692467755745837e11;5.392679172805052e6
7.180000000000001e-13;-5.021277565939693e-6;1.25000000349731e-10;6.943824825156719e6;1.4618873247751202e-6;-2.1752505403423993e11;5.415082411455326e6
7.190000000000001e-13;-5.014333741114536e-6;1.2500000035119288e-10;6.943824824939194e6;1.4673024071865756e-6;-2.181279264327973e11;5.4376099175728625e6
7.200000000000001e-13;-5.007389916289596e-6;1.250000003526602e-10;6.943824824721066e6;1.4727400171041485e-6;-2.187333086072577e11;5.460262553970535e6
7.210000000000001e-13;-5.0004460914648754e-6;1.2500000035413293e-10;6.943824824502333e6;1.4782002796581191e-6;-2.193412145080074e11;5.483041190660031e6
7.220000000000001e-13;-4.993502266640373e-6;1.2500000035561113e-10;6.943824824282992e6;1.4836833208487792e-6;-2.199516581824952e11;5.505946704922012e6
7.23e-13;-4.98655844181609e-6;1.250000003570948e-10;6.94382482406304e6;1.4891892675537012e-6;-2.2056465377604398e11;5.528979981377068e6
7.24e-13;-4.9796146169920274e-6;1.25000000358584e-10;6.943824823842476e6;1.4947182475350782e-6;-2.2118021553266968e11;5.552141912057461e6
7.25e-13;-4.972670792168185e-6;1.250000003600787e-10;6.943824823621296e6;1.5002703894471357e-6;-2.2179835779590964e11;5.575433396479681e6
7.26e-13;-4.9657269673445635e-6;1.2500000036157898e-10;6.943824823399498e6;1.5058458228436154e-6;-2.224190950096574e11;5.598855341717801e6
7.27e-13;-4.958783142521164e-6;1.2500000036308484e-10;6.943824823177079e6;1.5114446781853333e-6;-2.2304244171900687e11;5.622408662477661e6
7.28e-13;-4.951839317697987e-6;1.2500000036459628e-10;6.943824822954036e6;1.5170670868478108e-6;-2.2366841257110422e11;5.646094281171886e6
7.29e-13;-4.944895492875033e-6;1.2500000036611335e-10;6.943824822730368e6;1.5227131811289827e-6;-2.2429702231600848e11;5.6699131279957555e6
7.3e-13;-4.937951668052303e-6;1.2500000036763606e-10;6.943824822506071e6;1.5283830942569785e-6;-2.2492828580756033e11;5.693866141003911e6
7.31e-13;-4.931007843229797e-6;1.2500000036916443e-10;6.943824822281143e6;1.5340769603979824e-6;-2.2556221800425967e11;5.717954266187939e6
7.32e-13;-4.924064018407516e-6;1.2500000037069852e-10;6.94382482205558e6;1.5397949146641702e-6;-2.261988339701516e11;5.742178457554833e6
7.33e-13;-4.9171201935854605e-6;1.2500000037223831e-10;6.943824821829381e6;1.545537093121725e-6;-2.268381488757215e11;5.766539677206332e6
7.340000000000001e-13;-4.910176368763631e-6;1.2500000037378385e-10;6.943824821602543e6;1.5513036327989313e-6;-2.2748017799879883e11;5.791038895419174e6
7.350000000000001e-13;-4.9032325439420284e-6;1.2500000037533515e-10;6.943824821375063e6;1.5570946716943505e-6;-2.2812493672547e11;5.815677090726252e6
7.360000000000001e-13;-4.896288719120653e-6;1.2500000037689224e-10;6.943824821146938e6;1.5629103487850769e-6;-2.287724405509995e11;5.840455249998673e6
7.370000000000001e-13;-4.889344894299506e-6;1.2500000037845515e-10;6.943824820918165e6;1.5687508040350756e-6;-2.294227050807621e11;5.865374368528796e6
7.380000000000001e-13;-4.882401069478588e-6;1.250000003800239e-10;6.943824820688742e6;1.5746161784036044e-6;-2.3007574603118182e11;5.890435450114169e6
7.390000000000001e-13;-4.875457244657899e-6;1.250000003815985e-10;6.943824820458666e6;1.5805066138537185e-6;-2.307315792306825e11;5.915639507142451e6
7.400000000000001e-13;-4.86851341983744e-6;1.2500000038317902e-10;6.943824820227935e6;1.586422253360861e-6;-2.3139022062064658e11;5.940987560677293e6
7.410000000000001e-13;-4.861569595017212e-6;1.2500000038476545e-10;6.943824819996545e6;1.5923632409215382e-6;-2.3205168625638358e11;5.966480640545211e6
7.420000000000001e-13;-4.854625770197215e-6;1.2500000038635782e-10;6.943824819764493e6;1.5983297215620834e-6;-2.3271599230810956e11;5.99211978542346e6
7.430000000000001e-13;-4.84768194537745e-6;1.2500000038795614e-10;6.943824819531777e6;1.6043218413475069e-6;-2.3338315506193378e11;6.017906042928873e6
7.440000000000001e-13;-4.840738120557918e-6;1.2500000038956046e-10;6.943824819298394e6;1.6103397473904357e-6;-2.3405319092085797e11;6.043840469707779e6
7.450000000000001e-13;-4.83379429573862e-6;1.250000003911708e-10;6.943824819064341e6;1.6163835878601435e-6;-2.347261164057847e11;6.069924131526933e6
7.460000000000001e-13;-4.8268504709195555e-6;1.2500000039278719e-10;6.943824818829615e6;1.6224535119916703e-6;-2.3540194815653513e11;6.096158103365486e6
7.47e-13;-4.819906646100726e-6;1.2500000039440965e-10;6.943824818594213e6;1.6285496700950357e-6;-2.3608070293287802e11;6.122543469508012e6
7.48e-13;-4.8129628212821315e-6;1.250000003960382e-10;6.943824818358132e6;1.6346722135645437e-6;-2.3676239761556842e11;6.149081323638622e6
7.49e-13;-4.8060189964637735e-6;1.2500000039767285e-10;6.943824818121369e6;1.6408212948881824e-6;-2.3744704920739786e11;6.175772768936183e6
7.5e-13;-4.799075171645652e-6;1.2500000039931367e-10;6.943824817883922e6;1.6469970676571185e-6;-2.3813467483425424e11;6.202618918170615e6
7.51e-13;-4.792131346827768e-6;1.2500000040096066e-10;6.943824817645787e6;1.6531996865752891e-6;-2.3882529174619266e11;6.229620893800299e6
7.52e-13;-4.785187522010123e-6;1.2500000040261386e-10;6.943824817406962e6;1.6594293074690894e-6;-2.3951891731851755e11;6.256779828070654e6
7.53e-13;-4.778243697192716e-6;1.250000004042733e-10;6.943824817167443e6;1.6656860872971602e-6;-2.402155690528755e11;6.284096863113829e6
7.54e-13;-4.771299872375549e-6;1.2500000040593897e-10;6.943824816927227e6;1.671970184160274e-6;-2.4091526457835895e11;6.311573151049572e6
7.55e-13;-4.764356047558622e-6;1.2500000040761094e-10;6.943824816686312e6;1.6782817573113235e-6;-2.416180216526221e11;6.339209854087274e6
7.56e-13;-4.757412222741936e-6;1.250000004092892e-10;6.943824816444694e6;1.6846209671654108e-6;-2.4232385816300705e11;6.367008144629203e6
7.570000000000001e-13;-4.750468397925491e-6;1.2500000041097384e-10;6.94382481620237e6;1.69098797531004e-6;-2.4303279212768225e11;6.394969205374952e6
7.580000000000001e-13;-4.743524573109289e-6;1.2500000041266483e-10;6.943824815959338e6;1.697382944515415e-6;-2.4374484169679242e11;6.423094229427112e6
7.590000000000001e-13;-4.73658074829333e-6;1.250000004143622e-10;6.943824815715593e6;1.703806038744842e-6;-2.4446002515362033e11;6.4513844203981785e6
7.600000000000001e-13;-4.7296369234776146e-6;1.2500000041606601e-10;6.943824815471133e6;1.7102574231652402e-6;-2.4517836091576025e11;6.4798409925187295e6
7.610000000000001e-13;-4.722693098662143e-6;1.2500000041777626e-10;6.943824815225955e6;1.716737264157759e-6;-2.458998675363038e11;6.508465170746856e6
7.620000000000001e-13;-4.715749273846918e-6;1.25000000419493e-10;6.943824814980055e6;1.7232457293285057e-6;-2.46624563705038e11;6.537258190878908e6
7.630000000000001e-13;-4.708805449031938e-6;1.2500000042121625e-10;6.943824814733431e6;1.7297829875193847e-6;-2.4735246824965567e11;6.566221299661542e6
7.640000000000001e-13;-4.701861624217204e-6;1.2500000042294604e-10;6.943824814486078e6;1.7363492088190461e-6;-2.48083600136978e11;6.595355754905068e6
7.650000000000001e-13;-4.694917799402718e-6;1.250000004246824e-10;6.943824814237994e6;1.7429445645739512e-6;-2.4881797847419046e11;6.624662825598185e6
7.660000000000001e-13;-4.68797397458848e-6;1.2500000042642534e-10;6.943824813989176e6;1.7495692273995493e-6;-2.495556225100909e11;6.654143792024042e6
7.670000000000001e-13;-4.681030149774491e-6;1.250000004281749e-10;6.943824813739621e6;1.7562233711915732e-6;-2.502965516363512e11;6.683799945877695e6
7.680000000000001e-13;-4.674086324960751e-6;1.2500000042993114e-10;6.943824813489324e6;1.762907171137451e-6;-2.5104078538879126e11;6.713632590384958e6
7.690000000000001e-13;-4.667142500147262e-6;1.2500000043169404e-10;6.943824813238284e6;1.7696208037278359e-6;-2.5178834344866705e11;6.743643040422662e6
7.700000000000001e-13;-4.6601986753340235e-6;1.2500000043346366e-10;6.943824812986495e6;1.7763644467682585e-6;-2.52539245643972e11;6.773832622640379e6
7.71e-13;-4.6532548505210365e-6;1.2500000043524003e-10;6.943824812733956e6;1.783138279390899e-6;-2.5329351195075143e11;6.804202675583559e6
7.72e-13;-4.646311025708303e-6;1.2500000043702318e-10;6.943824812480662e6;1.7899424820664825e-6;-2.540511624944314e11;6.834754549818174e6
7.73e-13;-4.6393672008958225e-6;1.2500000043881312e-10;6.943824812226611e6;1.7967772366163006e-6;-2.548122175511605e11;6.865489608056837e6
7.74e-13;-4.632423376083596e-6;1.2500000044060988e-10;6.943824811971799e6;1.8036427262243574e-6;-2.555766975491677e11;6.896409225286465e6
7.75e-13;-4.625479551271624e-6;1.2500000044241353e-10;6.943824811716222e6;1.8105391354496439e-6;-2.5634462307013208e11;6.927514788897432e6
7.76e-13;-4.618535726459908e-6;1.2500000044422407e-10;6.9438248114598775e6;1.8174666502385413e-6;-2.5711601485056848e11;6.958807698814318e6
7.77e-13;-4.611591901648448e-6;1.2500000044604154e-10;6.943824811202762e6;1.8244254579373556e-6;-2.5789089378322763e11;6.990289367628209e6
7.78e-13;-4.604648076837245e-6;1.2500000044786596e-10;6.943824810944871e6;1.831415747304984e-6;-2.5866928091851038e11;7.02196122073062e6
7.79e-13;-4.5977042520263e-6;1.2500000044969737e-10;6.943824810686202e6;1.8384377085257146e-6;-2.594511974658978e11;7.053824696449012e6
7.800000000000001e-13;-4.590760427215614e-6;1.250000004515358e-10;6.94382481042675e6;1.8454915332221637e-6;-2.6023666479539587e11;7.0858812461839765e6
7.810000000000001e-13;-4.5838166024051875e-6;1.250000004533813e-10;6.943824810166514e6;1.8525774144683477e-6;-2.6102570443899515e11;7.118132334548053e6
7.820000000000001e-13;-4.576872777595021e-6;1.2500000045523387e-10;6.943824809905488e6;1.8596955468028956e-6;-2.618183380921474e11;7.150579439506289e6
7.830000000000001e-13;-4.569928952785116e-6;1.2500000045709355e-10;6.94382480964367e6;1.8668461262424019e-6;-2.6261458761525592e11;7.183224052518434e6
7.840000000000001e-13;-4.562985127975472e-6;1.250000004589604e-10;6.943824809381056e6;1.8740293502949203e-6;-2.6341447503518365e11;7.216067678682946e6
7.850000000000001e-13;-4.556041303166091e-6;1.2500000046083442e-10;6.943824809117641e6;1.8812454179736032e-6;-2.6421802254677557e11;7.2491118368826825e6
7.860000000000001e-13;-4.549097478356973e-6;1.2500000046271567e-10;6.943824808853423e6;1.8884945298104858e-6;-2.6502525251439954e11;7.282358059932449e6
7.870000000000001e-13;-4.54215365354812e-6;1.2500000046460417e-10;6.943824808588398e6;1.8957768878704183e-6;-2.6583618747350137e11;7.315807894728287e6
7.880000000000001e-13;-4.535209828739532e-6;1.2500000046649994e-10;6.943824808322562e6;1.9030926957651466e-6;-2.666508501321782e11;7.34946290239864e6
7.890000000000001e-13;-4.528266003931209e-6;1.2500000046840302e-10;6.943824808055911e6;1.910442158667545e-6;-2.674692633727681e11;7.383324658457349e6
7.900000000000001e-13;-4.521322179123154e-6;1.2500000047031347e-10;6.943824807788442e6;1.9178254833260025e-6;-2.68291450253457e11;7.417394752958552e6
7.910000000000001e-13;-4.514378354315365e-6;1.250000004722313e-10;6.94382480752015e6;1.925242878078961e-6;-2.6911743400990253e11;7.451674790653467e6
7.920000000000001e-13;-4.507434529507845e-6;1.2500000047415653e-10;6.943824807251032e6;1.9326945528696143e-6;-2.6994723805687592e11;7.486166391149133e6
7.930000000000001e-13;-4.500490704700594e-6;1.250000004760892e-10;6.943824806981085e6;1.9401807192607634e-6;-2.707808859899215e11;7.520871189069114e6
7.94e-13;-4.493546879893613e-6;1.250000004780294e-10;6.943824806710304e6;1.9477015904498326e-6;-2.7161840158703378e11;7.555790834216164e6
7.95e-13;-4.486603055086902e-6;1.250000004799771e-10;6.943824806438685e6;1.9552573812840487e-6;-2.724598088103532e11;7.590926991736948e6
7.96e-13;-4.479659230280464e-6;1.2500000048193234e-10;6.943824806166226e6;1.962848308275786e-6;-2.7330513180787973e11;7.626281342288764e6
7.97e-13;-4.472715405474297e-6;1.2500000048389519e-10;6.943824805892921e6;1.9704745896180745e-6;-2.7415439491520654e11;7.661855582208412e6
7.98e-13;-4.465771580668404e-6;1.2500000048586566e-10;6.943824805618767e6;1.9781364452002828e-6;-2.7500762265726984e11;7.69765142368306e6
7.99e-13;-4.458827755862786e-6;1.2500000048784378e-10;6.943824805343759e6;1.9858340966239657e-6;-2.7586483975012115e11;7.733670594923352e6
8.0e-13;-4.4518839310574415e-6;1.250000004898296e-10;6.943824805067894e6;1.993567767218889e-6;-2.767260711027161e11;7.769914840338595e6
8.01e-13;-4.4449401062523735e-6;1.2500000049182317e-10;6.943824804791168e6;2.0013376820592274e-6;-2.775913418187243e11;7.806385920714196e6
8.02e-13;-4.4379962814475824e-6;1.250000004938245e-10;6.943824804513577e6;2.0091440679799416e-6;-2.784606771983588e11;7.843085613391287e6
8.030000000000001e-13;-4.431052456643069e-6;1.2500000049583365e-10;6.943824804235117e6;2.016987153593333e-6;-2.7933410274022546e11;7.8800157124486165e6
8.040000000000001e-13;-4.424108631838834e-6;1.2500000049785063e-10;6.943824803955782e6;2.0248671693057815e-6;-2.802116441431929e11;7.917178028886754e6
8.050000000000001e-13;-4.417164807034878e-6;1.250000004998755e-10;6.9438248036755705e6;2.032784347334668e-6;-2.810933273082824e11;7.954574390814557e6
8.060000000000001e-13;-4.4102209822312025e-6;1.2500000050190828e-10;6.943824803394477e6;2.0407389217254827e-6;-2.8197917834057947e11;7.992206643638046e6
8.070000000000001e-13;-4.403277157427808e-6;1.2500000050394902e-10;6.943824803112498e6;2.0487311283691207e-6;-2.828692235511661e11;8.030076650251633e6
8.080000000000001e-13;-4.396333332624696e-6;1.2500000050599774e-10;6.943824802829628e6;2.056761205019372e-6;-2.837634894590749e11;8.068186291231815e6
8.090000000000001e-13;-4.389389507821867e-6;1.250000005080545e-10;6.943824802545864e6;2.064829391310604e-6;-2.8466200279326373e11;8.106537465033241e6
8.100000000000001e-13;-4.382445683019321e-6;1.2500000051011932e-10;6.943824802261203e6;2.0729359287756374e-6;-2.855647904946134e11;8.145132088187349e6
8.110000000000001e-13;-4.37550185821706e-6;1.2500000051219226e-10;6.943824801975638e6;2.0810810608638247e-6;-2.8647187971794727e11;8.1839720955034895e6
8.120000000000001e-13;-4.368558033415085e-6;1.2500000051427334e-10;6.943824801689166e6;2.089265032959328e-6;-2.873832978340727e11;8.223059440272609e6
8.130000000000001e-13;-4.361614208613396e-6;1.2500000051636262e-10;6.943824801401783e6;2.0974880923996007e-6;-2.8829907243184686e11;8.262396094473564e6
8.140000000000001e-13;-4.3546703838119936e-6;1.2500000051846012e-10;6.9438248011134835e6;2.1057504884940745e-6;-2.8921923132026324e11;8.301984048982011e6
8.150000000000001e-13;-4.34772655901088e-6;1.2500000052056586e-10;6.943824800824264e6;2.1140524725430567e-6;-2.901438025305639e11;8.34182531378204e6
8.160000000000001e-13;-4.340782734210056e-6;1.250000005226799e-10;6.94382480053412e6;2.122394297856839e-6;-2.9107281431837366e11;8.38192191818047e6
8.170000000000001e-13;-4.333838909409522e-6;1.250000005248023e-10;6.943824800243047e6;2.1307762197750193e-6;-2.9200629516585956e11;8.422275911023924e6
8.18e-13;-4.326895084609279e-6;1.2500000052693306e-10;6.943824799951041e6;2.1391984956860433e-6;-2.929442737839133e11;8.462889360918676e6
8.19e-13;-4.319951259809328e-6;1.2500000052907225e-10;6.943824799658096e6;2.147661385046962e-6;-2.9388677911435876e11;8.50376435645332e6
8.2e-13;-4.31300743500967e-6;1.2500000053121992e-10;6.943824799364209e6;2.156165149403415e-6;-2.9483384033218585e11;8.544903006424382e6
8.21e-13;-4.306063610210306e-6;1.250000005333761e-10;6.943824799069376e6;2.1647100524098393e-6;-2.957854868478066e11;8.586307440064728e6
8.22e-13;-4.299119785411236e-6;1.250000005355408e-10;6.9438247987735905e6;2.173296359849904e-6;-2.9674174830933997e11;8.627979807275053e6
8.23e-13;-4.292175960612463e-6;1.250000005377141e-10;6.943824798476849e6;2.181924339657179e-6;-2.977026546049197e11;8.669922278858267e6
8.24e-13;-4.285232135813985e-6;1.25000000539896e-10;6.943824798179146e6;2.1905942619360376e-6;-2.98668235865031e11;8.712137046757003e6
8.25e-13;-4.278288311015806e-6;1.2500000054208662e-10;6.943824797880477e6;2.1993063989827945e-6;-2.996385224648717e11;8.754626324294165e6
8.26e-13;-4.271344486217926e-6;1.2500000054428594e-10;6.943824797580839e6;2.208061025307089e-6;-3.006135450267413e11;8.797392346416613e6
8.270000000000001e-13;-4.264400661420345e-6;1.25000000546494e-10;6.943824797280226e6;2.2168584176535055e-6;-3.015933344224576e11;8.84043736994208e6
8.280000000000001e-13;-4.257456836623065e-6;1.2500000054871086e-10;6.943824796978633e6;2.2256988550234475e-6;-3.0257792177579944e11;8.883763673809227e6
8.290000000000001e-13;-4.250513011826086e-6;1.2500000055093657e-10;6.943824796676055e6;2.2345826186972568e-6;-3.035673384649798e11;8.927373559331061e6
8.300000000000001e-13;-4.2435691870294095e-6;1.2500000055317115e-10;6.943824796372487e6;2.243509992256588e-6;-3.0456161612514435e11;8.971269350451596e6
8.310000000000001e-13;-4.236625362233037e-6;1.2500000055541467e-10;6.943824796067925e6;2.2524812616070394e-6;-3.0556078665090106e11;9.015453394005964e6
8.320000000000001e-13;-4.229681537436969e-6;1.2500000055766716e-10;6.943824795762365e6;2.2614967150010456e-6;-3.065648821988782e11;9.059928059983877e6
8.330000000000001e-13;-4.222737712641206e-6;1.2500000055992865e-10;6.943824795455799e6;2.2705566430610294e-6;-3.075739351903109e11;9.104695741796602e6
8.340000000000001e-13;-4.2157938878457504e-6;1.250000005621992e-10;6.9438247951482255e6;2.279661338802826e-6;-3.0858797831365875e11;9.14975885654745e6
8.350000000000001e-13;-4.208850063050602e-6;1.2500000056447886e-10;6.943824794839637e6;2.2888110976593736e-6;-3.096070445272539e11;9.19511984530585e6
8.360000000000001e-13;-4.201906238255763e-6;1.2500000056676767e-10;6.94382479453003e6;2.2980062175046794e-6;-3.10631167061977e11;9.240781173384998e6
8.370000000000001e-13;-4.194962413461233e-6;1.2500000056906568e-10;6.943824794219399e6;2.3072469986780644e-6;-3.1166037942396936e11;9.28674533062331e6
8.380000000000001e-13;-4.1880185886670135e-6;1.2500000057137292e-10;6.943824793907738e6;2.3165337440086878e-6;-3.126947153973705e11;9.333014831669452e6
8.390000000000001e-13;-4.181074763873106e-6;1.2500000057368947e-10;6.943824793595044e6;2.3258667588403574e-6;-3.1373420904709247e11;9.379592216271305e6
8.400000000000001e-13;-4.174130939079511e-6;1.2500000057601534e-10;6.943824793281309e6;2.3352463510566286e-6;-3.147788947216243e11;9.42648004956871e6
8.410000000000001e-13;-4.1671871142862295e-6;1.2500000057835058e-10;6.943824792966531e6;2.344672831106197e-6;-3.158288070558697e11;9.473680922390142e6
8.42e-13;-4.160243289493263e-6;1.2500000058069525e-10;6.9438247926507015e6;2.354146512028587e-6;-3.1688398097401636e11;9.521197451553322e6
8.43e-13;-4.153299464700613e-6;1.250000005830494e-10;6.943824792333817e6;2.3636677094801406e-6;-3.1794445169244244e11;9.569032280169925e6
8.44e-13;-4.146355639908279e-6;1.2500000058541307e-10;6.943824792015873e6;2.3732367417603105e-6;-3.190102547226528e11;9.617188077954276e6
8.45e-13;-4.139411815116263e-6;1.250000005877863e-10;6.943824791696862e6;2.3828539298382646e-6;-3.200814258742542e11;9.665667541536333e6
8.46e-13;-4.132467990324566e-6;1.2500000059016915e-10;6.943824791376781e6;2.392519597379801e-6;-3.211580012579611e11;9.714473394778721e6
8.47e-13;-4.1255241655331895e-6;1.2500000059256167e-10;6.9438247910556225e6;2.4022340707745796e-6;-3.222400172886403e11;9.763608389098182e6
8.48e-13;-4.118580340742134e-6;1.250000005949639e-10;6.943824790733382e6;2.4119976791636778e-6;-3.2332751068839044e11;9.813075303791303e6
8.49e-13;-4.1116365159514e-6;1.2500000059737591e-10;6.943824790410055e6;2.421810754467469e-6;-3.2442051848965643e11;9.86287694636463e6
8.500000000000001e-13;-4.10469269116099e-6;1.2500000059979772e-10;6.943824790085634e6;2.4316736314138337e-6;-3.2551907803838367e11;9.913016152869325e6
8.510000000000001e-13;-4.0977488663709045e-6;1.250000006022294e-10;6.943824789760116e6;2.441586647566703e-6;-3.266232269972073e11;9.963495788240312e6
8.520000000000001e-13;-4.090805041581144e-6;1.2500000060467097e-10;6.943824789433492e6;2.4515501433549433e-6;-3.277330033486812e11;1.0014318746640075e7
8.530000000000001e-13;-4.083861216791711e-6;1.2500000060712253e-10;6.943824789105759e6;2.4615644621015833e-6;-3.2884844539854254e11;1.0065487951807069e7
8.540000000000001e-13;-4.076917392002605e-6;1.250000006095841e-10;6.943824788776911e6;2.4716299500533904e-6;-3.299695917790198e11;1.0117006357409004e7
8.550000000000001e-13;-4.069973567213828e-6;1.2500000061205573e-10;6.943824788446941e6;2.4817469564107995e-6;-3.3109648145217645e11;1.0168876947400864e7
8.560000000000001e-13;-4.063029742425381e-6;1.2500000061453748e-10;6.943824788115845e6;2.4919158333582005e-6;-3.322291537132956e11;1.0221102736387832e7
8.570000000000001e-13;-4.056085917637266e-6;1.250000006170294e-10;6.943824787783616e6;2.5021369360945885e-6;-3.333676481943063e11;1.0273686769993251e7
8.580000000000001e-13;-4.049142092849482e-6;1.2500000061953153e-10;6.943824787450248e6;2.512410622864582e-6;-3.3451200486725116e11;1.0326632125231637e7
8.590000000000001e-13;-4.042198268062032e-6;1.2500000062204394e-10;6.943824787115736e6;2.5227372549898133e-6;-3.356622640477931e11;1.0379941910886724e7
8.600000000000001e-13;-4.035254443274916e-6;1.2500000062456668e-10;6.943824786780073e6;2.5331171969007e-6;-3.368184663987674e11;1.0433619267894864e7
8.610000000000001e-13;-4.028310618488136e-6;1.250000006270998e-10;6.943824786443255e6;2.543550816168595e-6;-3.379806529337755e11;1.0487667369733635e7
8.620000000000001e-13;-4.0213667937016926e-6;1.2500000062964335e-10;6.943824786105274e6;2.554038483538329e-6;-3.391488650208214e11;1.054208942281585e7
8.630000000000001e-13;-4.014422968915587e-6;1.250000006321974e-10;6.943824785766126e6;2.5645805729611446e-6;-3.4032314438599396e11;1.0596888666889042e7
8.640000000000001e-13;-4.007479144129821e-6;1.2500000063476197e-10;6.943824785425803e6;2.5751774616280336e-6;-3.4150353311719147e11;1.065206837544044e7
8.65e-13;-4.000535319344395e-6;1.2500000063733714e-10;6.943824785084299e6;2.585829530003474e-6;-3.426900736678945e11;1.0707631856107669e7
8.66e-13;-3.993591494559311e-6;1.2500000063992296e-10;6.943824784741608e6;2.596537161859582e-6;-3.438828088609827e11;1.0763582451095123e7
8.67e-13;-3.986647669774569e-6;1.250000006425195e-10;6.943824784397726e6;2.607300744310677e-6;-3.450817818925976e11;1.0819923537596092e7
8.68e-13;-3.9797038449901715e-6;1.250000006451268e-10;6.943824784052644e6;2.618120667848273e-6;-3.462870363360549e11;1.0876658528220914e7
8.69e-13;-3.972760020206119e-6;1.2500000064774493e-10;6.943824783706357e6;2.628997326376494e-6;-3.4749861614580206e11;1.0933790871431006e7
8.7e-13;-3.9658161954224126e-6;1.2500000065037392e-10;6.943824783358858e6;2.639931117247925e-6;-3.487165656614277e11;1.09913240519791e7
8.71e-13;-3.958872370639054e-6;1.2500000065301384e-10;6.943824783010141e6;2.650922441299904e-6;-3.499409296117163e11;1.1049261591355555e7
8.72e-13;-3.951928545856044e-6;1.2500000065566477e-10;6.9438247826602e6;2.6619717028912596e-6;-3.5117175311875696e11;1.1107607048241045e7
8.730000000000001e-13;-3.944984721073383e-6;1.2500000065832674e-10;6.943824782309028e6;2.6730793099395007e-6;-3.524090817020986e11;1.1166364018965542e7
8.740000000000001e-13;-3.938040896291074e-6;1.2500000066099983e-10;6.94382478195662e6;2.684245673958466e-6;-3.536529612829595e11;1.1225536137973877e7
8.750000000000001e-13;-3.931097071509117e-6;1.2500000066368408e-10;6.943824781602967e6;2.69547121009644e-6;-3.549034381884893e11;1.1285127078297852e7
8.760000000000001e-13;-3.9241532467275146e-6;1.2500000066637955e-10;6.943824781248063e6;2.7067563371747378e-6;-3.561605591560805e11;1.1345140552035011e7
8.770000000000001e-13;-3.917209421946267e-6;1.2500000066908632e-10;6.943824780891903e6;2.718101477726773e-6;-3.5742437133773737e11;1.1405580310834296e7
8.780000000000001e-13;-3.910265597165375e-6;1.250000006718044e-10;6.943824780534479e6;2.7295070580376073e-6;-3.586949223044961e11;1.1466450146388503e7
8.790000000000001e-13;-3.90332177238484e-6;1.2500000067453393e-10;6.943824780175784e6;2.7409735081839956e-6;-3.599722600509026e11;1.1527753890933892e7
8.800000000000001e-13;-3.896377947604665e-6;1.250000006772749e-10;6.943824779815812e6;2.7525012620749294e-6;-3.612564329995433e11;1.1589495417756777e7
8.810000000000001e-13;-3.8894341228248495e-6;1.2500000068002739e-10;6.943824779454555e6;2.764090757492686e-6;-3.625474900056372e11;1.1651678641707558e7
8.820000000000001e-13;-3.882490298045395e-6;1.250000006827915e-10;6.943824779092008e6;2.775742436134394e-6;-3.638454803616796e11;1.1714307519721916e7
8.830000000000001e-13;-3.875546473266303e-6;1.2500000068556722e-10;6.943824778728163e6;2.7874567436541156e-6;-3.6515045380214874e11;1.1777386051349623e7
8.840000000000001e-13;-3.868602648487575e-6;1.250000006883547e-10;6.943824778363013e6;2.799234129705465e-6;-3.664624605082693e11;1.1840918279290926e7
8.850000000000001e-13;-3.861658823709212e-6;1.2500000069115392e-10;6.94382477799655e6;2.811075047984756e-6;-3.6778155111283746e11;1.1904908289940672e7
8.860000000000001e-13;-3.8547149989312154e-6;1.25000000693965e-10;6.943824777628769e6;2.8229799562746966e-6;-3.691077767051053e11;1.1969360213940253e7
8.870000000000001e-13;-3.847771174153587e-6;1.2500000069678798e-10;6.943824777259662e6;2.8349493164886367e-6;-3.704411888357277e11;1.203427822673756e7
8.880000000000001e-13;-3.840827349376327e-6;1.2500000069962293e-10;6.943824776889221e6;2.8469835947153744e-6;-3.717818395217728e11;1.2099666549155075e7
8.89e-13;-3.833883524599438e-6;1.250000007024699e-10;6.943824776517439e6;2.8590832612645293e-6;-3.731297812517931e11;1.2165529447966116e7
8.9e-13;-3.826939699822921e-6;1.2500000070532898e-10;6.943824776144309e6;2.871248790712495e-6;-3.74485066990965e11;1.2231871236479582e7
8.91e-13;-3.819995875046777e-6;1.2500000070820023e-10;6.943824775769824e6;2.8834806619489747e-6;-3.758477501862918e11;1.2298696275133189e7
8.92e-13;-3.813052050271007e-6;1.250000007110837e-10;6.943824775393977e6;2.8957793582241077e-6;-3.772178847718715e11;1.2366008972095242e7
8.93e-13;-3.806108225495613e-6;1.2500000071397948e-10;6.943824775016759e6;2.908145367196203e-6;-3.7859552517423474e11;1.243381378387537e7
8.94e-13;-3.799164400720596e-6;1.2500000071688761e-10;6.943824774638163e6;2.9205791809800784e-6;-3.799807263177502e11;1.2502115215944136e7
8.95e-13;-3.7922205759459576e-6;1.2500000071980818e-10;6.943824774258182e6;2.9330812961960227e-6;-3.8137354363009784e11;1.2570917823361704e7
8.96e-13;-3.7852767511716996e-6;1.2500000072274126e-10;6.943824773876809e6;2.9456522140193845e-6;-3.8277403304781506e11;1.264022621141583e7
8.970000000000001e-13;-3.7783329263978227e-6;1.250000007256869e-10;6.943824773494035e6;2.9582924402308e-6;-3.8418225102191205e11;1.2710045036269175e7
8.980000000000001e-13;-3.7713891016243287e-6;1.2500000072864519e-10;6.943824773109852e6;2.9710024852670695e-6;-3.855982545235607e11;1.2780379005616222e7
8.990000000000001e-13;-3.764445276851219e-6;1.2500000073161619e-10;6.943824772724254e6;2.9837828642726855e-6;-3.870221010498568e11;1.2851232879349878e7
9.000000000000001e-13;-3.7575014520784948e-6;1.2500000073459998e-10;6.943824772337232e6;2.9966340971520354e-6;-3.8845384862965717e11;1.2922611470237957e7
9.010000000000001e-13;-3.7505576273061574e-6;1.2500000073759662e-10;6.943824771948778e6;3.009556708622273e-6;-3.898935558294911e11;1.2994519644609686e7
9.020000000000001e-13;-3.7436138025342088e-6;1.250000007406062e-10;6.9438247715588845e6;3.022551228266883e-6;-3.9134128175955096e11;1.3066962323052458e7
9.030000000000001e-13;-3.73666997776265e-6;1.2500000074362874e-10;6.943824771167543e6;3.0356181905899355e-6;-3.9279708607975946e11;1.313994448111893e7
9.040000000000001e-13;-3.729726152991482e-6;1.2500000074666436e-10;6.943824770774745e6;3.0487581350710544e-6;-3.9426102900591425e11;1.321347115004464e7
9.050000000000001e-13;-3.7227823282207076e-6;1.2500000074971311e-10;6.943824770380484e6;3.061971606221099e-6;-3.957331713159172e11;1.328754741747644e7
9.060000000000001e-13;-3.7158385034503273e-6;1.2500000075277508e-10;6.943824769984751e6;3.0752591536385756e-6;-3.9721357435608167e11;1.3362178428211773e7
9.070000000000001e-13;-3.7088946786803425e-6;1.2500000075585033e-10;6.943824769587537e6;3.0886213320667875e-6;-3.9870230004752313e11;1.3437369384949043e7
9.080000000000001e-13;-3.701950853910755e-6;1.2500000075893894e-10;6.943824769188835e6;3.1020587014517366e-6;-4.001994108926348e11;1.3513125549049294e7
9.090000000000001e-13;-3.695007029141566e-6;1.25000000762041e-10;6.943824768788636e6;3.115571827000786e-6;-4.0170496998164813e11;1.3589452241309354e7
9.100000000000002e-13;-3.6880632043727773e-6;1.2500000076515658e-10;6.943824768386931e6;3.1291612792420954e-6;-4.032190409992792e11;1.3666354842746641e7
9.11e-13;-3.6811193796043905e-6;1.2500000076828575e-10;6.943824767983712e6;3.142827634084842e-6;-4.0474168823146313e11;1.3743838795395808e7
9.120000000000002e-13;-3.674175554836407e-6;1.2500000077142857e-10;6.943824767578971e6;3.1565714728802377e-6;-4.062729765721795e11;1.3821909603117531e7
9.13e-13;-3.6672317300688277e-6;1.2500000077458514e-10;6.943824767172698e6;3.170393382483355e-6;-4.078129715303651e11;1.3900572832419498e7
9.140000000000001e-13;-3.660287905301655e-6;1.2500000077775554e-10;6.943824766764885e6;3.1842939553157747e-6;-4.0936173923692096e11;1.3979834113289895e7
9.15e-13;-3.6533440805348903e-6;1.2500000078093983e-10;6.943824766355523e6;3.1982737894290646e-6;-4.109193464518122e11;1.405969914004361e7
9.160000000000001e-13;-3.6464002557685347e-6;1.250000007841381e-10;6.943824765944604e6;3.2123334885691084e-6;-4.1248586057126245e11;1.4140173672181379e7
9.17e-13;-3.6394564310025903e-6;1.2500000078735043e-10;6.943824765532118e6;3.22647366224129e-6;-4.140613496350435e11;1.4221263535261972e7
9.180000000000001e-13;-3.632512606237058e-6;1.250000007905769e-10;6.943824765118057e6;3.240694925776552e-6;-4.156458823338646e11;1.4302974621787857e7
9.19e-13;-3.62556878147194e-6;1.2500000079381758e-10;6.943824764702411e6;3.25499790039834e-6;-4.1723952801685944e11;1.438531289210439e7
9.200000000000001e-13;-3.6186249567072376e-6;1.250000007970726e-10;6.943824764285171e6;3.269383213290444e-6;-4.1884235669917365e11;1.4468284375312848e7
9.21e-13;-3.6116811319429526e-6;1.2500000080034197e-10;6.943824763866329e6;3.283851497665757e-6;-4.204544390696555e11;1.4551895170197552e7
9.220000000000001e-13;-3.6047373071790864e-6;1.2500000080362583e-10;6.943824763445874e6;3.2984033928359547e-6;-4.2207584649865063e11;1.4636151446167294e7
9.23e-13;-3.5977934824156403e-6;1.2500000080692423e-10;6.943824763023798e6;3.313039544282122e-6;-4.2370665104590015e11;1.4721059444211317e7
9.240000000000001e-13;-3.5908496576526165e-6;1.2500000081023727e-10;6.943824762600091e6;3.3277606037263334e-6;-4.253469254685475e11;1.4806625477870103e7
9.25e-13;-3.5839058328900166e-6;1.2500000081356505e-10;6.943824762174744e6;3.3425672292042036e-6;-4.269967432292543e11;1.48928559342213e7
9.26e-13;-3.576962008127842e-6;1.250000008169076e-10;6.943824761747748e6;3.3574600851384247e-6;-4.2865617850442523e11;1.4979757274880903e7
9.27e-13;-3.570018183366094e-6;1.2500000082026505e-10;6.943824761319092e6;3.3724398424133055e-6;-4.3032530619254584e11;1.5067336037020117e7
9.28e-13;-3.563074358604775e-6;1.250000008236375e-10;6.9438247608887665e6;3.3875071784503257e-6;-4.32004201922634e11;1.515559883439805e7
9.29e-13;-3.556130533843886e-6;1.25000000827025e-10;6.943824760456762e6;3.402662777284724e-6;-4.3369294206280725e11;1.5244552358410615e7
9.3e-13;-3.549186709083429e-6;1.2500000083042767e-10;6.94382476002307e6;3.4179073296431345e-6;-4.3539160372896674e11;1.533420337915583e7
9.310000000000002e-13;-3.542242884323406e-6;1.2500000083384558e-10;6.943824759587678e6;3.4332415330222903e-6;-4.3710026479360205e11;1.5424558746515924e7
9.32e-13;-3.535299059563818e-6;1.2500000083727882e-10;6.943824759150578e6;3.448666091768806e-6;-4.388190038947155e11;1.5515625391256412e7
9.330000000000002e-13;-3.5283552348046673e-6;1.2500000084072749e-10;6.943824758711759e6;3.4641817171600624e-6;-4.4054790044487024e11;1.5607410326142555e7
9.34e-13;-3.5214114100459557e-6;1.2500000084419167e-10;6.943824758271211e6;3.479789127486205e-6;-4.422870346403636e11;1.5699920647073435e7
9.350000000000002e-13;-3.5144675852876846e-6;1.2500000084767146e-10;6.943824757828924e6;3.4954890481332784e-6;-4.440364874705274e11;1.579316353423403e7
9.36e-13;-3.5075237605298556e-6;1.2500000085116695e-10;6.943824757384887e6;3.5112822116675125e-6;-4.457963407271565e11;1.5887146253265515e7
9.370000000000001e-13;-3.500579935772471e-6;1.2500000085467822e-10;6.943824756939091e6;3.527169357920778e-6;-4.475666770140693e11;1.5981876156454235e7
9.38e-13;-3.4936361110155317e-6;1.250000008582054e-10;6.943824756491524e6;3.5431512340772326e-6;-4.4934757975680084e11;1.6077360683939561e7
9.390000000000001e-13;-3.4866922862590402e-6;1.2500000086174855e-10;6.943824756042177e6;3.559228594761172e-6;-4.5113913321243195e11;1.6173607364941085e7
9.4e-13;-3.479748461502998e-6;1.2500000086530778e-10;6.943824755591038e6;3.5754022021261133e-6;-4.529414224795539e11;1.627062381900537e7
9.410000000000001e-13;-3.472804636747407e-6;1.250000008688832e-10;6.943824755138096e6;3.5916728259451188e-6;-4.547545335083761e11;1.6368417757272802e7
9.42e-13;-3.465860811992269e-6;1.2500000087247486e-10;6.943824754683342e6;3.6080412437023917e-6;-4.565785531109717e11;1.6466996983764643e7
9.430000000000001e-13;-3.4589169872375855e-6;1.250000008760829e-10;6.943824754226764e6;3.6245082406861564e-6;-4.5841356897166974e11;1.6566369396690894e7
9.44e-13;-3.4519731624833585e-6;1.250000008797074e-10;6.94382475376835e6;3.641074610082847e-6;-4.602596696575938e11;1.666654298977923e7
9.450000000000001e-13;-3.44502933772959e-6;1.2500000088334846e-10;6.94382475330809e6;3.6577411530726265e-6;-4.621169446293485e11;1.6767525853625387e7
9.46e-13;-3.4380855129762823e-6;1.250000008870062e-10;6.943824752845974e6;3.6745086789262518e-6;-4.639854842518579e11;1.6869326177065432e7
9.470000000000001e-13;-3.4311416882234364e-6;1.2500000089068072e-10;6.943824752381988e6;3.6913780051033173e-6;-4.65865379805357e11;1.697195224857027e7
9.48e-13;-3.4241978634710542e-6;1.250000008943721e-10;6.943824751916123e6;3.7083499573518875e-6;-4.677567234965404e11;1.7075412457662836e7
9.49e-13;-3.417254038719138e-6;1.2500000089808044e-10;6.943824751448366e6;3.7254253698095504e-6;-4.6965960846986847e11;1.717971529635839e7
9.5e-13;-3.4103102139676897e-6;1.2500000090180586e-10;6.943824750978706e6;3.742605085105909e-6;-4.715741288190352e11;1.7284869360628255e7
9.51e-13;-3.403366389216711e-6;1.2500000090554846e-10;6.943824750507132e6;3.7598899544665372e-6;-4.7350037959860223e11;1.7390883351887632e7
9.52e-13;-3.396422564466204e-6;1.2500000090930836e-10;6.943824750033632e6;3.777280837818425e-6;-4.754384568357949e11;1.74977660785076e7
9.53e-13;-3.38947873971617e-6;1.2500000091308563e-10;6.943824749558194e6;3.7947786038969326e-6;-4.7738845754247174e11;1.7605526457352106e7
9.54e-13;-3.382534914966612e-6;1.250000009168804e-10;6.943824749080805e6;3.8123841303542846e-6;-4.793504797272649e11;1.7714173515340228e7
9.55e-13;-3.375591090217531e-6;1.2500000092069277e-10;6.943824748601454e6;3.8300983038696244e-6;-4.813246224078947e11;1.782371639103412e7
9.560000000000002e-13;-3.3686472654689298e-6;1.2500000092452287e-10;6.94382474812013e6;3.847922020260658e-6;-4.83310985623663e11;1.793416433625326e7
9.57e-13;-3.3617034407208095e-6;1.250000009283708e-10;6.943824747636819e6;3.865856184596912e-6;-4.8530967044812756e11;1.8045526717715435e7
9.580000000000002e-13;-3.354759615973173e-6;1.2500000093223664e-10;6.94382474715151e6;3.883901711314627e-6;-4.87320779001959e11;1.815781301870491e7
9.59e-13;-3.347815791226021e-6;1.2500000093612054e-10;6.943824746664189e6;3.9020595243333325e-6;-4.893444144659856e11;1.8271032840768363e7
9.600000000000002e-13;-3.340871966479357e-6;1.250000009400226e-10;6.943824746174844e6;3.920330557174101e-6;-4.913806810944285e11;1.838519590543909e7
9.61e-13;-3.3339281417331823e-6;1.2500000094394293e-10;6.943824745683463e6;3.93871575307954e-6;-4.9342968422832904e11;1.850031205598996e7
9.620000000000001e-13;-3.326984316987499e-6;1.2500000094788165e-10;6.943824745190034e6;3.95721606513553e-6;-4.954915303091732e11;1.8616391259215757e7
9.63e-13;-3.320040492242309e-6;1.2500000095183886e-10;6.943824744694542e6;3.975832456394745e-6;-4.975663268927145e11;1.8733443607245315e7
9.640000000000001e-13;-3.3130966674976145e-6;1.250000009558147e-10;6.943824744196976e6;3.994565900001991e-6;-4.996541826630024e11;1.8851479319384236e7
9.65e-13;-3.3061528427534176e-6;1.2500000095980926e-10;6.943824743697321e6;4.013417379321375e-6;-5.017552074466133e11;1.8970508743988443e7
9.660000000000001e-13;-3.29920901800972e-6;1.250000009638227e-10;6.943824743195565e6;4.032387888065364e-6;-5.03869512227097e11;1.909054236036961e7
9.67e-13;-3.2922651932665245e-6;1.2500000096785507e-10;6.943824742691696e6;4.051478430425733e-6;-5.0599720915963e11;1.9211590780732512e7
9.680000000000001e-13;-3.285321368523833e-6;1.2500000097190654e-10;6.943824742185699e6;4.070690021206466e-6;-5.0813841158589136e11;1.933366475214545e7
9.69e-13;-3.2783775437816473e-6;1.2500000097597723e-10;6.943824741677561e6;4.090023685958611e-6;-5.102932340491561e11;1.945677515854395e7
9.700000000000001e-13;-3.2714337190399695e-6;1.2500000098006725e-10;6.943824741167268e6;4.109480461117155e-6;-5.1246179230961554e11;1.9580933022768766e7
9.71e-13;-3.264489894298802e-6;1.2500000098417673e-10;6.943824740654806e6;4.129061394139924e-6;-5.1464420335992267e11;1.970614950863835e7
9.72e-13;-3.257546069558147e-6;1.250000009883058e-10;6.9438247401401615e6;4.148767543648563e-6;-5.168405854409735e11;1.983243592305703e7
9.73e-13;-3.250602244818007e-6;1.2500000099245456e-10;6.943824739623321e6;4.1685999795716196e-6;-5.190510580579218e11;1.9959803718159113e7
9.74e-13;-3.243658420078384e-6;1.2500000099662317e-10;6.94382473910427e6;4.188559783289779e-6;-5.2127574199643585e11;2.0088264493489843e7
9.75e-13;-3.2367145953392794e-6;1.2500000100081172e-10;6.943824738582994e6;4.2086480477832685e-6;-5.2351475933919824e11;2.021782999822386e7
9.76e-13;-3.2297707706006963e-6;1.2500000100502037e-10;6.943824738059479e6;4.228865877781492e-6;-5.2576823348265485e11;2.034851213342189e7
9.77e-13;-3.2228269458626367e-6;1.2500000100924923e-10;6.943824737533711e6;4.249214389914914e-6;-5.280362891540176e11;2.0480322954326466e7
9.78e-13;-3.215883121125103e-6;1.2500000101349845e-10;6.943824737005674e6;4.26969471286924e-6;-5.303190524285223e11;2.06132746726973e7
9.790000000000002e-13;-3.2089392963880975e-6;1.2500000101776815e-10;6.943824736475355e6;4.290307987541937e-6;-5.326166507469506e11;2.0747379659187257e7
9.8e-13;-3.2019954716516222e-6;1.2500000102205845e-10;6.943824735942738e6;4.311055367201124e-6;-5.349292129334169e11;2.088265044575962e7
9.810000000000002e-13;-3.1950516469156793e-6;1.250000010263695e-10;6.943824735407809e6;4.331938017646884e-6;-5.37256869213426e11;2.101909972814742e7
9.82e-13;-3.1881078221802713e-6;1.2500000103070146e-10;6.943824734870552e6;4.352957117375031e-6;-5.395997512322066e11;2.115674036835575e7
9.830000000000002e-13;-3.1811639974454007e-6;1.2500000103505442e-10;6.943824734330952e6;4.374113857743387e-6;-5.419579920733259e11;2.129558539720789e7
9.84e-13;-3.1742201727110697e-6;1.2500000103942852e-10;6.943824733788994e6;4.3954094431405955e-6;-5.443317262775882e11;2.143564801693605e7
9.850000000000001e-13;-3.1672763479772808e-6;1.2500000104382393e-10;6.943824733244662e6;4.416845091157531e-6;-5.467210898622262e11;2.1576941603817716e7
9.86e-13;-3.160332523244036e-6;1.2500000104824076e-10;6.943824732697941e6;4.438422032761349e-6;-5.491262203403843e11;2.171947971085832e7
9.870000000000001e-13;-3.153388698511338e-6;1.2500000105267918e-10;6.943824732148815e6;4.460141512472207e-6;-5.515472567409055e11;2.186327607052138e7
9.88e-13;-3.1464448737791895e-6;1.250000010571393e-10;6.943824731597268e6;4.482004788542728e-6;-5.539843396284242e11;2.200834459750694e7
9.890000000000001e-13;-3.1395010490475923e-6;1.250000010616213e-10;6.943824731043284e6;4.504013133140235e-6;-5.564376111237668e11;2.215469939157918e7
9.9e-13;-3.132557224316549e-6;1.2500000106612534e-10;6.9438247304868465e6;4.526167832531815e-6;-5.589072149246753e11;2.2302354740444403e7
9.910000000000001e-13;-3.1256133995860623e-6;1.2500000107065151e-10;6.943824729927939e6;4.548470187272259e-6;-5.613932963268477e11;2.2451325122680236e7
9.92e-13;-3.118669574856134e-6;1.2500000107519997e-10;6.9438247293665465e6;4.57092151239494e-6;-5.638960022453097e11;2.2601625210717067e7
9.930000000000001e-13;-3.1117257501267676e-6;1.250000010797709e-10;6.94382472880265e6;4.593523137605657e-6;-5.664154812361211e11;2.275326987387295e7
9.94e-13;-3.1047819253979648e-6;1.250000010843644e-10;6.943824728236235e6;4.61627640747953e-6;-5.689518835184203e11;2.2906274181442816e7
9.950000000000001e-13;-3.0978381006697286e-6;1.250000010889807e-10;6.943824727667283e6;4.639182681660973e-6;-5.715053609968159e11;2.306065340584323e7
9.96e-13;-3.090894275942061e-6;1.250000010936199e-10;6.943824727095778e6;4.662243335066816e-6;-5.74076067284132e11;2.321642302581385e7
9.97e-13;-3.0839504512149655e-6;1.2500000109828214e-10;6.9438247265217025e6;4.68545975809263e-6;-5.76664157724511e11;2.3373598729676638e7
9.98e-13;-3.0770066264884437e-6;1.250000011029676e-10;6.943824725945039e6;4.708833356822306e-6;-5.792697894168827e11;2.353219641865405e7
9.99e-13;-3.0700628017624987e-6;1.2500000110767643e-10;6.943824725365769e6;4.73236555324096e-6;-5.818931212388033e11;2.3692232210247356e7
1.0e-12;-3.063118977037133e-6;1.250000011124088e-10;6.943824724783876e6;4.756057785451207e-6;-5.845343138706776e11;2.3853722441676494e7
1.001e-12;-3.0561751523123495e-6;1.2500000111716486e-10;6.943824724199342e6;4.779911507892884e-6;-5.871935298203604e11;2.4016683673382416e7
1.0020000000000002e-12;-3.0492313275881502e-6;1.2500000112194478e-10;6.943824723612148e6;4.803928191566266e-6;-5.898709334481573e11;2.418113269259356e7
1.003e-12;-3.042287502864538e-6;1.250000011267487e-10;6.9438247230222775e6;4.82810932425886e-6;-5.925666909922202e11;2.434708651695743e7
1.0040000000000002e-12;-3.0353436781415157e-6;1.250000011315768e-10;6.94382472242971e6;4.8524564107758176e-6;-5.952809705943536e11;2.451456239823896e7
1.005e-12;-3.028399853419086e-6;1.2500000113642925e-10;6.94382472183443e6;4.8769709731740565e-6;-5.980139423262322e11;2.46835778260867e7
1.0060000000000002e-12;-3.0214560286972516e-6;1.2500000114130623e-10;6.943824721236415e6;4.901654551000143e-6;-6.007657782160428e11;2.48541505318685e7
1.007e-12;-3.0145122039760153e-6;1.250000011462079e-10;6.94382472063565e6;4.9265087015320115e-6;-6.035366522755577e11;2.5026298492578086e7
1.0080000000000001e-12;-3.0075683792553796e-6;1.250000011511344e-10;6.943824720032113e6;4.951535000024589e-6;-6.063267405276417e11;2.52000399348138e7
1.009e-12;-3.0006245545353473e-6;1.2500000115608593e-10;6.943824719425786e6;4.976735039959403e-6;-6.091362210342104e11;2.537539333883138e7
1.0100000000000001e-12;-2.9936807298159215e-6;1.2500000116106267e-10;6.94382471881665e6;5.002110433298234e-6;-6.119652739246385e11;2.555237744267188e7
1.011e-12;-2.9867369050971048e-6;1.2500000116606478e-10;6.943824718204685e6;5.027662810740906e-6;-6.14814081424634e11;2.5731011246366773e7
1.0120000000000001e-12;-2.9797930803789e-6;1.2500000117109244e-10;6.94382471758987e6;5.053393821987273e-6;-6.176828278855826e11;2.5911314016221456e7
1.013e-12;-2.97284925566131e-6;1.2500000117614584e-10;6.943824716972187e6;5.079305136003495e-6;-6.205716998143732e11;2.6093305289179113e7
1.0140000000000001e-12;-2.965905430944338e-6;1.2500000118122514e-10;6.943824716351615e6;5.105398441292674e-6;-6.234808859037106e11;2.627700487726635e7
1.015e-12;-2.9589616062279864e-6;1.2500000118633055e-10;6.943824715728134e6;5.13167544616994e-6;-6.264105770629308e11;2.6462432872122668e7
1.0160000000000001e-12;-2.9520177815122583e-6;1.2500000119146223e-10;6.943824715101724e6;5.1581378790420625e-6;-6.293609664493203e11;2.6649609649615243e7
1.017e-12;-2.9450739567971566e-6;1.2500000119662037e-10;6.943824714472363e6;5.184787488691678e-6;-6.32332249499955e11;2.6838555874540992e7
1.0180000000000001e-12;-2.9381301320826843e-6;1.2500000120180516e-10;6.94382471384003e6;5.211626044566219e-6;-6.35324623964065e11;2.7029292505417738e7
1.019e-12;-2.9311863073688443e-6;1.250000012070168e-10;6.943824713204705e6;5.2386553370716365e-6;-6.383382899359397e11;2.7221840799366456e7
1.02e-12;-2.9242424826556395e-6;1.2500000121225545e-10;6.943824712566366e6;5.265877177871003e-6;-6.413734498883771e11;2.7416222317086373e7
1.021e-12;-2.917298657943073e-6;1.2500000121752134e-10;6.943824711924993e6;5.293293400188089e-6;-6.444303087066921e11;2.7612458927925117e7
1.022e-12;-2.910354833231148e-6;1.2500000122281462e-10;6.943824711280563e6;5.320905859116014e-6;-6.475090737232952e11;2.7810572815045845e7
1.023e-12;-2.9034110085198675e-6;1.2500000122813554e-10;6.943824710633053e6;5.3487164319310604e-6;-6.506099547528478e11;2.8010586480693463e7
1.024e-12;-2.8964671838092343e-6;1.2500000123348424e-10;6.943824709982444e6;5.376727018411754e-6;-6.537331641280114e11;2.821252275156208e7
1.0250000000000002e-12;-2.8895233590992517e-6;1.2500000123886097e-10;6.94382470932871e6;5.404939541163316e-6;-6.568789167357957e11;2.841640478426592e7
1.026e-12;-2.882579534389923e-6;1.250000012442659e-10;6.9438247086718315e6;5.433355945947583e-6;-6.600474300545232e11;2.8622256070915904e7
1.0270000000000002e-12;-2.875635709681251e-6;1.2500000124969926e-10;6.943824708011784e6;5.461978202018498e-6;-6.632389241914174e11;2.8830100444804225e7
1.028e-12;-2.8686918849732395e-6;1.2500000125516123e-10;6.943824707348545e6;5.490808302463302e-6;-6.664536219208286e11;2.9039962086199246e7
1.0290000000000002e-12;-2.861748060265891e-6;1.2500000126065203e-10;6.943824706682092e6;5.5198482645495014e-6;-6.696917487231127e11;2.9251865528253216e7
1.03e-12;-2.854804235559209e-6;1.2500000126617189e-10;6.9438247060124e6;5.5491001300777544e-6;-6.72953532824168e11;2.9465835663025167e7
1.0310000000000002e-12;-2.8478604108531964e-6;1.2500000127172097e-10;6.943824705339447e6;5.57856596574078e-6;-6.76239205235652e11;2.9681897747621547e7
1.032e-12;-2.840916586147857e-6;1.2500000127729953e-10;6.943824704663208e6;5.608247863488401e-6;-6.795489997958842e11;2.9900077410457343e7
1.0330000000000001e-12;-2.8339727614431935e-6;1.250000012829078e-10;6.943824703983659e6;5.638147940898859e-6;-6.828831532114521e11;3.012040065764008e7
1.034e-12;-2.82702893673921e-6;1.2500000128854593e-10;6.943824703300776e6;5.668268341556499e-6;-6.862419050995359e11;3.034289387947971e7
1.0350000000000001e-12;-2.8200851120359092e-6;1.2500000129421421e-10;6.943824702614534e6;5.698611235435978e-6;-6.89625498030959e11;3.0567583857126985e7
1.036e-12;-2.8131412873332945e-6;1.2500000129991282e-10;6.943824701924908e6;5.729178819293105e-6;-6.930341775739865e11;3.0794497769343175e7
1.0370000000000001e-12;-2.8061974626313697e-6;1.25000001305642e-10;6.943824701231874e6;5.759973317062449e-6;-6.964681923388834e11;3.10236631994043e7
1.038e-12;-2.7992536379301378e-6;1.2500000131140197e-10;6.943824700535405e6;5.790996980261853e-6;-6.999277940232446e11;3.1255108142142497e7
1.0390000000000001e-12;-2.7923098132296025e-6;1.2500000131719295e-10;6.943824699835477e6;5.822252088403996e-6;-7.03413237458119e11;3.1488861011128034e7
1.04e-12;-2.785365988529767e-6;1.250000013230152e-10;6.943824699132064e6;5.853740949415124e-6;-7.069247806549362e11;3.1724950645994756e7
1.0410000000000001e-12;-2.778422163830635e-6;1.2500000132886894e-10;6.943824698425139e6;5.885465900061119e-6;-7.104626848532561e11;3.1963406319912404e7
1.042e-12;-2.7714783391322095e-6;1.250000013347544e-10;6.943824697714677e6;5.9174293063810315e-6;-7.140272145693591e11;3.2204257747209173e7
1.043e-12;-2.764534514434495e-6;1.2500000134067183e-10;6.94382469700065e6;5.949633564128241e-6;-7.176186376456866e11;3.2447535091147583e7
1.044e-12;-2.7575906897374943e-6;1.2500000134662146e-10;6.943824696283031e6;5.982081099219388e-6;-7.212372253011617e11;3.269326897185779e7
1.045e-12;-2.750646865041211e-6;1.2500000135260355e-10;6.943824695561794e6;6.014774368191246e-6;-7.248832521823916e11;3.2941490474431023e7
1.046e-12;-2.7437030403456493e-6;1.2500000135861831e-10;6.943824694836911e6;6.0477158586656775e-6;-7.28556996415785e11;3.319223115717769e7
1.047e-12;-2.7367592156508124e-6;1.2500000136466604e-10;6.943824694108354e6;6.080908089822855e-6;-7.322587396605933e11;3.344552306005336e7
1.0480000000000002e-12;-2.729815390956704e-6;1.2500000137074695e-10;6.943824693376095e6;6.114353612882908e-6;-7.359887671628975e11;3.370139871325669e7
1.049e-12;-2.722871566263328e-6;1.2500000137686132e-10;6.943824692640106e6;6.148055011596165e-6;-7.397473678105609e11;3.395989114600312e7
1.0500000000000002e-12;-2.715927741570688e-6;1.2500000138300936e-10;6.943824691900359e6;6.182014902742168e-6;-7.435348341891675e11;3.4221033895478755e7
1.051e-12;-2.7089839168787877e-6;1.2500000138919138e-10;6.943824691156824e6;6.216235936637647e-6;-7.473514626389601e11;3.448486101597783e7
1.0520000000000002e-12;-2.702040092187631e-6;1.250000013954076e-10;6.943824690409472e6;6.250720797653625e-6;-7.511975533128125e11;3.475140708822907e7
1.053e-12;-2.6950962674972214e-6;1.2500000140165833e-10;6.943824689658275e6;6.285472204741854e-6;-7.550734102352415e11;3.502070722891439e7
1.0540000000000002e-12;-2.6881524428075633e-6;1.250000014079438e-10;6.943824688903201e6;6.3204929119707685e-6;-7.589793413624897e11;3.529279710038494e7
1.055e-12;-2.68120861811866e-6;1.2500000141426428e-10;6.943824688144222e6;6.355785709071153e-6;-7.629156586437003e11;3.556771292057903e7
1.0560000000000001e-12;-2.6742647934305155e-6;1.2500000142062008e-10;6.943824687381307e6;6.391353421991732e-6;-7.668826780832029e11;3.5845491473146446e7
1.057e-12;-2.6673209687431343e-6;1.2500000142701144e-10;6.943824686614424e6;6.427198913464879e-6;-7.708807198039368e11;3.6126170117784314e7
1.0580000000000001e-12;-2.66037714405652e-6;1.2500000143343864e-10;6.943824685843543e6;6.463325083582663e-6;-7.749101081120371e11;3.640978680078934e7
1.059e-12;-2.6534333193706766e-6;1.2500000143990197e-10;6.943824685068633e6;6.499734870383452e-6;-7.789711715625983e11;3.669638006583138e7
1.0600000000000001e-12;-2.646489494685608e-6;1.250000014464017e-10;6.943824684289662e6;6.5364312504492835e-6;-7.830642430266567e11;3.6985989064954e7
1.061e-12;-2.6395456700013186e-6;1.2500000145293813e-10;6.943824683506598e6;6.573417239514237e-6;-7.87189659759402e11;3.727865356980694e7
1.0620000000000001e-12;-2.632601845317812e-6;1.2500000145951155e-10;6.943824682719409e6;6.610695893084044e-6;-7.91347763469649e11;3.7574413983116284e7
1.063e-12;-2.6256580206350925e-6;1.2500000146612225e-10;6.943824681928061e6;6.64827030706716e-6;-7.955389003906023e11;3.787331135039799e7
1.0640000000000001e-12;-2.6187141959531644e-6;1.2500000147277053e-10;6.943824681132522e6;6.6861436184175575e-6;-7.997634213519312e11;3.81753873719205e7
1.065e-12;-2.6117703712720317e-6;1.2500000147945668e-10;6.943824680332759e6;6.724319005789478e-6;-8.040216818531904e11;3.8480684414922506e7
1.0660000000000001e-12;-2.604826546591699e-6;1.25000001486181e-10;6.943824679528737e6;6.762799690204401e-6;-8.083140421386134e11;3.878924552609196e7
1.067e-12;-2.5978827219121702e-6;1.2500000149294379e-10;6.943824678720423e6;6.8015889357304935e-6;-8.126408672733027e11;3.910111444431255e7
1.068e-12;-2.59093889723345e-6;1.2500000149974538e-10;6.943824677907783e6;6.840690050174806e-6;-8.170025272208563e11;3.941633561368432e7
1.069e-12;-2.5839950725555423e-6;1.2500000150658606e-10;6.94382467709078e6;6.8801063857884904e-6;-8.213993969224557e11;3.973495419682495e7
1.07e-12;-2.5770512478784517e-6;1.2500000151346616e-10;6.94382467626938e6;6.919841339985316e-6;-8.258318563774425e11;4.0057016088458374e7
1.0710000000000002e-12;-2.570107423202182e-6;1.25000001520386e-10;6.943824675443549e6;6.959898356073774e-6;-8.303002907254269e11;4.038256792929805e7
1.072e-12;-2.5631635985267386e-6;1.250000015273459e-10;6.943824674613249e6;7.000280924003072e-6;-8.348050903299546e11;4.0711657120231956e7
1.0730000000000002e-12;-2.5562197738521255e-6;1.2500000153434617e-10;6.943824673778444e6;7.0409925811233035e-6;-8.393466508637621e11;4.104433183681646e7
1.074e-12;-2.5492759491783472e-6;1.2500000154138715e-10;6.943824672939097e6;7.08203691296012e-6;-8.439253733956658e11;4.138064104408723e7
1.0750000000000002e-12;-2.5423321245054083e-6;1.250000015484692e-10;6.943824672095171e6;7.1234175540042066e-6;-8.485416644791091e11;4.172063451169424e7
1.076e-12;-2.535388299833313e-6;1.250000015555926e-10;6.943824671246629e6;7.165138188515901e-6;-8.531959362424166e11;4.2064362829369746e7
1.0770000000000002e-12;-2.5284444751620665e-6;1.2500000156275775e-10;6.943824670393433e6;7.207202551345271e-6;-8.578886064807758e11;4.2411877422736555e7
1.078e-12;-2.521500650491673e-6;1.2500000156996495e-10;6.943824669535545e6;7.2496144287680076e-6;-8.626200987500034e11;4.2763230569465935e7
1.0790000000000001e-12;-2.5145568258221374e-6;1.2500000157721457e-10;6.943824668672925e6;7.292377659337473e-6;-8.673908424621221e11;4.3118475415793166e7
1.08e-12;-2.5076130011534646e-6;1.2500000158450694e-10;6.943824667805534e6;7.3354961347532665e-6;-8.722012729827917e11;4.34776659934001e7
1.0810000000000001e-12;-2.500669176485659e-6;1.2500000159184243e-10;6.943824666933333e6;7.378973800746667e-6;-8.770518317306436e11;4.384085723667394e7
1.082e-12;-2.4937253518187256e-6;1.250000015992214e-10;6.943824666056281e6;7.422814657983341e-6;-8.819429662785416e11;4.420810500035112e7
1.0830000000000001e-12;-2.4867815271526693e-6;1.250000016066442e-10;6.943824665174338e6;7.467022762983692e-6;-8.86875130456839e11;4.457946607755694e7
1.084e-12;-2.479837702487495e-6;1.2500000161411122e-10;6.943824664287463e6;7.5116022290612495e-6;-8.918487844586501e11;4.495499821824995e7
1.0850000000000001e-12;-2.472893877823208e-6;1.2500000162162282e-10;6.943824663395614e6;7.5565572272794994e-6;-8.968643949472035e11;4.533476014808228e7
1.086e-12;-2.465950053159812e-6;1.2500000162917937e-10;6.94382466249875e6;7.601891987427582e-6;-9.019224351653087e11;4.571881158768571e7
1.0870000000000001e-12;-2.459006228497313e-6;1.2500000163678127e-10;6.943824661596827e6;7.647610799015268e-6;-9.070233850469894e11;4.61072132723947e7
1.088e-12;-2.4520624038357165e-6;1.250000016444289e-10;6.943824660689804e6;7.693718012287663e-6;-9.121677313313359e11;4.65000269724176e7
1.0890000000000001e-12;-2.4451185791750265e-6;1.250000016521226e-10;6.943824659777636e6;7.74021803926008e-6;-9.173559676786246e11;4.6897315513467506e7
1.09e-12;-2.4381747545152488e-6;1.250000016598628e-10;6.94382465886028e6;7.787115354773548e-6;-9.225885947887491e11;4.7299142797864154e7
1.091e-12;-2.4312309298563884e-6;1.2500000166764992e-10;6.943824657937692e6;7.834414497571411e-6;-9.278661205220303e11;4.770557382611972e7
1.092e-12;-2.424287105198451e-6;1.2500000167548432e-10;6.943824657009825e6;7.88212007139753e-6;-9.33189060022449e11;4.811667471902052e7
1.093e-12;-2.417343280541441e-6;1.2500000168336645e-10;6.943824656076636e6;7.93023674611655e-6;-9.385579358433582e11;4.853251274021753e7
1.0940000000000002e-12;-2.4103994558853642e-6;1.2500000169129668e-10;6.943824655138078e6;7.978769258856768e-6;-9.439732780757351e11;4.895315631933895e7
1.095e-12;-2.403455631230226e-6;1.2500000169927546e-10;6.9438246541941045e6;8.027722415176107e-6;-9.494356244790355e11;4.9378675075638965e7
1.0960000000000002e-12;-2.396511806576032e-6;1.2500000170730317e-10;6.943824653244669e6;8.077101090251747e-6;-9.549455206146962e11;4.980913984219566e7
1.097e-12;-2.3895679819227875e-6;1.2500000171538028e-10;6.943824652289723e6;8.126910230093943e-6;-9.605035199823661e11;5.02446226906735e7
1.0980000000000002e-12;-2.382624157270498e-6;1.250000017235072e-10;6.943824651329219e6;8.177154852784617e-6;-9.661101841589158e11;5.068519695666466e7
1.099e-12;-2.3756803326191686e-6;1.2500000173168434e-10;6.943824650363109e6;8.227840049741282e-6;-9.717660829402979e11;5.113093726562479e7
1.1000000000000002e-12;-2.3687365079688056e-6;1.2500000173991218e-10;6.943824649391343e6;8.278970987006906e-6;-9.774717944863175e11;5.1581919559418485e7
1.101e-12;-2.3617926833194142e-6;1.2500000174819115e-10;6.943824648413871e6;8.330552906566326e-6;-9.832279054683948e11;5.2038221123491354e7
1.1020000000000002e-12;-2.3548488586710003e-6;1.250000017565217e-10;6.943824647430643e6;8.382591127689817e-6;-9.890350112203757e11;5.2499920614684716e7
1.103e-12;-2.34790503402357e-6;1.250000017649043e-10;6.943824646441609e6;8.435091048304502e-6;-9.9489371589247e11;5.296709808971027e7
1.1040000000000001e-12;-2.340961209377128e-6;1.250000017733394e-10;6.943824645446715e6;8.488058146394213e-6;-1.0008046326083951e12;5.343983503430278e7
1.105e-12;-2.3340173847316814e-6;1.2500000178182746e-10;6.94382464444591e6;8.541497981428515e-6;-1.0067683836257888e12;5.391821439306821e7
1.1060000000000001e-12;-2.3270735600872354e-6;1.2500000179036896e-10;6.943824643439142e6;8.595416195821584e-6;-1.0127856004999874e12;5.440232060004692e7
1.107e-12;-2.320129735443796e-6;1.2500000179896437e-10;6.943824642426357e6;8.649818516421631e-6;-1.018856924251232e12;5.489223961001058e7
1.1080000000000001e-12;-2.31318591080137e-6;1.250000018076142e-10;6.9438246414075e6;8.704710756031641e-6;-1.0249830055353997e12;5.538805893051306e7
1.109e-12;-2.306242086159962e-6;1.250000018163189e-10;6.943824640382517e6;8.760098814962154e-6;-1.0311645048183317e12;5.588986765471541e7
1.1100000000000001e-12;-2.29929826151958e-6;1.25000001825079e-10;6.943824639351353e6;8.81598868261687e-6;-1.0374020925538615e12;5.639775649500669e7
1.111e-12;-2.2923544368802283e-6;1.25000001833895e-10;6.943824638313951e6;8.872386439111877e-6;-1.0436964493656141e12;5.69118178174416e7
1.1120000000000001e-12;-2.2854106122419144e-6;1.2500000184276739e-10;6.943824637270254e6;8.929298256929319e-6;-1.0500482662326852e12;5.7432145677017935e7
1.113e-12;-2.278466787604644e-6;1.2500000185169667e-10;6.943824636220206e6;8.986730402606337e-6;-1.0564582446792805e12;5.795883585381656e7
1.114e-12;-2.271522962968424e-6;1.250000018606834e-10;6.943824635163748e6;9.044689238460154e-6;-1.0629270969684268e12;5.849198589002821e7
1.115e-12;-2.2645791383332603e-6;1.2500000186972807e-10;6.943824634100821e6;9.103181224350182e-6;-1.0694555462998413e12;5.903169512789105e7
1.116e-12;-2.2576353136991595e-6;1.2500000187883125e-10;6.943824633031365e6;9.162212919478074e-6;-1.0760443270120708e12;5.957806474856464e7
1.117e-12;-2.250691489066128e-6;1.2500000188799346e-10;6.943824631955321e6;9.221790984226638e-6;-1.0826941847890009e12;6.0131197811966434e7
1.118e-12;-2.243747664434173e-6;1.2500000189721526e-10;6.943824630872627e6;9.281922182038604e-6;-1.0894058768708462e12;6.0691199297597475e7
1.1190000000000002e-12;-2.2368038398033e-6;1.2500000190649718e-10;6.943824629783221e6;9.342613381336201e-6;-1.0961801722697361e12;6.125817614638523e7
1.12e-12;-2.2298600151735167e-6;1.250000019158398e-10;6.943824628687041e6;9.403871557482587e-6;-1.1030178519900015e12;6.1832237303572066e7
1.1210000000000002e-12;-2.22291619054483e-6;1.2500000192524368e-10;6.943824627584023e6;9.465703794786159e-6;-1.109919709253288e12;6.2413493762678556e7
1.122e-12;-2.2159723659172457e-6;1.250000019347094e-10;6.943824626474104e6;9.528117288548837e-6;-1.1168865497286206e12;6.300205861057302e7
1.1230000000000002e-12;-2.2090285412907716e-6;1.250000019442375e-10;6.943824625357217e6;9.59111934715941e-6;-1.1239191917675251e12;6.359804707367698e7
1.124e-12;-2.2020847166654144e-6;1.250000019538286e-10;6.943824624233298e6;9.654717394233087e-6;-1.1310184666443628e12;6.4201576565340884e7
1.1250000000000002e-12;-2.195140892041181e-6;1.2500000196348333e-10;6.943824623102279e6;9.718918970798427e-6;-1.1381852188019832e12;6.4812766734421775e7
1.126e-12;-2.1881970674180786e-6;1.2500000197320224e-10;6.943824621964094e6;9.783731737532848e-6;-1.1454203061028523e12;6.543173951509864e7
1.1270000000000001e-12;-2.1812532427961146e-6;1.2500000198298598e-10;6.943824620818674e6;9.849163477047947e-6;-1.1527246000857734e12;6.60586191779598e7
1.128e-12;-2.1743094181752957e-6;1.2500000199283514e-10;6.943824619665949e6;9.915222096225907e-6;-1.1600989862283708e12;6.669353238240045e7
1.1290000000000001e-12;-2.1673655935556297e-6;1.2500000200275037e-10;6.9438246185058495e6;9.981915628608308e-6;-1.1675443642154568e12;6.733660823036689e7
1.13e-12;-2.1604217689371237e-6;1.250000020127323e-10;6.943824617338305e6;1.0049252236838675e-5;-1.1750616482134539e12;6.798797832148723e7
1.1310000000000001e-12;-2.1534779443197853e-6;1.2500000202278156e-10;6.943824616163244e6;1.0117240215160161e-5;-1.1826517671510166e12;6.864777680962898e7
1.132e-12;-2.146534119703622e-6;1.250000020328988e-10;6.943824614980591e6;1.018588799196979e-5;-1.190315665006022e12;6.931614046092488e7
1.1330000000000001e-12;-2.1395902950886414e-6;1.2500000204308468e-10;6.9438246137902755e6;1.0255204132430715e-5;-1.19805430109909e12;6.999320871331039e7
1.134e-12;-2.1326464704748513e-6;1.2500000205333988e-10;6.943824612592221e6;1.0325197341144026e-5;-1.2058686503937976e12;7.06791237376164e7
1.1350000000000001e-12;-2.125702645862259e-6;1.250000020636651e-10;6.943824611386352e6;1.0395876464881644e-5;-1.2137597038037803e12;7.13740305002646e7
1.136e-12;-2.118758821250873e-6;1.2500000207406097e-10;6.943824610172592e6;1.0467250495381909e-5;-1.221728468506881e12;7.207807682761125e7
1.1370000000000001e-12;-2.1118149966407004e-6;1.250000020845282e-10;6.943824608950864e6;1.053932857220952e-5;-1.2297759682665452e12;7.279141347198927e7
1.138e-12;-2.1048711720317498e-6;1.2500000209506755e-10;6.9438246077210875e6;1.061211998568151e-5;-1.2379032437606497e12;7.351419417949921e7
1.139e-12;-2.0979273474240286e-6;1.2500000210567969e-10;6.943824606483185e6;1.068563417986101e-5;-1.2461113529179666e12;7.424657575960115e7
1.14e-12;-2.0909835228175453e-6;1.250000021163653e-10;6.943824605237073e6;1.0759880755620612e-5;-1.2544013712624497e12;7.498871815656091e7
1.141e-12;-2.084039698212308e-6;1.250000021271252e-10;6.943824603982672e6;1.0834869473777173e-5;-1.2627743922655803e12;7.574078452280825e7
1.1420000000000002e-12;-2.0770958736083252e-6;1.2500000213796007e-10;6.943824602719897e6;1.0910610258299981e-5;-1.271231527706958e12;7.650294129426222e7
1.143e-12;-2.0701520490056054e-6;1.250000021488707e-10;6.943824601448666e6;1.0987113199594243e-5;-1.2797739080433818e12;7.727535826768549e7
1.1440000000000002e-12;-2.063208224404157e-6;1.250000021598578e-10;6.943824600168892e6;1.1064388557861929e-5;-1.2884026827866377e12;7.805820868012813e7
1.145e-12;-2.056264399803988e-6;1.250000021709222e-10;6.943824598880489e6;1.1142446766542057e-5;-1.297119020890227e12;7.885166929052447e7
1.1460000000000002e-12;-2.0493205752051076e-6;1.2500000218206465e-10;6.94382459758337e6;1.1221298435832582e-5;-1.3059241111452896e12;7.965592046350972e7
1.147e-12;-2.042376750607524e-6;1.2500000219328595e-10;6.9438245962774465e6;1.1300954356296091e-5;-1.314819162585965e12;8.047114625552405e7
1.1480000000000002e-12;-2.0354329260112467e-6;1.250000022045869e-10;6.943824594962628e6;1.1381425502551614e-5;-1.3238054049044463e12;8.129753450327428e7
1.149e-12;-2.028489101416284e-6;1.2500000221596832e-10;6.943824593638822e6;1.1462723037054889e-5;-1.3328840888759968e12;8.213527691462658e7
1.1500000000000001e-12;-2.021545276822645e-6;1.2500000222743106e-10;6.943824592305939e6;1.1544858313969515e-5;-1.3420564867942095e12;8.298456916200556e7
1.151e-12;-2.014601452230339e-6;1.2500000223897591e-10;6.943824590963882e6;1.162784288313152e-5;-1.351323892916776e12;8.384561097837713e7
1.1520000000000001e-12;-2.007657627639375e-6;1.2500000225060375e-10;6.9438245896125585e6;1.1711688494109897e-5;-1.360687623922079e12;8.471860625589703e7
1.153e-12;-2.0007138030497627e-6;1.2500000226231543e-10;6.943824588251871e6;1.1796407100365795e-5;-1.370149019376884e12;8.560376314730704e7
1.1540000000000001e-12;-1.993769978461511e-6;1.2500000227411183e-10;6.943824586881722e6;1.1882010863513101e-5;-1.3797094422154639e12;8.650129417016694e7
1.155e-12;-1.9868261538746294e-6;1.2500000228599384e-10;6.943824585502013e6;1.1968512157683267e-5;-1.3893702792304563e12;8.741141631401022e7
1.1560000000000001e-12;-1.9798823292891275e-6;1.2500000229796234e-10;6.943824584112642e6;1.2055923573997278e-5;-1.3991329415757983e12;8.833435115051715e7
1.157e-12;-1.972938504705015e-6;1.2500000231001827e-10;6.943824582713509e6;1.2144257925147795e-5;-1.4089988652820764e12;8.927032494680117e7
1.1580000000000001e-12;-1.9659946801223015e-6;1.2500000232216252e-10;6.94382458130451e6;1.2233528250094596e-5;-1.4189695117846257e12;9.02195687819064e7
1.159e-12;-1.959050855540997e-6;1.2500000233439606e-10;6.9438245798855405e6;1.2323747818876502e-5;-1.4290463684647776e12;9.118231866662186e7
1.1600000000000001e-12;-1.9521070309611116e-6;1.250000023467198e-10;6.943824578456494e6;1.2414930137543123e-5;-1.4392309492045886e12;9.2158815666716e7
1.161e-12;-1.945163206382655e-6;1.2500000235913473e-10;6.9438245770172635e6;1.250708895320984e-5;-1.449524794955465e12;9.314930602970359e7
1.162e-12;-1.938219381805638e-6;1.2500000237164183e-10;6.943824575567739e6;1.2600238259239544e-5;-1.45992947432107e12;9.415404131525889e7
1.163e-12;-1.93127555723007e-6;1.2500000238424206e-10;6.94382457410781e6;1.2694392300554803e-5;-1.470446584154933e12;9.517327852939357e7
1.164e-12;-1.924331732655962e-6;1.2500000239693647e-10;6.943824572637363e6;1.2789565579084196e-5;-1.481077750173172e12;9.620728026252152e7
1.1650000000000002e-12;-1.9173879080833246e-6;1.2500000240972602e-10;6.943824571156286e6;1.2885772859346717e-5;-1.4918246275827886e12;9.725631483153869e7
1.166e-12;-1.910444083512168e-6;1.250000024226118e-10;6.943824569664462e6;1.2983029174178257e-5;-1.5026889017259604e12;9.832065642604846e7
1.1670000000000002e-12;-1.9035002589425037e-6;1.2500000243559483e-10;6.943824568161773e6;1.3081349830604305e-5;-1.5136722887408386e12;9.940058525887094e7
1.168e-12;-1.8965564343743419e-6;1.2500000244867618e-10;6.9438245666481005e6;1.3180750415863176e-5;-1.5247765362392903e12;1.004963877209758e8
1.1690000000000002e-12;-1.8896126098076938e-6;1.2500000246185694e-10;6.943824565123324e6;1.3281246803584152e-5;-1.5360034240021208e12;1.0160835654098737e8
1.17e-12;-1.8826687852425705e-6;1.2500000247513818e-10;6.943824563587321e6;1.3382855160125138e-5;-1.5473547646922693e12;1.027367909494126e8
1.1710000000000002e-12;-1.875724960678983e-6;1.2500000248852103e-10;6.943824562039966e6;1.348559195107455e-5;-1.558832404586528e12;1.0388199684775166e8
1.172e-12;-1.868781136116943e-6;1.2500000250200663e-10;6.943824560481133e6;1.3589473947922302e-5;-1.5704382243263198e12;1.0504428698265319e8
1.1730000000000002e-12;-1.861837311556462e-6;1.250000025155961e-10;6.943824558910695e6;1.3694518234904955e-5;-1.5821741396881206e12;1.0622398112528564e8
1.174e-12;-1.8548934869975512e-6;1.2500000252929061e-10;6.94382455732852e6;1.380074221603024e-5;-1.5940421023741045e12;1.0742140625610049e8
1.1750000000000001e-12;-1.8479496624402228e-6;1.2500000254309135e-10;6.943824555734478e6;1.3908163622286342e-5;-1.6060441008236218e12;1.0863689675516993e8
1.176e-12;-1.8410058378844882e-6;1.250000025569995e-10;6.943824554128434e6;1.4016800519041511e-5;-1.6181821610461482e12;1.0987079459829007e8
1.1770000000000001e-12;-1.8340620133303599e-6;1.2500000257101632e-10;6.943824552510251e6;1.4126671313639802e-5;-1.6304583474763455e12;1.1112344955904576e8
1.178e-12;-1.8271181887778496e-6;1.2500000258514299e-10;6.943824550879793e6;1.4237794763198849e-5;-1.642874763851915e12;1.1239521941704242e8
1.1790000000000001e-12;-1.8201743642269698e-6;1.2500000259938078e-10;6.943824549236919e6;1.4350189982615892e-5;-1.6554335541149377e12;1.1368647017251693e8
1.18e-12;-1.8132305396777329e-6;1.2500000261373097e-10;6.9438245475814855e6;1.446387645278841e-5;-1.6681369033374197e12;1.1499757626754868e8
1.1810000000000001e-12;-1.8062867151301514e-6;1.2500000262819484e-10;6.943824545913349e6;1.4578874029055958e-5;-1.6809870386717998e12;1.1632892081410013e8
1.182e-12;-1.799342890584238e-6;1.2500000264277372e-10;6.943824544232362e6;1.4695202949870059e-5;-1.693986230327172e12;1.1768089582912414e8
1.1830000000000001e-12;-1.7923990660400056e-6;1.2500000265746892e-10;6.943824542538376e6;1.4812883845699182e-5;-1.7071367925720413e12;1.1905390247698629e8
1.184e-12;-1.7854552414974672e-6;1.250000026722818e-10;6.943824540831239e6;1.4931937748176169e-5;-1.7204410847644265e12;1.2044835131945917e8
1.185e-12;-1.778511416956636e-6;1.2500000268721374e-10;6.943824539110797e6;1.5052386099495628e-5;-1.7339015124101726e12;1.2186466257355495e8
1.186e-12;-1.771567592417525e-6;1.2500000270226613e-10;6.943824537376896e6;1.5174250762069183e-5;-1.747520528250358e12;1.2330326637747508e8
1.187e-12;-1.7646237678801483e-6;1.2500000271744037e-10;6.943824535629375e6;1.5297554028446658e-5;-1.7613006333787075e12;1.24764603064964e8
1.1880000000000002e-12;-1.757679943344519e-6;1.250000027327379e-10;6.943824533868074e6;1.5422318631511623e-5;-1.7752443783899763e12;1.2624912344836915e8
1.189e-12;-1.7507361188106507e-6;1.2500000274816023e-10;6.94382453209283e6;1.5548567754959993e-5;-1.7893543645602703e12;1.2775728911071664e8
1.1900000000000002e-12;-1.743792294278558e-6;1.250000027637088e-10;6.943824530303475e6;1.567632504407071e-5;-1.8036332450603403e12;1.2928957270712939e8
1.191e-12;-1.7368484697482545e-6;1.250000027793851e-10;6.943824528499843e6;1.580561461677784e-5;-1.818083726202895e12;1.3084645827592357e8
1.1920000000000002e-12;-1.7299046452197546e-6;1.2500000279519072e-10;6.943824526681758e6;1.5936461075053762e-5;-1.83270856872503e12;1.3242844155973521e8
1.193e-12;-1.7229608206930729e-6;1.2500000281112718e-10;6.94382452484905e6;1.6068889516613497e-5;-1.8475105891069097e12;1.3403603033704168e8
1.1940000000000002e-12;-1.716016996168224e-6;1.2500000282719607e-10;6.9438245230015395e6;1.6202925546950538e-5;-1.862492660927878e12;1.3566974476445907e8
1.195e-12;-1.7090731716452223e-6;1.2500000284339898e-10;6.943824521139047e6;1.6338595291715e-5;-1.8776577162612146e12;1.3733011773021007e8
1.1960000000000002e-12;-1.7021293471240834e-6;1.2500000285973758e-10;6.943824519261389e6;1.6475925409445208e-5;-1.8930087471087957e12;1.3901769521917415e8
1.197e-12;-1.695185522604822e-6;1.250000028762135e-10;6.94382451736838e6;1.6614943104664382e-5;-1.9085488068769893e12;1.407330366899506e8
1.1980000000000001e-12;-1.6882416980874537e-6;1.2500000289282843e-10;6.943824515459831e6;1.6755676141354333e-5;-1.9242810118951152e12;1.4247671546437782e8
1.199e-12;-1.6812978735719938e-6;1.250000029095841e-10;6.94382451353555e6;1.689815285681871e-5;-1.9402085429779033e12;1.4424931912997675e8
1.2000000000000001e-12;-1.6743540490584583e-6;1.2500000292648227e-10;6.943824511595341e6;1.704240217594869e-5;-1.9563346470334019e12;1.4605144995580083e8
1.201e-12;-1.6674102245468628e-6;1.2500000294352467e-10;6.943824509639007e6;1.718845362590449e-5;-1.972662638717854e12;1.478837253221981e8
1.2020000000000001e-12;-1.6604664000372238e-6;1.2500000296071312e-10;6.943824507666345e6;1.733633735122669e-5;-1.9891959021391243e12;1.4974677816501123e8
1.203e-12;-1.6535225755295576e-6;1.2500000297804946e-10;6.943824505677149e6;1.74860841293917e-5;-2.0059378926102922e12;1.5164125743476227e8
1.2040000000000001e-12;-1.6465787510238803e-6;1.2500000299553554e-10;6.943824503671211e6;1.7637725386826463e-5;-2.0228921384551328e12;1.5356782857139498e8
1.205e-12;-1.639634926520209e-6;1.2500000301317325e-10;6.943824501648319e6;1.7791293215397857e-5;-2.0400622428672253e12;1.555271739951687e8
1.2060000000000001e-12;-1.6326911020185608e-6;1.2500000303096454e-10;6.943824499608257e6;1.7946820389393027e-5;-2.0574518858245276e12;1.5751999361432543e8
1.207e-12;-1.6257472775189526e-6;1.2500000304891136e-10;6.943824497550805e6;1.810434038300735e-5;-2.0750648260613213e12;1.5954700535017815e8
1.2080000000000001e-12;-1.6188034530214018e-6;1.250000030670157e-10;6.94382449547574e6;1.826388738835753e-5;-2.092904903099481e12;1.6160894568029353e8
1.209e-12;-1.611859628525926e-6;1.250000030852796e-10;6.943824493382835e6;1.842549633403782e-5;-2.110976039341146e12;1.6370657020047718e8
1.21e-12;-1.6049158040325432e-6;1.250000031037051e-10;6.943824491271859e6;1.85892029042383e-5;-2.1292822422248872e12;1.658406542062926e8
1.2110000000000002e-12;-1.5979719795412713e-6;1.250000031222943e-10;6.943824489142577e6;1.8755043558444594e-5;-2.1478276064476257e12;1.6801199329488558e8
1.212e-12;-1.5910281550521288e-6;1.2500000314104935e-10;6.94382448699475e6;1.892305555173948e-5;-2.1666163162545557e12;1.7022140398791045e8
1.2130000000000002e-12;-1.584084330565134e-6;1.250000031599724e-10;6.943824484828133e6;1.909327695572739e-5;-2.185652647799506e12;1.7246972437639847e8
1.214e-12;-1.5771405060803058e-6;1.2500000317906567e-10;6.94382448264248e6;1.9265746680103787e-5;-2.204940971578192e12;1.7475781478843844e8
1.2150000000000002e-12;-1.5701966815976632e-6;1.250000031983314e-10;6.9438244804375395e6;1.9440504494892226e-5;-2.2244857549369673e12;1.7708655848058403e8
1.216e-12;-1.5632528571172257e-6;1.250000032177719e-10;6.943824478213054e6;1.961759105337281e-5;-2.2442915646597437e12;1.79456862353938e8
1.2170000000000002e-12;-1.5563090326390126e-6;1.250000032373895e-10;6.943824475968762e6;1.9797047915726746e-5;-2.264363069635897e12;1.8186965769591144e8
1.218e-12;-1.5493652081630438e-6;1.2500000325718655e-10;6.9438244737044e6;1.9978917573422656e-5;-2.284705043612047e12;1.8432590094869563e8
1.2190000000000002e-12;-1.5424213836893393e-6;1.2500000327716547e-10;6.943824471419695e6;2.016324347437135e-5;-2.305322368030755e12;1.8682657450553527e8
1.22e-12;-1.5354775592179197e-6;1.2500000329732872e-10;6.9438244691143725e6;2.0350070048876886e-5;-2.326220034959281e12;1.8937268753593954e8
1.2210000000000001e-12;-1.5285337347488053e-6;1.2500000331767878e-10;6.943824466788152e6;2.0539442736412826e-5;-2.3474031501116963e12;1.9196527684101936e8
1.222e-12;-1.521589910282017e-6;1.2500000333821822e-10;6.943824464440749e6;2.0731408013253844e-5;-2.3688769359677354e12;1.9460540774019265e8
1.2230000000000001e-12;-1.5146460858175764e-6;1.2500000335894964e-10;6.943824462071872e6;2.0926013420994038e-5;-2.390646734991986e12;1.9729417499056038e8
1.224e-12;-1.5077022613555044e-6;1.2500000337987566e-10;6.943824459681226e6;2.11233075959846e-5;-2.412718012957088e12;2.000327037403112e8
1.2250000000000001e-12;-1.5007584368958232e-6;1.2500000340099895e-10;6.943824457268508e6;2.132334029972491e-5;-2.4350963623748096e12;2.028221505175791e8
1.226e-12;-1.4938146124385548e-6;1.250000034223223e-10;6.943824454833412e6;2.152616245024249e-5;-2.457787506039041e12;2.056637042562456e8
1.2270000000000001e-12;-1.4868707879837213e-6;1.2500000344384846e-10;6.943824452375624e6;2.1731826154498737e-5;-2.4807973006848613e12;2.085585873602439e8
1.228e-12;-1.4799269635313458e-6;1.2500000346558028e-10;6.943824449894827e6;2.194038474185898e-5;-2.5041317407680767e12;2.115080568080002e8
1.2290000000000001e-12;-1.472983139081451e-6;1.2500000348752068e-10;6.943824447390695e6;2.215189279866698e-5;-2.5277969623697676e12;2.145134052987234e8
1.23e-12;-1.4660393146340602e-6;1.2500000350967257e-10;6.943824444862898e6;2.2366406203965706e-5;-2.5517992472305986e12;2.175759624423335e8
1.2310000000000001e-12;-1.4590954901891974e-6;1.2500000353203897e-10;6.943824442311099e6;2.258398216640804e-5;-2.5761450269198403e12;2.206970959949094e8
1.232e-12;-1.4521516657468863e-6;1.2500000355462294e-10;6.943824439734953e6;2.2804679262402948e-5;-2.6008408871442705e12;2.2387821314162177e8
1.233e-12;-1.4452078413071514e-6;1.250000035774276e-10;6.943824437134112e6;2.302855747554457e-5;-2.6258935722023433e12;2.271207618292161e8
1.2340000000000002e-12;-1.4382640168700174e-6;1.2500000360045616e-10;6.943824434508218e6;2.3255678237373785e-5;-2.651309989589253e12;2.304262321502085e8
1.235e-12;-1.4313201924355091e-6;1.2500000362371183e-10;6.943824431856909e6;2.3486104469523993e-5;-2.67709721475876e12;2.3379615778106305e8
1.2360000000000002e-12;-1.4243763680036523e-6;1.2500000364719794e-10;6.943824429179812e6;2.3719900627305055e-5;-2.703262496047904e12;2.3723211747673067e8
1.237e-12;-1.4174325435744725e-6;1.2500000367091784e-10;6.943824426476549e6;2.3957132744781785e-5;-2.729813259771011e12;2.4073573662404656e8
1.2380000000000002e-12;-1.410488719147996e-6;1.2500000369487498e-10;6.943824423746736e6;2.4197868481405832e-5;-2.756757115489684e12;2.4430868885660803e8
1.239e-12;-1.4035448947242494e-6;1.2500000371907285e-10;6.943824420989979e6;2.444217717026244e-5;-2.7841018614657344e12;2.4795269773388156e8
1.2400000000000002e-12;-1.3966010703032594e-6;1.2500000374351503e-10;6.943824418205877e6;2.469012986799632e-5;-2.8118554903043745e12;2.5166953848742858e8
1.241e-12;-1.3896572458850535e-6;1.2500000376820516e-10;6.943824415394021e6;2.494179940648375e-5;-2.8400261947952817e12;2.554610398372837e8
1.2420000000000002e-12;-1.3827134214696594e-6;1.2500000379314695e-10;6.943824412553995e6;2.519726044632103e-5;-2.8686223739595176e12;2.5932908588167202e8
1.243e-12;-1.3757695970571054e-6;1.2500000381834422e-10;6.943824409685372e6;2.5456589532202703e-5;-2.8976526393106094e12;2.6327561806341246e8
1.2440000000000002e-12;-1.3688257726474201e-6;1.250000038438008e-10;6.94382440678772e6;2.5719865150266117e-5;-2.927125821338543e12;2.673026372165276e8
1.245e-12;-1.3618819482406323e-6;1.2500000386952067e-10;6.943824403860594e6;2.5987167787482645e-5;-2.9570509762257397e12;2.7141220569675744e8
1.2460000000000001e-12;-1.3549381238367716e-6;1.2500000389550784e-10;6.943824400903543e6;2.6258579993179404e-5;-2.9874373928045967e12;2.7560644959986913e8
1.247e-12;-1.3479942994358681e-6;1.2500000392176643e-10;6.9438243979161065e6;2.6534186442779273e-5;-3.0182945997665366e12;2.7988756107185096e8
1.2480000000000001e-12;-1.341050475037952e-6;1.2500000394830063e-10;6.943824394897812e6;2.6814074003851124e-5;-3.049632373133025e12;2.8425780071529776e8
1.249e-12;-1.3341066506430541e-6;1.250000039751147e-10;6.9438243918481795e6;2.709833180456642e-5;-3.0814607439995044e12;2.887195000965145e8
1.2500000000000001e-12;-1.3271628262512058e-6;1.2500000400221303e-10;6.943824388766719e6;2.7387051304662935e-5;-3.113790006563674e12;2.9327506435810745e8
1.251e-12;-1.320219001862439e-6;1.2500000402960007e-10;6.943824385652929e6;2.768032636902104e-5;-3.1466307264501133e12;2.979269749420791e8
1.2520000000000001e-12;-1.3132751774767862e-6;1.250000040572804e-10;6.943824382506298e6;2.797825334396312e-5;-3.179993749343855e12;3.0267779242871934e8
1.253e-12;-1.3063313530942799e-6;1.2500000408525865e-10;6.943824379326304e6;2.828093113639184e-5;-3.213890209946026e12;3.0753015949685484e8
1.2540000000000001e-12;-1.2993875287149535e-6;1.250000041135396e-10;6.9438243761124145e6;2.8588461295888696e-5;-3.2483315412653975e12;3.1248680401132923e8
1.255e-12;-1.2924437043388412e-6;1.2500000414212807e-10;6.943824372864083e6;2.8900948099900026e-5;-3.2833294842602983e12;3.175505422438959e8
1.256e-12;-1.285499879965977e-6;1.25000004171029e-10;6.943824369580754e6;2.921849864214392e-5;-3.3188960978461113e12;3.227242822340488e8
1.2570000000000002e-12;-1.2785560555963962e-6;1.250000042002475e-10;6.943824366261858e6;2.954122292437797e-5;-3.355043769284221e12;3.28011027296662e8
1.258e-12;-1.2716122312301342e-6;1.2500000422978874e-10;6.943824362906814e6;2.986923395167463e-5;-3.391785224969176e12;3.3341387968369734e8
1.2590000000000002e-12;-1.2646684068672274e-6;1.2500000425965798e-10;6.943824359515028e6;3.0202647831358328e-5;-3.4291335416315684e12;3.389360444076338e8
1.26e-12;-1.2577245825077123e-6;1.2500000428986061e-10;6.943824356085895e6;3.0541583875765964e-5;-3.467102157975067e12;3.4458083323469657e8
1.2610000000000002e-12;-1.2507807581516263e-6;1.250000043204022e-10;6.943824352618792e6;3.088616470900066e-5;-3.5057048867669165e12;3.5035166885641927e8
1.262e-12;-1.2438369337990075e-6;1.2500000435128837e-10;6.943824349113087e6;3.1236516377857076e-5;-3.5449559274022354e12;3.5625208924854845e8
1.2630000000000002e-12;-1.2368931094498944e-6;1.2500000438252488e-10;6.943824345568132e6;3.159276846710562e-5;-3.5848698789634316e12;3.622857522268079e8
1.264e-12;-1.2299492851043263e-6;1.2500000441411764e-10;6.9438243419832615e6;3.195505421933243e-5;-3.625461753797167e12;3.6845644020958215e8
1.2650000000000002e-12;-1.223005460762343e-6;1.250000044460727e-10;6.9438243383578e6;3.232351065954201e-5;-3.6667469916324473e12;3.747680651981535e8
1.266e-12;-1.2160616364239854e-6;1.250000044783962e-10;6.943824334691052e6;3.2698278724740165e-5;-3.7087414742646245e12;3.812246739857338e8
1.2670000000000002e-12;-1.2091178120892942e-6;1.2500000451109446e-10;6.943824330982311e6;3.30795033987259e-5;-3.7514615408313896e12;3.8783045360718757e8
1.268e-12;-1.2021739877583118e-6;1.2500000454417396e-10;6.943824327230849e6;3.346733385233309e-5;-3.7949240037081743e12;3.945897370420265e8
1.2690000000000001e-12;-1.195230163431081e-6;1.250000045776413e-10;6.943824323435925e6;3.386192358937512e-5;-3.83914616505186e12;4.015070091839998e8
1.27e-12;-1.188286339107645e-6;1.2500000461150323e-10;6.943824319596779e6;3.4263430598559115e-5;-3.884145834023163e12;4.0858691309137744e8
1.2710000000000001e-12;-1.1813425147880482e-6;1.2500000464576665e-10;6.943824315712633e6;3.467201751165049e-5;-3.9299413447197114e12;4.158342565328661e8
1.272e-12;-1.1743986904723355e-6;1.2500000468043868e-10;6.943824311782692e6;3.508785176818336e-5;-3.9765515748535464e12;4.2325401884498125e8
1.2730000000000001e-12;-1.1674548661605528e-6;1.2500000471552654e-10;6.94382430780614e6;3.551110578702834e-5;-4.023995965208537e12;4.3085135811764437e8
1.274e-12;-1.1605110418527467e-6;1.2500000475103764e-10;6.943824303782144e6;3.5941957145145985e-5;-4.072294539915194e12;4.386316187257904e8
1.2750000000000001e-12;-1.1535672175489646e-6;1.250000047869796e-10;6.943824299709849e6;3.638058876387178e-5;-4.1214679275823364e12;4.466003392258391e8
1.276e-12;-1.1466233932492547e-6;1.2500000482336019e-10;6.943824295588382e6;3.682718910309761e-5;-4.171537383327243e12;4.5476326063703537e8
1.2770000000000001e-12;-1.1396795689536662e-6;1.2500000486018738e-10;6.943824291416844e6;3.728195236373465e-5;-4.2225248117482495e12;4.631263351288975e8
1.278e-12;-1.1327357446622494e-6;1.2500000489746934e-10;6.94382428719432e6;3.774507869886355e-5;-4.2744527908860996e12;4.7169573513730645e8
1.2790000000000001e-12;-1.125791920375055e-6;1.2500000493521442e-10;6.943824282919867e6;3.8216774434000856e-5;-4.327344597223049e12;4.804778629331866e8
1.2800000000000002e-12;-1.1188480960921351e-6;1.250000049734312e-10;6.943824278592522e6;3.869725229693404e-5;-4.381224231771341e12;4.8947936066920435e8
1.281e-12;-1.1119042718135426e-6;1.2500000501212844e-10;6.943824274211298e6;3.9186731657603245e-5;-4.436116447305699e12;4.98707120931527e8
1.2820000000000002e-12;-1.1049604475393313e-6;1.2500000505131516e-10;6.943824269775181e6;3.968543877853477e-5;-4.49204677679752e12;5.0816829782538176e8
1.283e-12;-1.0980166232695561e-6;1.250000050910006e-10;6.943824265283135e6;4.019360707636015e-5;-4.549041563111703e12;5.17870318624986e8
1.2840000000000002e-12;-1.091072799004273e-6;1.250000051311942e-10;6.943824260734093e6;4.071147739498513e-5;-4.6071279900307e12;5.278208960203861e8
1.285e-12;-1.0841289747435389e-6;1.250000051719057e-10;6.943824256126965e6;4.123929829100552e-5;-4.666334114673917e12;5.38028040995826e8
1.2860000000000002e-12;-1.077185150487412e-6;1.2500000521314498e-10;6.943824251460631e6;4.177732633200135e-5;-4.726688901384711e12;5.485000763765243e8
1.287e-12;-1.0702413262359513e-6;1.250000052549223e-10;6.943824246733942e6;4.232582640837787e-5;-4.788222257161385e12;5.592456510831411e8
1.2880000000000002e-12;-1.0632975019892174e-6;1.2500000529724813e-10;6.943824241945719e6;4.288507205946101e-5;-4.850965068713112e12;5.70273755135798e8
1.289e-12;-1.0563536777472717e-6;1.250000053401332e-10;6.943824237094754e6;4.345534581459681e-5;-4.914949241226488e12;5.815937354522847e8
1.2900000000000002e-12;-1.049409853510177e-6;1.2500000538358855e-10;6.943824232179805e6;4.403693955004909e-5;-4.980207738933641e12;5.932153124880652e8
1.291e-12;-1.0424660292779972e-6;1.250000054276255e-10;6.943824227199597e6;4.463015486253716e-5;-5.046774627578111e12;6.051485977688745e8
1.2920000000000001e-12;-1.0355222050507975e-6;1.2500000547225564e-10;6.943824222152823e6;4.5235303460306034e-5;-5.114685118880731e12;6.174041123701382e8
1.293e-12;-1.0285783808286446e-6;1.2500000551749094e-10;6.943824217038138e6;4.585270757267617e-5;-5.183975617113834e12;6.299928064011296e8
1.2940000000000001e-12;-1.0216345566116066e-6;1.2500000556334366e-10;6.943824211854163e6;4.6482700379077305e-5;-5.254683767898851e12;6.42926079555741e8
1.295e-12;-1.0146907323997524e-6;1.2500000560982635e-10;6.943824206599479e6;4.712562645863304e-5;-5.326848509349392e12;6.562158027960043e8
1.2960000000000001e-12;-1.007746908193153e-6;1.2500000565695196e-10;6.94382420127263e6;4.778184226142905e-5;-5.400510125689586e12;6.698743412390965e8
1.297e-12;-1.0008030839918803e-6;1.250000057047338e-10;6.94382419587212e6;4.845171660266814e-5;-5.475710303485515e12;6.839145783234937e8
1.2980000000000001e-12;-9.938592597960082e-7;1.250000057531855e-10;6.9438241903964095e6;4.913563118099164e-5;-5.552492190636329e12;6.983499413352716e8
1.299e-12;-9.869154356056118e-7;1.2500000580232115e-10;6.943824184843917e6;4.983398112232691e-5;-5.630900458280878e12;7.131944283812761e8
1.3000000000000001e-12;-9.799716114207678e-7;1.2500000585215514e-10;6.943824179213017e6;5.054717555070819e-5;-5.710981365785786e12;7.284626369020996e8
1.301e-12;-9.730277872415549e-7;1.250000059027023e-10;6.943824173502035e6;5.127563818761029e-5;-5.792782828991419e12;7.44169793824441e8
1.3020000000000001e-12;-9.660839630680529e-7;1.2500000595397794e-10;6.943824167709253e6;5.2019807981434727e-5;-5.876354491903815e12;7.603317874596777e8
1.303e-12;-9.591401389003437e-7;1.2500000600599776e-10;6.943824161832898e6;5.27801397688944e-5;-5.96174780203285e12;7.769652012632322e8
1.304e-12;-9.521963147385108e-7;1.250000060587779e-10;6.94382415587115e6;5.3557104970157636e-5;-6.049016089590126e12;7.940873495777559e8
1.3050000000000002e-12;-9.452524905826397e-7;1.25000006112335e-10;6.943824149822134e6;5.4351192319735395e-5;-6.138214650774249e12;8.117163154922419e8
1.306e-12;-9.383086664328175e-7;1.250000061666862e-10;6.943824143683919e6;5.516290863522764e-5;-6.229400835386344e12;8.298709909590353e8
1.3070000000000002e-12;-9.313648422891336e-7;1.2500000622184911e-10;6.943824137454518e6;5.599277962618667e-5;-6.322634139035078e12;8.48571119321369e8
1.308e-12;-9.24421018151679e-7;1.250000062778419e-10;6.943824131131884e6;5.6841350745508036e-5;-6.417976300207977e12;8.678373404156036e8
1.3090000000000002e-12;-9.174771940205472e-7;1.2500000633468325e-10;6.943824124713907e6;5.770918808592364e-5;-6.5154914025048e12;8.876912384248699e8
1.31e-12;-9.105333698958333e-7;1.2500000639239243e-10;6.943824118198415e6;5.859687932434851e-5;-6.615245982349095e12;9.08155392674389e8
1.3110000000000002e-12;-9.035895457776349e-7;1.250000064509893e-10;6.94382411158317e6;5.95050347170229e-5;-6.717309142516007e12;9.292534315734811e8
1.312e-12;-8.966457216660517e-7;1.2500000651049436e-10;6.94382410486586e6;6.043428814859638e-5;-6.821752671838026e12;9.510100899252646e8
1.3130000000000002e-12;-8.897018975611858e-7;1.2500000657092864e-10;6.943824098044108e6;6.138529823852164e-5;-6.928651171475991e12;9.734512698424473e8
1.314e-12;-8.827580734631417e-7;1.2500000663231395e-10;6.943824091115456e6;6.235874950836409e-5;-7.038082188169996e12;9.96604105526488e8
1.3150000000000002e-12;-8.758142493720263e-7;1.250000066946727e-10;6.943824084077374e6;6.335535361389058e-5;-7.150126354914722e12;1.0204970321879796e9
1.316e-12;-8.688704252879489e-7;1.2500000675802805e-10;6.943824076927247e6;6.437585064607855e-5;-7.264867539535757e12;1.0451598594084908e9
1.3170000000000001e-12;-8.619266012110216e-7;1.250000068224039e-10;6.94382406966238e6;6.542101050548705e-5;-7.3823930016781045e12;1.0706238492684659e9
1.318e-12;-8.549827771413593e-7;1.2500000688782492e-10;6.943824062279987e6;6.649163435475552e-5;-7.502793558755692e12;1.0969217995923793e9
1.3190000000000001e-12;-8.480389530790792e-7;1.2500000695431656e-10;6.943824054777194e6;6.75885561543479e-5;-7.626163761451234e12;1.1240881326913166e9
1.32e-12;-8.41095129024302e-7;1.2500000702190513e-10;6.94382404715103e6;6.871264428703921e-5;-7.75260207939976e12;1.1521589900147984e9
1.3210000000000001e-12;-8.341513049771509e-7;1.2500000709061778e-10;6.943824039398428e6;6.986480327705401e-5;-7.882211097736868e12;1.1811723331582434e9
1.322e-12;-8.272074809377525e-7;1.250000071604826e-10;6.943824031516217e6;7.104597561021225e-5;-8.015097725244289e12;1.211168051710229e9
1.3230000000000001e-12;-8.202636569062363e-7;1.2500000723152857e-10;6.943824023501119e6;7.225714366192248e-5;-8.151373414881466e12;1.2421880784650502e9
1.324e-12;-8.133198328827352e-7;1.2500000730378572e-10;6.943824015349745e6;7.349933174038753e-5;-8.291154397552737e12;1.2742765125713282e9
1.3250000000000001e-12;-8.063760088673855e-7;1.2500000737728506e-10;6.943824007058591e6;7.477360825295886e-5;-8.434561930025801e12;1.3074797512369738e9
1.326e-12;-7.994321848603269e-7;1.2500000745205867e-10;6.943823998624029e6;7.608108800419584e-5;-8.581722557988996e12;1.3418466306651695e9
1.3270000000000001e-12;-7.924883608617029e-7;1.2500000752813977e-10;6.9438239900423065e6;7.7422934634861e-5;-8.732768395313253e12;1.3774285769556582e9
1.3280000000000002e-12;-7.855445368716606e-7;1.250000076055627e-10;6.943823981309538e6;7.880036321181667e-5;-8.887837420669588e12;1.4142797677710936e9
1.329e-12;-7.78600712890351e-7;1.2500000768436306e-10;6.9438239724217e6;8.021464297958776e-5;-9.047073792745947e12;1.4524573056401806e9
1.3300000000000002e-12;-7.716568889179293e-7;1.2500000776457772e-10;6.943823963374626e6;8.166710028522795e-5;-9.210628185408246e12;1.4920214038484662e9
1.331e-12;-7.647130649545547e-7;1.2500000784624482e-10;6.943823954163997e6;8.315912168907641e-5;-9.37865814426099e12;1.533035585954767e9
1.3320000000000002e-12;-7.577692410003907e-7;1.2500000792940395e-10;6.943823944785339e6;8.469215727503118e-5;-9.551328466183309e12;1.575566900067193e9
1.333e-12;-7.508254170556053e-7;1.250000080140961e-10;6.94382393523401e6;8.626772417509838e-5;-9.728811603548072e12;1.6196861491185732e9
1.3340000000000002e-12;-7.438815931203713e-7;1.2500000810036383e-10;6.943823925505199e6;8.788741032421695e-5;-9.91128809497584e12;1.6654681384978764e9
1.335e-12;-7.369377691948662e-7;1.2500000818825125e-10;6.94382391559391e6;8.955287846271483e-5;-1.0098947024633266e13;1.712991942523263e9
1.3360000000000002e-12;-7.299939452792722e-7;1.2500000827780412e-10;6.943823905494963e6;9.126587040523809e-5;-1.0291986512258232e13;1.7623411913850253e9
1.337e-12;-7.230501213737772e-7;1.2500000836906998e-10;6.943823895202977e6;9.302821159662312e-5;-1.0490614236283691e13;1.813604380344557e9
1.3380000000000002e-12;-7.161062974785742e-7;1.250000084620982e-10;6.943823884712363e6;9.484181597696768e-5;-1.069504799264014e13;1.866875203150358e9
1.339e-12;-7.091624735938618e-7;1.2500000855694002e-10;6.943823874017315e6;9.670869118011805e-5;-1.0905516292044998e13;1.9222529118259206e9
1.3400000000000001e-12;-7.022186497198445e-7;1.250000086536487e-10;6.943823863111799e6;9.863094409194397e-5;-1.1122258998838475e13;1.9798427051995778e9
1.341e-12;-6.952748258567327e-7;1.2500000875227965e-10;6.943823851989539e6;0.00010061078679714355;-1.134552801470173e13;2.0397561487853732e9
1.3420000000000001e-12;-6.883310020047432e-7;1.2500000885289043e-10;6.943823840644011e6;0.00010265054294592893;-1.157558801089765e13;2.1021116288899157e9
1.343e-12;-6.813871781640992e-7;1.25000008955541e-10;6.943823829068423e6;0.00010475265457481884;-1.1812717213009928e13;2.1670348441160502e9
1.3440000000000001e-12;-6.744433543350307e-7;1.2500000906029364e-10;6.943823817255706e6;0.00010691968941893489;-1.2057208242526588e13;2.2346593377640295e9
1.345e-12;-6.67499530517775e-7;1.2500000916721333e-10;6.943823805198497e6;0.00010915434875669891;-1.2309369020023037e13;2.3051270749987707e9
1.3460000000000001e-12;-6.605557067125765e-7;1.2500000927636767e-10;6.943823792889128e6;0.00011145947583169768;-1.2569523735151846e13;2.3785890690626745e9
1.347e-12;-6.536118829196874e-7;1.2500000938782715e-10;6.943823780319605e6;0.00011383806490076036;-1.2838013889147064e13;2.4552060612729445e9
1.3480000000000001e-12;-6.466680591393678e-7;1.2500000950166522e-10;6.943823767481592e6;0.00011629327096203331;-1.3115199416105377e13;2.535149260056601e9
1.349e-12;-6.397242353718862e-7;1.250000096179585e-10;6.943823754366392e6;0.00011882842022208991;-1.340145988992139e13;2.6186011448527303e9
1.3500000000000001e-12;-6.327804116175198e-7;1.2500000973678692e-10;6.943823740964932e6;0.00012144702136694264;-1.3697195824437408e13;2.7057563413581953e9
1.3510000000000002e-12;-6.258365878765549e-7;1.2500000985823394e-10;6.943823727267737e6;0.00012415277770830085;-1.4002830075126803e13;2.796822575319421e9
1.352e-12;-6.188927641492871e-7;1.2500000998238671e-10;6.943823713264907e6;0.00012694960028362026;-1.4318809351475291e13;2.8920217128900895e9
1.3530000000000002e-12;-6.119489404360223e-7;1.2500001010933632e-10;6.943823698946098e6;0.00012984162199651035;-1.464560585016499e13;2.9915908964946957e9
1.354e-12;-6.050051167370762e-7;1.2500001023917793e-10;6.943823684300492e6;0.00013283321289300504;-1.4983719020216355e13;3.0957837861757536e9
1.3550000000000002e-12;-5.980612930527757e-7;1.2500001037201114e-10;6.943823669316772e6;0.0001359289966791808;-1.5333677472415025e13;3.204871917574195e9
1.356e-12;-5.911174693834589e-7;1.2500001050794013e-10;6.943823653983095e6;0.00013913386859675498;-1.569604104666166e13;3.319146189017484e9
1.3570000000000002e-12;-5.841736457294758e-7;1.25000010647074e-10;6.943823638287053e6;0.00014245301478577247;-1.6071403052350281e13;3.4389184916902485e9
1.358e-12;-5.772298220911888e-7;1.2500001078952702e-10;6.94382362221565e6;0.00014589193327746273;-1.6460392698525799e13;3.5645234985633354e9
1.3590000000000002e-12;-5.702859984689732e-7;1.2500001093541895e-10;6.943823605755257e6;0.00014945645677602606;-1.6863677732417959e13;3.696320629688949e9
1.36e-12;-5.63342174863218e-7;1.2500001108487542e-10;6.94382358889158e6;0.000153152777405715;-1.7281967307024742e13;3.834696213666347e9
1.3610000000000002e-12;-5.563983512743265e-7;1.250000112380282e-10;6.943823571609613e6;0.00015698747361938135;-1.7716015100754234e13;3.980065867584714e9
1.362e-12;-5.494545277027168e-7;1.2500001139501568e-10;6.943823553893598e6;0.00016096753948696607;-1.816662271476773e13;4.132877120604149e9
1.3630000000000001e-12;-5.425107041488232e-7;1.2500001155598321e-10;6.943823535726975e6;0.00016510041660757022;-1.8634643376638926e13;4.2936123095969405e9
1.364e-12;-5.355668806130962e-7;1.2500001172108363e-10;6.943823517092331e6;0.00016939402891716717;-1.912098598230476e13;4.462791779003679e9
1.3650000000000001e-12;-5.286230570960039e-7;1.2500001189047766e-10;6.943823497971346e6;0.00017385682069617086;-1.9626619512087914e13;4.640977421337334e9
1.366e-12;-5.216792335980325e-7;1.2500001206433448e-10;6.943823478344726e6;0.0001784977981175082;-2.0152577860885438e13;4.828776599681808e9
1.3670000000000001e-12;-5.147354101196878e-7;1.2500001224283227e-10;6.943823458192148e6;0.00018332657471719003;-2.0699965127518207e13;5.02684649918358e9
1.368e-12;-5.077915866614957e-7;1.2500001242615884e-10;6.943823437492183e6;0.00018835342121637362;-2.1269961413810633e13;5.235898961048803e9
1.3690000000000001e-12;-5.008477632240034e-7;1.2500001261451226e-10;6.943823416222222e6;0.00019358932017742242;-2.1863829190323348e13;5.456705860079162e9
1.37e-12;-4.939039398077813e-7;1.2500001280810158e-10;6.943823394358393e6;0.0001990460260375016;-2.248292029291339e13;5.69010509547959e9
1.3710000000000001e-12;-4.869601164134229e-7;1.250000130071476e-10;6.943823371875472e6;0.00020473613113298117;-2.312868362259072e13;5.937007274755016e9
1.372e-12;-4.800162930415475e-7;1.2500001321188372e-10;6.943823348746789e6;0.00021067313840773618;-2.3802673630641633e13;6.19840318222455e9
1.3730000000000001e-12;-4.730724696928007e-7;1.2500001342255685e-10;6.943823324944115e6;0.00021687154158996072;-2.4506559681896094e13;6.47537213731108e9
1.3740000000000002e-12;-4.661286463678566e-7;1.2500001363942838e-10;6.943823300437556e6;0.0002233469137272718;-2.5242136401560277e13;6.769091363660348e9
1.375e-12;-4.5918482306741904e-7;1.250000138627753e-10;6.943823275195419e6;0.00023011600509093214;-2.601133512548869e13;7.08084650872269e9
1.3760000000000002e-12;-4.522409997922236e-7;1.250000140928913e-10;6.943823249184084e6;0.00023719685159965485;-2.6816236590461953e13;7.412043475195968e9
1.377e-12;-4.452971765430395e-7;1.2500001433008816e-10;6.943823222367847e6;0.0002446088950748508;-2.765908502034786e13;7.764221751283529e9
1.3780000000000002e-12;-4.383533533206717e-7;1.2500001457469705e-10;6.943823194708763e6;0.00025237311682613434;-2.854230378642053e13;8.139069456799679e9
1.379e-12;-4.314095301259629e-7;1.2500001482707016e-10;6.943823166166459e6;0.000260512186282934;-2.946851284614058e13;8.538440357642895e9
1.3800000000000002e-12;-4.2446570695979646e-7;1.2500001508758235e-10;6.943823136697946e6;0.00026905062664057695;-3.0440548195021395e13;8.964373143134392e9
1.381e-12;-4.175218838230985e-7;1.2500001535663297e-10;6.943823106257398e6;0.0002780149997837113;-3.146148360161135e13;9.419113310501663e9
1.3820000000000002e-12;-4.105780607168411e-7;1.2500001563464796e-10;6.943823074795914e6;0.00028743411309421296;-3.2534654937064457e13;9.905138059984316e9
1.383e-12;-4.036342376420452e-7;1.2500001592208208e-10;6.943823042261259e6;0.0002973392511541973;-3.3663687459404523e13;1.0425184674629372e10
1.3840000000000002e-12;-3.9669041459978393e-7;1.2500001621942133e-10;6.943823008597571e6;0.00030776443582882667;-3.4852526469804816e13;1.098228294325866e10
1.385e-12;-3.8974659159118636e-7;1.2500001652718577e-10;6.943822973745045e6;0.0003187467187720853;-3.6105471825706914e13;1.1579792286340714e10
1.3860000000000002e-12;-3.8280276861744133e-7;1.2500001684593248e-10;6.943822937639574e6;0.00033032651105842603;-3.7427216875454945e13;1.2221444366311926e10
1.387e-12;-3.7585894567980177e-7;1.25000017176259e-10;6.943822900212357e6;0.000342547955424738;-3.882289247386132e13;1.2911392110908878e10
1.3880000000000001e-12;-3.689151227795894e-7;1.2500001751880694e-10;6.943822861389465e6;0.0003554593475356469;-4.029811685085501e13;1.365426625609314e10
1.389e-12;-3.6197129991819997e-7;1.2500001787426628e-10;6.943822821091348e6;0.00036911361379174;-4.1859052239927266e13;1.4455240731442501e10
1.3900000000000001e-12;-3.550274770971086e-7;1.2500001824337988e-10;6.943822779232296e6;0.0003835688545231825;-4.3512469334225055e13;1.5320108474603855e10
1.391e-12;-3.480836543178763e-7;1.2500001862694873e-10;6.943822735719827e6;0.00039888896299778635;-4.526582083173202e13;1.6255369584127123e10
1.3920000000000001e-12;-3.411398315821565e-7;1.2500001902583768e-10;6.943822690454006e6;0.0004151443325819135;-4.7127325564366055e13;1.7268334116427853e10
1.393e-12;-3.341960088917025e-7;1.25000019440982e-10;6.94382264332668e6;0.00043241266669834136;-4.910606498819176e13;1.836724232150607e10
1.3940000000000001e-12;-3.272521862483758e-7;1.2500001987339468e-10;6.943822594220615e6;0.0004507799090198474;-5.121209415485311e13;1.956140571741274e10
1.395e-12;-3.2030836365415516e-7;1.2500002032417458e-10;6.943822543008521e6;0.00047034131473726017;-5.345656970235732e13;2.0861373156244267e10
1.3960000000000001e-12;-3.1336454111114666e-7;1.250000207945159e-10;6.943822489551951e6;0.0004912026878935045;-5.585189791499747e13;2.2279126974712852e10
1.3970000000000002e-12;-3.0642071862159473e-7;1.250000212857186e-10;6.943822433700053e6;0.0005134818148682173;-5.841190653108209e13;2.382831550219496e10
1.3980000000000001e-12;-2.9947689618789467e-7;1.2500002179920041e-10;6.943822375288147e6;0.0005373101303704122;-6.115204475347918e13;2.552452968677308e10
1.3990000000000002e-12;-2.9253307381260653e-7;1.2500002233651055e-10;6.943822314136102e6;0.0005628346600571852;-6.408961688072489e13;2.7385633484851368e10
1.4e-12;-2.855892514984704e-7;1.250000228993452e-10;6.943822250046485e6;0.0005902202935420366;-6.7244056176035195e13;2.9432160061157887e10
1.4010000000000002e-12;-2.786454292484239e-7;1.250000234895655e-10;6.9438221828024285e6;0.0006196524536031946;-7.06372470936957e13;3.168778892144756e10
1.402e-12;-2.717016070656215e-7;1.2500002410921795e-10;6.943822112165181e6;0.0006513402425246421;-7.429390587309739e13;3.417992306192803e10
1.4030000000000002e-12;-2.647577849534563e-7;1.250000247605582e-10;6.943822037871275e6;0.0006855201655865702;-7.824203190367784e13;3.694039035337699e10
1.404e-12;-2.57813962915585e-7;1.2500002544607836e-10;6.943821959629243e6;0.0007224605559399471;-8.251344530993917e13;4.000630007290615e10
1.4050000000000002e-12;-2.5087014095595577e-7;1.250000261685389e-10;6.943821877115798e6;0.0007624668560128533;-8.714443010598625e13;4.342109428480426e10
1.406e-12;-2.4392631907883995e-7;1.2500002693100577e-10;6.943821789971368e6;0.0008058879502976575;-9.21765072948645e13;4.723584538878743e10
1.4070000000000002e-12;-2.3698249728886857e-7;1.2500002773689372e-10;6.943821697794861e6;0.000853123795686445;-9.76573688072616e13;5.151086662210286e10
1.408e-12;-2.300386755910737e-7;1.250000285900175e-10;6.943821600137493e6;0.0009046346623085479;-1.0364201168995923e14;5.631772305715076e10
1.4090000000000002e-12;-2.230948539909362e-7;1.2500002949465216e-10;6.943821496495481e6;0.0009609523853656987;-1.1019412316053792e14;6.17417587129293e10
1.41e-12;-2.161510324944407e-7;1.2500003045560455e-10;6.943821386301357e6;0.001022694144078628;-1.1738778200658508e14;6.788529370691947e10
1.4110000000000001e-12;-2.0920721110813935e-7;1.250000314782987e-10;6.943821268913575e6;0.0010905794377855473;-1.2530956168090838e14;7.487169812014166e10
1.412e-12;-2.0226338983922576e-7;1.2500003256887814e-10;6.943821143604014e6;0.0011654511359056891;-1.3406114725261572e14;8.285062257741443e10
1.4130000000000001e-12;-1.9531956869562176e-7;1.2500003373432927e-10;6.943821009542867e6;0.0012483017584831036;-1.4376261487547534e14;9.200476853998204e10
1.414e-12;-1.883757476860789e-7;1.2500003498263103e-10;6.943820865780252e6;0.0013403065270230856;-1.5455657262916478e14;1.0255872755784093e11
1.4150000000000001e-12;-1.8143192682029866e-7;1.2500003632293754e-10;6.94382071122368e6;0.0014428652545809266;-1.6661343134542147e14;1.1479062883290092e11
1.416e-12;-1.7448810610907498e-7;1.250000377658028e-10;6.943820544610248e6;0.0015576558834138276;-1.8013817207501816e14;1.2904764006300854e11
1.4170000000000001e-12;-1.6754428556446472e-7;1.2500003932345868e-10;6.943820364472076e6;0.0016867035234768362;-1.953791163325017e14;1.4576681706729117e11
1.418e-12;-1.6060046519999265e-7;1.250000410101622e-10;6.94382016909296e6;0.0018324703405441273;-2.1263940628481538e14;1.6550347144311807e11
1.4190000000000001e-12;-1.5365664503089968e-7;1.2500004284263255e-10;6.943819956453553e6;0.0019979738119872453;-2.3229219587591997e14;1.8897024876900098e11
1.4200000000000002e-12;-1.4671282507444612e-7;1.2500004484060636e-10;6.943819724161358e6;0.0021869440607562465;-2.5480098989252072e14;2.1709169014934e11
1.4210000000000001e-12;-1.3976900535028476e-7;1.2500004702755043e-10;6.943819469360367e6;0.0024040357509055865;-2.8074722569511984e14;2.5108153504272467e11
1.4220000000000002e-12;-1.3282518588092439e-7;1.2500004943158617e-10;6.943819188613142e6;0.0026551172859483113;-3.1086820238412406e14;2.925540092942907e11
1.423e-12;-1.2588136669231125e-7;1.2500005208670346e-10;6.943818877744939e6;0.002947671295242602;-3.4611004384280906e14;3.4368687475272595e11
1.4240000000000002e-12;-1.1893754781456631e-7;1.2500005503437475e-10;6.943818531634895e6;0.003291358169995328;-3.877029124918003e14;4.074649787972773e11
1.425e-12;-1.1199372928293141e-7;1.2500005832573292e-10;6.943818143931983e6;0.0036988231487926054;-4.37269835393942e14;4.8805192289151447e11
1.4260000000000002e-12;-1.0504991113899943e-7;1.2500006202455608e-10;6.943817706662147e6;0.00418687507168412;-4.969874733269177e14;5.913709427996746e11
1.427e-12;-9.810609343233727e-8;1.2500006621143115e-10;6.943817209674674e6;0.004778246014483794;-5.698292271433236e14;7.260373808610548e11
1.4280000000000002e-12;-9.11622762226626e-8;1.2500007098967715e-10;6.943816639845447e6;0.005504283395344849;-6.599426520602959e14;9.049014765182593e11
1.429e-12;-8.421845958281714e-8;1.2500007649396054e-10;6.943815979902795e6;0.006409184871863109;-7.732531915930584e14;1.1476902875821777e12
1.4300000000000002e-12;-7.727464360291434e-8;1.250000829031454e-10;6.943815206649603e6;0.007556875159445286;-9.184637441298106e14;1.4857143146426594e12
1.431e-12;-7.033082839626474e-8;1.2500009046002057e-10;6.943814288185859e6;0.009042589474087946;-1.1087770294706395e15;1.9706469004307036e12
1.4320000000000002e-12;-6.338701410807888e-8;1.2500009950261006e-10;6.94381317940883e6;0.01101323637451865;-1.3650061911417855e15;2.6918117553774336e12
1.433e-12;-5.644320092867006e-8;1.2500011051584643e-10;6.943811814402639e6;0.013705048129896084;-1.7215168533245028e15;3.812501654404762e12
1.4340000000000002e-12;-4.949938911426742e-8;1.2500012422089455e-10;6.943810092885786e6;0.017517549784300847;-2.2383804848223338e15;5.652551347866445e12
1.435e-12;-4.2555579021381635e-8;1.2500014173844433e-10;6.9438078545053005e6;0.023170101132167293;-3.028440984227244e15;8.895556375457088e12
1.4360000000000001e-12;-3.5611771166876335e-8;1.2500016490854546e-10;6.943804826064317e6;0.032065657507624384;-4.3245663958046975e15;1.517957391392946e13
1.437e-12;-2.8667966340812016e-8;1.2500019697420296e-10;6.943800501497921e6;0.047245231421553846;-6.673160748880172e15;2.909681133757443e13
1.4380000000000001e-12;-2.1724165839314094e-8;1.250002442194344e-10;6.943793828337172e6;0.07634204275912827;-1.1620637581637124e16;6.686482447401722e13
1.439e-12;-1.4780372010976922e-8;1.2500032056147716e-10;6.94378220769959e6;0.1432068672331455;-2.510269915890838e16;2.122981369813622e14
1.4400000000000001e-12;-7.83658980327733e-9;1.250004637683444e-10;6.943757105000432e6;0.3555050042145077;-8.927251881203686e16;1.4239747815568988e15
1.441e-12;-8.928326982768981e-10;1.250008192733486e-10;6.94366783248162e6;1.7794797857714064;-6.682700216325477e18;9.356097772976051e17
1.4420000000000001e-12;6.050835134204723e-9;1.2500259875313437e-10;6.936985132265294e6;937.3892570833766;1.497025294348466e17;3.092664864307684e15
1.4430000000000002e-12;1.2987820266470016e-8;1.2593998801021775e-10;6.937134834794729e6;940.4819219476843;3.2509025642100684e16;3.152327500373385e14
1.4440000000000001e-12;1.9924955101264745e-8;1.2688046993216543e-10;6.937167343820371e6;940.7971546977217;1.3813910088894178e16;8.79658395600761e13
1.4450000000000002e-12;2.6862122445085114e-8;1.2782126708686316e-10;6.937181157730459e6;940.8851205372818;7.600503171184639e15;3.6166388111163414e13
1.446e-12;3.379930360281557e-8;1.2876215220740045e-10;6.93718875823363e6;940.9212869253929;4.80079083532087e15;1.8289138957347766e13
1.4470000000000002e-12;4.07364923610492e-8;1.2970307349432583e-10;6.937193559024465e6;940.9395760643503;3.3049422668537665e15;1.0522780555895594e13
1.448e-12;4.7673685920073666e-8;1.3064401307039019e-10;6.937196863966732e6;940.9500988449062;2.413100387948175e15;6.612811922111556e12
1.4490000000000002e-12;5.46108827840404e-8;1.3158496316923508e-10;6.93719927706712e6;940.9567116568282;1.8389739087401625e15;4.431009017152816e12
1.45e-12;6.154808206110752e-8;1.3252591988089191e-10;6.937201116041029e6;940.9611426658454;1.4477903411240708e15;3.1173960313116084e12
1.4510000000000002e-12;6.848528317714855e-8;1.3346688102355775e-10;6.93720256383137e6;940.9642600618766;1.1693398698534205e15;2.278856683444425e12
1.452e-12;7.542248574097992e-8;1.3440784528361962e-10;6.93720373317124e6;940.9665389185601;9.641264366286942e14;1.7181369144112935e12
1.4530000000000002e-12;8.235968947415116e-8;1.3534881182253819e-10;6.937204697297677e6;940.9682570554745;8.085494446282548e14;1.3287593400234263e12
1.454e-12;8.929689417144885e-8;1.3628978007959365e-10;6.937205505847122e6;940.9695858148145;6.878021325512779e14;1.0497610499611427e12
1.4550000000000002e-12;9.623409967729596e-8;1.3723074966540847e-10;6.937206193649254e6;940.9706355758645;5.922136913409889e14;8.445024071235358e11
1.456e-12;1.0317130587094522e-7;1.3817172030098433e-10;6.937206785862945e6;940.9714800782717;5.152508536138004e14;6.900474529170288e11
1.4570000000000002e-12;1.1010851265680817e-7;1.391126917810626e-10;6.937207301113798e6;940.9721701257247;4.5237116168056e14;5.71532286351503e11
1.458e-12;1.1704571995792196e-7;1.4005366395118835e-10;6.93720775348496e6;940.972741658011;4.0033700523464075e14;4.790321629745559e11
1.4590000000000001e-12;1.239829277114069e-7;1.4099463669284636e-10;6.937208153821965e6;940.973220690174;3.5679037170322644e14;4.0574561161273267e11
1.46e-12;1.3092013586522888e-7;1.4193560991353653e-10;6.937208510612336e6;940.9736264357856;3.199809203109271e14;3.469037576601569e11
1.4610000000000001e-12;1.3785734437584122e-7;1.428765835399723e-10;6.937208830593256e6;940.9739733395432;2.885873082647886e14;2.990944649670444e11
1.462e-12;1.4479455320643446e-7;1.4381755751331185e-10;6.937209119180565e6;940.9742724340082;2.6159693456091878e14;2.598318192804033e11
1.4630000000000001e-12;1.5173176232561504e-7;1.4475853178574585e-10;6.9372093807775e6;940.9745322658275;2.3822325062651362e14;2.2727507721104355e11
1.464e-12;1.5866897170639253e-7;1.456995063180117e-10;6.937209619000751e6;940.9747595409048;2.1784780069064972e14;2.000411086789283e11
1.4650000000000001e-12;1.6560618132539327e-7;1.4664048107755259e-10;6.937209836848551e6;940.9749595820134;1.9997888691121925e14;1.770767247171475e11
1.466e-12;1.7254339116224183e-7;1.475814560371346e-10;6.9372100368274385e6;940.9751366587382;1.842216246934511e14;1.5757019392427258e11
1.4670000000000001e-12;1.7948060119906926e-7;1.4852243117379334e-10;6.937210221049063e6;940.9752942289321;1.7025593741751812e14;1.408889070912814e11
1.4680000000000002e-12;1.8641781142011833e-7;1.494634064680223e-10;6.9372103913050005e6;940.9754351178392;1.5782017288677322e14;1.2653480088267825e11
1.4690000000000001e-12;1.9335502181142333e-7;1.5040438190314012e-10;6.937210549125173e6;940.9755616526401;1.4669875809335628e14;1.141120402784697e11
1.4700000000000002e-12;2.0029223236054852e-7;1.5134535746479276e-10;6.937210695823931e6;940.9756757646803;1.367127935136301e14;1.0330329019991599e11
1.471e-12;2.0722944305637245e-7;1.5228633314055745e-10;6.937210832536724e6;940.9757790679705;1.2771281339444653e14;9.385208858383054e10
1.4720000000000002e-12;2.1416665388890917e-7;1.532273089196254e-10;6.937210960249538e6;940.9758729200591;1.1957316018166581e14;8.55496092456846e10
1.473e-12;2.211038648491587e-7;1.5416828479254546e-10;6.937211079822698e6;940.9759584696684;1.1218757452254189e14;7.822462059166473e10
1.4740000000000002e-12;2.280410759289814e-7;1.5510926075101512e-10;6.937211192010272e6;940.976036694289;1.0546570966812545e14;7.173579669611234e10
1.475e-12;2.3497828712099168e-7;1.5605023678770942e-10;6.9372112974759815e6;940.9761084300857;9.933035528038164e13;6.596577773898551e10
1.4760000000000002e-12;2.4191549841846764e-7;1.569912128961395e-10;6.937211396806337e6;940.9761743958634;9.371521030950694e13;6.0816543915084496e10
1.477e-12;2.4885270981527396e-7;1.5793218907053535e-10;6.937211490521547e6;940.9762352124073;8.856308425169627e13;5.6205784446114e10
1.4780000000000002e-12;2.5578992130579554e-7;1.5887316530574777e-10;6.937211579084632e6;940.9762914181917;8.382443514238658e13;5.2064026889927246e10
1.479e-12;2.627271328848802e-7;1.5981414159716595e-10;6.937211662909067e6;940.9763434822187;7.945617412099731e13;4.8332351981727554e10
1.4800000000000002e-12;2.6966434454778926e-7;1.6075511794064817e-10;6.937211742365241e6;940.9763918145707;7.542068243203611e13;4.496056280580136e10
1.481e-12;2.766015562901545e-7;1.6169609433246273e-10;6.937211817785923e6;940.9764367751335;7.168499878856695e13;4.190570899817885e10
1.4820000000000001e-12;2.835387681079404e-7;1.6263707076923787e-10;6.937211889470922e6;940.9764786808425;6.822014417168862e13;3.9130890246778275e10
1.483e-12;2.9047597999741133e-7;1.635780472479187e-10;6.937211957691066e6;940.9765178117328;6.500055812969359e13;3.660428090809733e10
1.4840000000000001e-12;2.974131919551024e-7;1.6451902376573043e-10;6.937212022691624e6;940.9765544160138;6.200362601985436e13;3.4298330735315178e10
1.485e-12;3.04350403977794e-7;1.6546000032014644e-10;6.93721208469525e6;940.9765887143445;5.920928080339607e13;3.2189106676527843e10
1.4860000000000001e-12;3.1128761606248923e-7;1.6640097690886078e-10;6.93721214390453e6;940.9766209034512;5.65996662537463e13;3.025574828986517e10
1.487e-12;3.1822482820639376e-7;1.6734195352976423e-10;6.937212200504197e6;940.9766511591995;5.4158850987271195e13;2.8480015139671204e10
1.4880000000000001e-12;3.25162040406898e-7;1.6828293018092344e-10;6.937212254663047e6;940.9766796392146;5.187258473697034e13;2.6845909026379795e10
1.489e-12;3.32099252661561e-7;1.6922390686056265e-10;6.937212306535632e6;940.9767064851236;4.972808988525546e13;2.533935738684719e10
1.4900000000000001e-12;3.3903646496809665e-7;1.7016488356704779e-10;6.937212356263722e6;940.976731824481;4.7713882544542664e13;2.3947946922133926e10
1.4910000000000002e-12;3.459736773243604e-7;1.7110586029887228e-10;6.937212403977605e6;940.976755772428;4.5819618494449016e13;2.2660698645315105e10
1.4920000000000001e-12;3.52910889728338e-7;1.720468370546447e-10;6.937212449797223e6;940.9767784331266;4.403596010596341e13;2.1467877227386005e10
1.4930000000000002e-12;3.5984810217813524e-7;1.7298781383307783e-10;6.937212493833183e6;940.9767999010038;4.235446104772291e13;2.0360828856329094e10
1.494e-12;3.667853146719684e-7;1.7392879063297884e-10;6.937212536187644e6;940.9768202618327;4.076746610978096e13;1.9331842890129364e10
1.4950000000000002e-12;3.7372252720815607e-7;1.7486976745324068e-10;6.93721257695511e6;940.9768395936755;3.926802392118058e13;1.8374033437969536e10
1.496e-12;3.8065973978511116e-7;1.7581074429283435e-10;6.937212616223134e6;940.976857967709;3.784981069896724e13;1.7481237690344765e10
1.4970000000000002e-12;3.875969524013343e-7;1.7675172115080205e-10;6.937212654072945e6;940.9768754489467;3.650706346352588e13;1.6647928373436682e10
1.498e-12;3.945341650554072e-7;1.77692698026251e-10;6.937212690580009e6;940.9768920968751;3.523452140057699e13;1.5869138152973244e10
1.4990000000000002e-12;4.0147137774598724e-7;1.7863367491834788e-10;6.93721272581453e6;940.9769079660132;3.4027374253584668e13;1.5140394179197643e10
1.5e-12;4.0840859047180176e-7;1.795746518263139e-10;6.937212759841904e6;940.9769231064074;3.2881216799491867e13;1.4457661264110888e10
1.5010000000000002e-12;4.1534580323164365e-7;1.805156287494203e-10;6.937212792723121e6;940.9769375640686;3.1792008601851574e13;1.3817292427942333e10
1.502e-12;4.222830160243668e-7;1.8145660568698437e-10;6.937212824515129e6;940.9769513813611;3.075603835357999e13;1.3215985754201633e10
1.5030000000000002e-12;4.292202288488819e-7;1.8239758263836573e-10;6.937212855271168e6;940.9769645973469;2.976989222077803e13;1.2650746659907211e10
1.504e-12;4.361574417041531e-7;1.8333855960296308e-10;6.93721288504106e6;940.9769772480935;2.8830425682633547e13;1.2118854826234133e10
1.5050000000000002e-12;4.4309465458919413e-7;1.8427953658021118e-10;6.937212913871486e6;940.9769893669483;2.7934738433004844e13;1.1617835150135635e10
1.506e-12;4.5003186750306564e-7;1.8522051356957813e-10;6.937212941806224e6;940.9770009847834;2.7080151969078926e13;1.114543217369124e10
1.5070000000000001e-12;4.5696908044487186e-7;1.861614905705629e-10;6.937212968886376e6;940.9770121302156;2.626418954328322e13;1.0699587528428509e10
1.508e-12;4.6390629341375826e-7;1.871024675826931e-10;6.937212995150566e6;940.9770228298031;2.5484558197879816e13;1.0278419999414156e10
1.5090000000000001e-12;4.708435064089088e-7;1.880434446055229e-10;6.937213020635124e6;940.977033108223;2.4739132638595996e13;9.88020787075357e9
1.51e-12;4.777807194295439e-7;1.8898442163863114e-10;6.937213045374257e6;940.977042988431;2.4025940735248344e13;9.503373262102736e9
1.5110000000000001e-12;4.847179324749182e-7;1.8992539868161958e-10;6.937213069400197e6;940.9770524918042;2.3343150464431723e13;9.146468206376167e9
1.512e-12;4.916551455443183e-7;1.9086637573411138e-10;6.937213092743347e6;940.9770616382724;2.2689058132659336e13;8.808162253253363e9
1.5130000000000001e-12;4.985923586370616e-7;1.9180735279574967e-10;6.937213115432406e6;940.9770704464347;2.206207773843469e13;8.48723141235211e9
1.5140000000000002e-12;5.05529571752494e-7;1.927483298661961e-10;6.937213137494484e6;940.9770789336661;2.146073134909244e13;8.182548274880971e9
1.5150000000000001e-12;5.124667848899885e-7;1.9368930694512977e-10;6.9372131589552155e6;940.9770871162144;2.088364038326803e13;7.893073173893287e9
1.5160000000000002e-12;5.194039980489437e-7;1.94630284032246e-10;6.937213179838856e6;940.9770950092876;2.032951770288619e13;7.617846261511578e9
1.517e-12;5.263412112287826e-7;1.9557126112725528e-10;6.937213200168373e6;940.9771026271338;1.9797160429882516e13;7.355980397149252e9
1.5180000000000002e-12;5.33278424428951e-7;1.965122382298824e-10;6.937213219965533e6;940.9771099831142;1.928544341273329e13;7.106654754221885e9
1.519e-12;5.402156376489165e-7;1.974532153398655e-10;6.937213239250977e6;940.977117089769;1.879331327647153e13;6.869109064444221e9
1.5200000000000002e-12;5.471528508881675e-7;1.983941924569553e-10;6.937213258044289e6;940.977123958878;1.831978299738676e13;6.642638428829222e9
1.521e-12;5.540900641462118e-7;1.9933516958091416e-10;6.937213276364072e6;940.9771306015165;1.786392695018907e13;6.426588633174548e9
1.5220000000000002e-12;5.610272774225759e-7;2.0027614671151568e-10;6.937213294228e6;940.9771370281051;1.742487638119364e13;6.220351913337346e9
1.523e-12;5.679644907168039e-7;2.012171238485438e-10;6.937213311652876e6;940.977143248457;1.7001815266155219e13;6.023363122124847e9
1.5240000000000002e-12;5.749017040284567e-7;2.0215810099179226e-10;6.937213328654692e6;940.97714927182;1.6593976515847498e13;5.835096255307116e9
1.525e-12;5.818389173571114e-7;2.0309907814106407e-10;6.937213345248668e6;940.9771551069163;1.6200638496418715e13;5.655061299207987e9
1.5260000000000002e-12;5.887761307023601e-7;2.04040055296171e-10;6.937213361449307e6;940.9771607619775;1.5821121835029654e13;5.482801366651885e9
1.527e-12;5.957133440638094e-7;2.0498103245693297e-10;6.937213377270428e6;940.9771662447789;1.545478648435348e13;5.317890091823927e9
1.5280000000000002e-12;6.026505574410799e-7;2.0592200962317775e-10;6.937213392725215e6;940.977171562669;1.510102902223761e13;5.159929257911826e9
1.529e-12;6.095877708338051e-7;2.0686298679474043e-10;6.937213407826244e6;940.9771767225983;1.4759280165241725e13;5.008546634303574e9
1.5300000000000001e-12;6.165249842416313e-7;2.0780396397146303e-10;6.937213422585524e6;940.9771817311449;1.4429002476908756e13;4.863394002667943e9
1.531e-12;6.234621976642169e-7;2.0874494115319418e-10;6.937213437014526e6;940.9771865945389;1.4109688253532408e13;4.724145353492348e9
1.5320000000000001e-12;6.303994111012315e-7;2.0968591833978872e-10;6.937213451124214e6;940.9771913186843;1.3800857571882035e13;4.590495236633411e9
1.533e-12;6.373366245523557e-7;2.1062689553110741e-10;6.937213464925071e6;940.9771959091795;1.3502056484859668e13;4.462157251184345e9
1.5340000000000001e-12;6.442738380172807e-7;2.115678727270166e-10;6.937213478427128e6;940.9772003713367;1.321285535241576e13;4.338862661509156e9
1.535e-12;6.512110514957079e-7;2.1250884992738793e-10;6.937213491639983e6;940.9772047101994;1.29328472962586e13;4.2203591276622515e9
1.5360000000000001e-12;6.581482649873479e-7;2.1344982713209814e-10;6.93721350457283e6;940.9772089305585;1.2661646767974307e13;4.1064095396251783e9
1.5370000000000002e-12;6.650854784919208e-7;2.143908043410287e-10;6.937213517234477e6;940.977213036968;1.2398888221143787e13;3.9967909458690944e9
1.5380000000000001e-12;6.720226920091553e-7;2.1533178155406567e-10;6.937213529633366e6;940.977217033759;1.2144224878913045e13;3.8912935677087636e9
1.5390000000000002e-12;6.789599055387887e-7;2.1627275877109942e-10;6.93721354177759e6;940.9772209250525;1.1897327589254885e13;3.7897198917656407e9
1.5400000000000001e-12;6.858971190805663e-7;2.1721373599202446e-10;6.937213553674918e6;940.9772247147724;1.1657883760862959e13;3.6918838336166773e9
1.5410000000000002e-12;6.928343326342412e-7;2.1815471321673923e-10;6.937213565332801e6;940.9772284066563;1.142559637325189e13;3.5976099663825974e9
1.542e-12;6.997715461995741e-7;2.1909569044514588e-10;6.937213576758398e6;940.9772320042663;1.120018305520786e13;3.5067328086142793e9
1.5430000000000002e-12;7.067087597763324e-7;2.2003666767715015e-10;6.937213587958581e6;940.9772355109991;1.0981375226248736e13;3.4190961663768306e9
1.544e-12;7.13645973364291e-7;2.2097764491266115e-10;6.937213598939956e6;940.9772389300953;1.0768917296217729e13;3.334552524915136e9
1.5450000000000002e-12;7.20583186963231e-7;2.2191862215159125e-10;6.937213609708874e6;940.9772422646478;1.0562565918555041e13;3.252962485718807e9
1.546e-12;7.275204005729399e-7;2.228595993938559e-10;6.93721362027144e6;940.9772455176103;1.0362089293172543e13;3.1741942451939135e9
1.5470000000000002e-12;7.344576141932113e-7;2.238005766393735e-10;6.937213630633529e6;940.9772486918046;1.0167266515201064e13;3.098123111498711e9
1.548e-12;7.413948278238448e-7;2.2474155388806532e-10;6.9372136408007955e6;940.9772517899277;9.977886966192908e12;3.02463105641529e9
1.5490000000000002e-12;7.483320414646456e-7;2.2568253113985526e-10;6.937213650778683e6;940.9772548145587;9.793749744645566e12;2.953606299412138e9
1.55e-12;7.552692551154243e-7;2.2662350839466981e-10;6.937213660572433e6;940.977257768165;9.614663132970771e12;2.884942921307887e9
1.5510000000000002e-12;7.622064687759967e-7;2.2756448565243797e-10;6.937213670187096e6;940.9772606531079;9.440444098267438e12;2.818540505176669e9
1.552e-12;7.691436824461837e-7;2.2850546291309107e-10;6.9372136796275405e6;940.9772634716484;9.270917824470408e12;2.754303802343282e9
1.5530000000000001e-12;7.760808961258113e-7;2.2944644017656272e-10;6.937213688898458e6;940.9772662259521;9.10591727364152e12;2.6921424215042343e9
1.554e-12;7.830181098147097e-7;2.3038741744278866e-10;6.937213698004375e6;940.9772689180945;8.945282774346625e12;2.6319705391805825e9
1.5550000000000001e-12;7.899553235127141e-7;2.3132839471170675e-10;6.937213706949658e6;940.9772715500651;8.7888616352241455e12;2.573706629862322e9
1.556e-12;7.968925372196638e-7;2.3226937198325682e-10;6.937213715738519e6;940.9772741237717;8.636507781998463e12;2.517273214343504e9
1.5570000000000001e-12;8.038297509354023e-7;2.332103492573806e-10;6.937213724375027e6;940.9772766410449;8.488081416326525e12;2.462596624873703e9
1.558e-12;8.107669646597773e-7;2.341513265340216e-10;6.937213732863109e6;940.9772791036415;8.343448694989571e12;2.4096067858662233e9
1.5590000000000001e-12;8.177041783926405e-7;2.3509230381312527e-10;6.9372137412065575e6;940.9772815132483;8.202481428055105e12;2.358237009007809e9
1.5600000000000002e-12;8.24641392133847e-7;2.360332810946385e-10;6.937213749409039e6;940.9772838714853;8.06505679473787e12;2.3084238017094493e9
1.5610000000000001e-12;8.31578605883256e-7;2.3697425837850996e-10;6.937213757474096e6;940.977286179909;7.931057075783514e12;2.2601066879242034e9
1.5620000000000002e-12;8.385158196407301e-7;2.379152356646899e-10;6.937213765405153e6;940.9772884400157;7.800369401286041e12;2.2132280404366736e9
1.5630000000000001e-12;8.454530334061352e-7;2.388562129531299e-10;6.937213773205522e6;940.9772906532438;7.672885512930085e12;2.167732923800418e9
1.5640000000000002e-12;8.523902471793408e-7;2.397971902437832e-10;6.937213780878408e6;940.9772928209767;7.548501539722661e12;2.123568947165022e9
1.565e-12;8.593274609602192e-7;2.407381675366042e-10;6.93721378842691e6;940.9772949445456;7.4271177863468e12;2.0806861262943163e9
1.5660000000000002e-12;8.662646747486461e-7;2.416791448315487e-10;6.937213795854027e6;940.9772970252318;7.308638533331655e12;2.039036754131777e9
1.567e-12;8.732018885445001e-7;2.4262012212857395e-10;6.937213803162666e6;940.9772990642685;7.192971848291151e12;1.998575279319104e9
1.5680000000000002e-12;8.801391023476628e-7;2.435610994276382e-10;6.937213810355638e6;940.9773010628438;7.080029407535893e12;1.9592581921196027e9
1.569e-12;8.870763161580184e-7;2.4450207672870106e-10;6.937213817435668e6;940.977303022102;6.96972632741205e12;1.9210439172399104e9
1.5700000000000002e-12;8.940135299754541e-7;2.4544305403172315e-10;6.9372138244053945e6;940.9773049431459;6.861981004765647e12;1.883892713081864e9
1.571e-12;9.009507437998595e-7;2.463840313366663e-10;6.9372138312673755e6;940.9773068270387;6.756714965972409e12;1.8477665769915624e9
1.5720000000000002e-12;9.07887957631127e-7;2.4732500864349335e-10;6.93721383802409e6;940.9773086748053;6.653852724011501e12;1.8126291561048617e9
1.573e-12;9.148251714691511e-7;2.4826598595216813e-10;6.937213844677943e6;940.9773104874345;6.553321643097122e12;1.7784456634182727e9
1.5740000000000002e-12;9.21762385313829e-7;2.492069632626556e-10;6.937213851231265e6;940.9773122658801;6.45505181041459e12;1.7451827987413895e9
1.575e-12;9.286995991650603e-7;2.501479405749215e-10;6.937213857686317e6;940.9773140110628;6.358975914537933e12;1.7128086742120743e9
1.5760000000000002e-12;9.356368130227466e-7;2.5108891788893256e-10;6.937213864045292e6;940.9773157238715;6.265029130134253e12;1.6812927440786858e9
1.577e-12;9.425740268867918e-7;2.5202989520465643e-10;6.937213870310321e6;940.9773174051642;6.173149008585943e12;1.6506057384748054e9
1.5780000000000001e-12;9.495112407571022e-7;2.529708725220616e-10;6.93721387648347e6;940.97731905577;6.0832753741862705e12;1.6207196009315503e9
1.579e-12;9.564484546335856e-7;2.5391184984111735e-10;6.937213882566745e6;940.9773206764895;5.99535022558599e12;1.5916074293905227e9
1.5800000000000001e-12;9.633856685161523e-7;2.5485282716179385e-10;6.937213888562095e6;940.9773222680969;5.909317642189701e12;1.563243420497137e9
1.581e-12;9.703228824047143e-7;2.5579380448406196e-10;6.937213894471413e6;940.9773238313404;5.825123695219798e12;1.5356028169693818e9
1.5820000000000001e-12;9.772600962991856e-7;2.567347818078933e-10;6.937213900296537e6;940.9773253669432;5.742716363183895e12;1.5086618578512652e9
1.5830000000000002e-12;9.841973101994822e-7;2.576757591332602e-10;6.937213906039254e6;940.9773268756051;5.662045451498336e12;1.482397731473321e9
1.5840000000000001e-12;9.911345241055215e-7;2.586167364601358e-10;6.937213911701299e6;940.9773283580028;5.583062516035894e12;1.4567885309546487e9
1.5850000000000002e-12;9.980717380172227e-7;2.5955771378849384e-10;6.937213917284362e6;940.9773298147912;5.505720790380147e12;1.4318132120921662e9
1.5860000000000001e-12;1.0050089519345072e-6;2.604986911183086e-10;6.937213922790083e6;940.9773312466044;5.429975116582647e12;1.4074515534931705e9
1.5870000000000002e-12;1.0119461658572974e-6;2.614396684495552e-10;6.937213928220058e6;940.977332654056;5.355781879231402e12;1.3836841188168983e9
1.588e-12;1.0188833797855174e-6;2.6238064578220924e-10;6.93721393357584e6;940.9773340377401;5.283098942650913e12;1.3604922209996743e9
1.5890000000000002e-12;1.0258205937190933e-6;2.63321623116247e-10;6.937213938858938e6;940.9773353982323;5.211885591064948e12;1.337857888346523e9
1.59e-12;1.0327578076579524e-6;2.6426260045164524e-10;6.937213944070824e6;940.9773367360901;5.1421024715633545e12;1.3157638323797774e9
1.5910000000000002e-12;1.0396950216020232e-6;2.6520357778838136e-10;6.937213949212926e6;940.977338051854;5.073711539723797e12;1.2941934173423476e9
1.592e-12;1.0466322355512361e-6;2.661445551264332e-10;6.937213954286638e6;940.9773393460474;5.00667600774799e12;1.273130631259871e9
1.5930000000000002e-12;1.0535694495055228e-6;2.6708553246577924e-10;6.937213959293313e6;940.977340619178;4.940960294980589e12;1.2525600584722025e9
1.594e-12;1.060506663464816e-6;2.680265098063984e-10;6.937213964234274e6;940.9773418717381;4.876529980686282e12;1.232466853550299e9
1.5950000000000002e-12;1.0674438774290503e-6;2.689674871482701e-10;6.937213969110804e6;940.9773431042049;4.813351758968181e12;1.2128367165199537e9
1.596e-12;1.0743810913981611e-6;2.6990846449137433e-10;6.937213973924155e6;940.9773443170417;4.751393395717201e12;1.1936558693187382e9
1.5970000000000002e-12;1.0813183053720852e-6;2.7084944183569135e-10;6.937213978675549e6;940.9773455106975;4.690623687488598e12;1.1749110334171138e9
1.598e-12;1.0882555193507607e-6;2.7179041918120204e-10;6.937213983366173e6;940.9773466856086;4.631012422207561e12;1.156589408538952e9
1.5990000000000002e-12;1.0951927333341269e-6;2.7273139652788764e-10;6.937213987997185e6;940.977347842198;4.5725303416116455e12;1.1386786524207335e9
1.6e-12;1.102129947322124e-6;2.7367237387572985e-10;6.937213992569716e6;940.9773489808766;4.515149105342734e12;1.1211668615523694e9
1.6010000000000001e-12;1.1090671613146938e-6;2.746133512247107e-10;6.937213997084864e6;940.9773501020435;4.458841256606284e12;1.1040425528461e9
1.602e-12;1.1160043753117787e-6;2.755543285748128e-10;6.937214001543705e6;940.977351206086;4.403580189320193e12;1.0872946461831546e9
1.6030000000000001e-12;1.1229415893133224e-6;2.7649530592601887e-10;6.937214005947285e6;940.9773522933807;4.349340116679855e12;1.0709124477908727e9
1.604e-12;1.1298788033192696e-6;2.7743628327831224e-10;6.937214010296625e6;940.9773533642932;4.29609604107006e12;1.0548856344058311e9
1.6050000000000001e-12;1.1368160173295664e-6;2.7837726063167655e-10;6.937214014592721e6;940.9773544191788;4.243823725258229e12;1.0392042381811513e9
1.6060000000000002e-12;1.143753231344159e-6;2.793182379860957e-10;6.937214018836545e6;940.977355458383;4.1924996648069546e12;1.0238586322986352e9
1.6070000000000001e-12;1.1506904453629956e-6;2.802592153415541e-10;6.937214023029044e6;940.9773564822417;4.142101061647249e12;1.0088395172486827e9
1.6080000000000002e-12;1.1576276593860247e-6;2.8120019269803634e-10;6.937214027171145e6;940.9773574910812;4.092605798756986e12;9.941379077431008e8
1.6090000000000001e-12;1.1645648734131958e-6;2.821411700555274e-10;6.937214031263751e6;940.9773584852192;4.043992415892098e12;9.797451202279643e8
1.6100000000000002e-12;1.1715020874444596e-6;2.8308214741401263e-10;6.937214035307744e6;940.9773594649643;3.9962400863206987e12;9.656527609655286e8
1.6110000000000001e-12;1.1784393014797673e-6;2.840231247734776e-10;6.937214039303984e6;940.9773604306171;3.9493285945131494e12;9.518527146560291e8
1.6120000000000002e-12;1.1853765155190713e-6;2.849641021339082e-10;6.937214043253312e6;940.9773613824698;3.9032383147433525e12;9.383371335718125e8
1.613e-12;1.1923137295623246e-6;2.859050794952907e-10;6.93721404715655e6;940.977362320807;3.857950190559057e12;9.250984271778468e8
1.6140000000000002e-12;1.1992509436094812e-6;2.868460568576115e-10;6.9372140510145e6;940.9773632459054;3.8134457150810093e12;9.121292522140768e8
1.615e-12;1.2061881576604957e-6;2.877870342208574e-10;6.937214054827945e6;940.9773641580347;3.769706912092986e12;8.994225032165046e8
1.6160000000000002e-12;1.2131253717153237e-6;2.8872801158501544e-10;6.937214058597652e6;940.9773650574572;3.726716317886594e12;8.869713034551274e8
1.617e-12;1.2200625857739214e-6;2.896689889500729e-10;6.937214062324368e6;940.9773659444285;3.68445696382661e12;8.747689962680945e8
1.6180000000000002e-12;1.2269997998362459e-6;2.906099663160173e-10;6.937214066008826e6;940.9773668191974;3.64291235960435e12;8.628091367725666e8
1.619e-12;1.2339370139022547e-6;2.915509436828365e-10;6.937214069651738e6;940.9773676820065;3.6020664771482725e12;8.510854839338492e8
1.6200000000000002e-12;1.2408742279719064e-6;2.924919210505185e-10;6.937214073253804e6;940.977368533092;3.5619037351624043e12;8.395919929753398e8
1.621e-12;1.2478114420451601e-6;2.934328984190516e-10;6.937214076815708e6;940.9773693726839;3.5224089842648257e12;8.283228081128047e8
1.6220000000000002e-12;1.2547486561219758e-6;2.943738757884243e-10;6.937214080338117e6;940.9773702010067;3.4835674926997153e12;8.172722555973723e8
1.623e-12;1.261685870202314e-6;2.953148531586253e-10;6.937214083821684e6;940.977371018279;3.445364932597797e12;8.064348370524609e8
1.6240000000000001e-12;1.2686230842861357e-6;2.9625583052964354e-10;6.937214087267049e6;940.9773718247138;3.4077873667612593e12;7.958052230906556e8
1.625e-12;1.2755602983734027e-6;2.9719680790146825e-10;6.937214090674836e6;940.9773726205191;3.370821235950411e12;7.853782471972812e8
1.6260000000000001e-12;1.2824975124640776e-6;2.9813778527408875e-10;6.937214094045658e6;940.9773734058973;3.3344533466504e12;7.751488998681148e8
1.627e-12;1.2894347265581232e-6;2.9907876264749466e-10;6.937214097380111e6;940.9773741810462;3.298670859297393e12;7.651123229893417e8
1.6280000000000001e-12;1.2963719406555034e-6;3.000197400216757e-10;6.937214100678782e6;940.9773749461585;3.2634612769446123e12;7.55263804448475e8
1.629e-12;1.3033091547561821e-6;3.0096071739662187e-10;6.937214103942243e6;940.9773757014224;3.2288124343495225e12;7.455987729655406e8
1.6300000000000001e-12;1.3102463688601243e-6;3.019016947723233e-10;6.937214107171056e6;940.9773764470211;3.194712487464415e12;7.361127931343848e8
1.6310000000000002e-12;1.3171835829672953e-6;3.0284267214877035e-10;6.937214110365768e6;940.977377183134;3.1611499033134014e12;7.268015606644768e8
1.6320000000000001e-12;1.3241207970776612e-6;3.037836495259535e-10;6.937214113526918e6;940.9773779099355;3.128113450239691e12;7.176608978140692e8
1.6330000000000002e-12;1.3310580111911881e-6;3.047246269038634e-10;6.937214116655031e6;940.9773786275964;3.0955921885077275e12;7.086867490060422e8
1.6340000000000001e-12;1.3379952253078432e-6;3.05665604282491e-10;6.937214119750624e6;940.9773793362832;3.0635754612455303e12;6.998751766181933e8
1.6350000000000002e-12;1.3449324394275937e-6;3.0660658166182726e-10;6.937214122814199e6;940.9773800361584;3.032052885713226e12;6.912223569401532e8
1.636e-12;1.351869653550408e-6;3.0754755904186344e-10;6.937214125846252e6;940.9773807273807;3.0010143448844053e12;6.827245762894855e8
1.6370000000000002e-12;1.3588068676762542e-6;3.0848853642259083e-10;6.937214128847267e6;940.9773814101053;2.9704499793275874e12;6.743782272799122e8
1.638e-12;1.3657440818051015e-6;3.0942951380400095e-10;6.937214131817716e6;940.9773820844836;2.940350179375585e12;6.661798052349399e8
1.6390000000000002e-12;1.3726812959369193e-6;3.1037049118608544e-10;6.937214134758066e6;940.9773827506634;2.910705577571221e12;6.581259047405083e8
1.64e-12;1.3796185100716773e-6;3.113114685688361e-10;6.937214137668772e6;940.9773834087894;2.8815070413782407e12;6.502132163305758e8
1.6410000000000002e-12;1.386555724209346e-6;3.122524459522449e-10;6.937214140550279e6;940.9773840590026;2.8527456661468813e12;6.424385232998672e8
1.642e-12;1.3934929383498963e-6;3.131934233363039e-10;6.937214143403024e6;940.9773847014411;2.824412768323962e12;6.347986986382811e8
1.6430000000000002e-12;1.4004301524932994e-6;3.1413440072100535e-10;6.937214146227437e6;940.9773853362398;2.7964998788978296e12;6.272907020817213e8
1.644e-12;1.4073673666395269e-6;3.150753781063416e-10;6.937214149023937e6;940.9773859635304;2.7689987370689233e12;6.199115772743613e8
1.6450000000000002e-12;1.4143045807885509e-6;3.1601635549230513e-10;6.937214151792936e6;940.977386583442;2.7419012841371294e12;6.126584490376003e8
1.646e-12;1.4212417949403438e-6;3.169573328788886e-10;6.937214154534837e6;940.9773871961005;2.7151996575974707e12;6.0552852074118e8
1.6470000000000002e-12;1.4281790090948786e-6;3.178983102660847e-10;6.9372141572500365e6;940.977387801629;2.688886185436084e12;5.985190717721593e8
1.648e-12;1.4351162232521286e-6;3.1883928765388634e-10;6.937214159938923e6;940.977388400148;2.6629533806186973e12;5.916274550976264e8
1.6490000000000001e-12;1.4420534374120674e-6;3.197802650422865e-10;6.937214162601876e6;940.9773889917755;2.637393935764313e12;5.848510949172496e8
1.65e-12;1.4489906515746694e-6;3.2072124243127826e-10;6.93721416523927e6;940.9773895766266;2.612200717996911e12;5.781874844019128e8
1.6510000000000001e-12;1.4559278657399086e-6;3.216622198208549e-10;6.93721416785147e6;940.9773901548141;2.587366763968491e12;5.716341835148885e8
1.652e-12;1.46286507990776e-6;3.226031972110097e-10;6.937214170438837e6;940.9773907264482;2.5628852750469155e12;5.65188816912142e8
1.6530000000000001e-12;1.4698022940781989e-6;3.2354417460173615e-10;6.937214173001722e6;940.977391291637;2.5387496126623765e12;5.588490719185289e8
1.6540000000000002e-12;1.4767395082512007e-6;3.2448515199302777e-10;6.937214175540472e6;940.977391850486;2.514953293806512e12;5.526126965767854e8
1.6550000000000001e-12;1.4836767224267413e-6;3.2542612938487826e-10;6.937214178055426e6;940.9773924030987;2.491489986678505e12;5.464774977663654e8
1.6560000000000002e-12;1.4906139366047967e-6;3.2636710677728136e-10;6.937214180546916e6;940.9773929495763;2.468353506472677e12;5.404413393892944e8
1.6570000000000001e-12;1.4975511507853436e-6;3.273080841702309e-10;6.937214183015269e6;940.9773934900176;2.445537811302369e12;5.3450214062035227e8
1.6580000000000002e-12;1.5044883649683589e-6;3.282490615637209e-10;6.937214185460807e6;940.9773940245198;2.423036998255078e12;5.2865787421900874e8
1.659e-12;1.5114255791538197e-6;3.2919003895774545e-10;6.937214187883844e6;940.9773945531776;2.4008452995740425e12;5.2290656490064985e8
1.6600000000000002e-12;1.5183627933417034e-6;3.3013101635229865e-10;6.937214190284689e6;940.9773950760842;2.378957078961674e12;5.1724628776475036e8
1.661e-12;1.525300007531988e-6;3.310719937473747e-10;6.937214192663646e6;940.9773955933305;2.3573668280004067e12;5.116751667777408e8
1.6620000000000002e-12;1.5322372217246517e-6;3.3201297114296805e-10;6.937214195021013e6;940.9773961050056;2.3360691626867173e12;5.06191373308422e8
1.663e-12;1.5391744359196727e-6;3.3295394853907304e-10;6.937214197357082e6;940.9773966111969;2.3150588200742554e12;5.007931247138763e8
1.6640000000000002e-12;1.54611165011703e-6;3.3389492593568426e-10;6.93721419967214e6;940.9773971119901;2.2943306550221587e12;4.954786829739029e8
1.665e-12;1.553048864316702e-6;3.3483590333279624e-10;6.937214201966471e6;940.9773976074688;2.273879637044825e12;4.902463533721067e8
1.6660000000000002e-12;1.5599860785186686e-6;3.357768807304037e-10;6.937214204240351e6;940.9773980977152;2.2537008472595186e12;4.850944832218342e8
1.667e-12;1.566923292722909e-6;3.367178581285014e-10;6.937214206494052e6;940.9773985828097;2.233789475428371e12;4.8002146063523954e8
1.6680000000000002e-12;1.573860506929403e-6;3.376588355270842e-10;6.937214208727841e6;940.9773990628311;2.2141408170914385e12;4.7502571333382934e8
1.669e-12;1.5807977211381308e-6;3.3859981292614705e-10;6.937214210941982e6;940.9773995378567;2.194750270787649e12;4.701057074989118e8
1.6700000000000002e-12;1.5877349353490727e-6;3.395407903256849e-10;6.937214213136733e6;940.9774000079625;2.1756133353605376e12;4.652599466604335e8
1.671e-12;1.5946721495622095e-6;3.404817677256929e-10;6.937214215312346e6;940.9774004732225;2.156725607345874e12;4.604869706227633e8
1.6720000000000001e-12;1.6016093637775218e-6;3.414227451261661e-10;6.937214217469071e6;940.9774009337094;2.1380827784383003e12;4.5578535442602915e8
1.673e-12;1.608546577994991e-6;3.423637225270998e-10;6.937214219607154e6;940.9774013894947;2.1196806330343008e12;4.5115370734168595e8
1.6740000000000001e-12;1.6154837922145982e-6;3.433046999284893e-10;6.937214221726835e6;940.9774018406484;2.1015150458488599e12;4.465906719010343e8
1.675e-12;1.622421006436325e-6;3.4424567733032996e-10;6.93721422382835e6;940.9774022872391;2.0835819796033066e12;4.4209492295547426e8
1.6760000000000001e-12;1.6293582206601534e-6;3.451866547326172e-10;6.937214225911932e6;940.977402729334;2.0658774827819182e12;4.376651667673203e8
1.6770000000000002e-12;1.6362954348860654e-6;3.461276321353465e-10;6.9372142279778095e6;940.9774031669992;2.0483976874549644e12;4.3330014013005805e8
1.6780000000000001e-12;1.6432326491140432e-6;3.470686095385135e-10;6.937214230026207e6;940.9774036002993;2.0311388071659448e12;4.2899860951696247e8
1.6790000000000002e-12;1.6501698633440694e-6;3.4800958694211377e-10;6.937214232057346e6;940.977404029298;2.0140971348808699e12;4.2475937025704825e8
1.6800000000000001e-12;1.6571070775761267e-6;3.4895056434614304e-10;6.937214234071443e6;940.9774044540574;1.997269040997514e12;4.2058124573735934e8
1.6810000000000002e-12;1.6640442918101981e-6;3.498915417505971e-10;6.937214236068712e6;940.9774048746386;1.9806509714126323e12;4.164630866306467e8
1.6820000000000001e-12;1.6709815060462669e-6;3.5083251915547173e-10;6.937214238049363e6;940.9774052911017;1.9642394456452385e12;4.124037701475229e8
1.6830000000000002e-12;1.6779187202843161e-6;3.517734965607628e-10;6.937214240013602e6;940.9774057035055;1.9480310550140803e12;4.084021993122166e8
1.684e-12;1.6848559345243297e-6;3.527144739664663e-10;6.937214241961633e6;940.9774061119077;1.9320224608675378e12;4.04457302261086e8
1.6850000000000002e-12;1.6917931487662914e-6;3.536554513725782e-10;6.937214243893655e6;940.977406516365;1.9162103928642144e12;4.005680315630805e8
1.686e-12;1.698730363010185e-6;3.5459642877909456e-10;6.937214245809865e6;940.9774069169331;1.9005916473025957e12;3.967333635613813e8
1.6870000000000002e-12;1.7056675772559948e-6;3.5553740618601147e-10;6.937214247710457e6;940.9774073136665;1.8851630854981562e12;3.929522977354683e8
1.688e-12;1.7126047915037053e-6;3.564783835933251e-10;6.93721424959562e6;940.9774077066188;1.8699216322063833e12;3.892238560829003e8
1.6890000000000002e-12;1.719542005753301e-6;3.5741936100103173e-10;6.937214251465541e6;940.9774080958426;1.8548642740902625e12;3.855470825201221e8
1.69e-12;1.7264792200047666e-6;3.583603384091276e-10;6.937214253320405e6;940.9774084813897;1.839988058230762e12;3.8192104230163217e8
1.6910000000000002e-12;1.733416434258087e-6;3.5930131581760895e-10;6.937214255160393e6;940.9774088633108;1.8252900906789783e12;3.783448214568812e8
1.692e-12;1.7403536485132474e-6;3.6024229322647227e-10;6.937214256985683e6;940.9774092416556;1.8107675350485828e12;3.7481752624428314e8
1.6930000000000002e-12;1.7472908627702332e-6;3.611832706357139e-10;6.937214258796451e6;940.9774096164731;1.7964176111473271e12;3.7133828262175775e8
1.694e-12;1.7542280770290297e-6;3.621242480453304e-10;6.937214260592869e6;940.9774099878114;1.7822375936463396e12;3.679062357332339e8
1.6950000000000001e-12;1.7611652912896225e-6;3.630652254553182e-10;6.937214262375106e6;940.9774103557176;1.768224810786051e12;3.64520549410573e8
1.696e-12;1.7681025055519975e-6;3.640062028656739e-10;6.937214264143331e6;940.9774107202381;1.7543766431175886e12;3.611804056903874e8
1.6970000000000001e-12;1.775039719816141e-6;3.6494718027639415e-10;6.937214265897708e6;940.9774110814185;1.740690522278534e12;3.5788500434525216e8
1.698e-12;1.7819769340820386e-6;3.6588815768747555e-10;6.937214267638398e6;940.9774114393035;1.72716392980198e12;3.546335624288239e8
1.6990000000000001e-12;1.788914148349677e-6;3.6682913509891486e-10;6.937214269365562e6;940.9774117939371;1.713794395957847e12;3.514253138344003e8
1.7000000000000002e-12;1.7958513626190426e-6;3.677701125107088e-10;6.937214271079357e6;940.9774121453625;1.7005794986254812e12;3.482595088664751e8
1.7010000000000001e-12;1.802788576890122e-6;3.6871108992285415e-10;6.937214272779936e6;940.977412493622;1.6875168621965505e12;3.451354138248502e8
1.7020000000000002e-12;1.8097257911629019e-6;3.6965206733534775e-10;6.937214274467452e6;940.9774128387573;1.6746041565073284e12;3.4205231060089326e8
1.7030000000000001e-12;1.8166630054373693e-6;3.705930447481865e-10;6.937214276142057e6;940.9774131808097;1.661839095799464e12;3.390094962855393e8
1.7040000000000002e-12;1.8236002197135114e-6;3.715340221613673e-10;6.937214277803896e6;940.9774135198192;1.649219437708369e12;3.3600628278864807e8
1.7050000000000001e-12;1.8305374339913153e-6;3.724749995748871e-10;6.937214279453116e6;940.9774138558255;1.6367429822783958e12;3.3304199646934795e8
1.7060000000000002e-12;1.8374746482707684e-6;3.7341597698874294e-10;6.937214281089858e6;940.9774141888674;1.6244075710039875e12;3.30115977777006e8
1.707e-12;1.8444118625518582e-6;3.743569544029318e-10;6.937214282714265e6;940.9774145189834;1.6122110858960278e12;3.272275809024792e8
1.7080000000000002e-12;1.8513490768345724e-6;3.7529793181745076e-10;6.937214284326476e6;940.977414846211;1.6001514485726348e12;3.2437617343931544e8
1.709e-12;1.8582862911188989e-6;3.7623890923229697e-10;6.937214285926628e6;940.9774151705872;1.5882266193736665e12;3.215611360545809e8
1.7100000000000002e-12;1.8652235054048254e-6;3.7717988664746754e-10;6.937214287514854e6;940.9774154921483;1.5764345964982427e12;3.187818621690071e8
1.711e-12;1.8721607196923403e-6;3.781208640629597e-10;6.937214289091289e6;940.9774158109302;1.5647734151645876e12;3.160377576461568e8
1.7120000000000002e-12;1.8790979339814316e-6;3.790618414787706e-10;6.937214290656063e6;940.977416126968;1.5532411467915571e12;3.133282404903241e8
1.713e-12;1.8860351482720878e-6;3.8000281889489754e-10;6.937214292209304e6;940.9774164402962;1.541835898201182e12;3.1065274055288744e8
1.7140000000000002e-12;1.892972362564297e-6;3.8094379631133783e-10;6.93721429375114e6;940.9774167509489;1.530555810841654e12;3.080106992468536e8
1.715e-12;1.8999095768580482e-6;3.818847737280888e-10;6.937214295281696e6;940.9774170589596;1.519399060030111e12;3.054015692693264e8
1.7160000000000002e-12;1.9068467911533298e-6;3.8282575114514775e-10;6.937214296801095e6;940.9774173643613;1.5083638542146926e12;3.028248143316605e8
1.717e-12;1.9137840054501308e-6;3.837667285625121e-10;6.937214298309458e6;940.977417667186;1.4974484342552686e12;3.00279908897052e8
1.7180000000000002e-12;1.92072121974844e-6;3.847077059801793e-10;6.937214299806907e6;940.977417967466;1.4866510727223315e12;2.9776633792533773e8
1.719e-12;1.927658434048247e-6;3.856486833981468e-10;6.9372143012935575e6;940.9774182652322;1.475970073213516e12;2.952835966247806e8
1.7200000000000001e-12;1.9345956483495404e-6;3.86589660816412e-10;6.937214302769528e6;940.9774185605158;1.4654037696872366e12;2.9283119021061915e8
1.721e-12;1.9415328626523098e-6;3.875306382349725e-10;6.937214304234931e6;940.977418853347;1.454950525812974e12;2.9040863367018014e8
1.7220000000000001e-12;1.9484700769565445e-6;3.8847161565382585e-10;6.937214305689882e6;940.9774191437556;1.4446087343377168e12;2.880154515343461e8
1.7230000000000002e-12;1.9554072912622344e-6;3.8941259307296963e-10;6.93721430713449e6;940.9774194317711;1.4343768164681077e12;2.856511776551872e8
1.7240000000000001e-12;1.962344505569369e-6;3.903535704924014e-10;6.937214308568867e6;940.9774197174222;1.42425322126786e12;2.833153549895677e8
1.7250000000000002e-12;1.969281719877938e-6;3.9129454791211885e-10;6.93721430999312e6;940.9774200007375;1.414236425070003e12;2.8100753538854676e8
1.7260000000000001e-12;1.9762189341879313e-6;3.922355253321196e-10;6.9372143114073565e6;940.977420281745;1.404324930903537e12;2.7872727939239544e8
1.7270000000000002e-12;1.9831561484993387e-6;3.931765027524013e-10;6.937214312811681e6;940.9774205604723;1.3945172679341182e12;2.764741560310639e8
1.7280000000000001e-12;1.9900933628121505e-6;3.941174801729618e-10;6.937214314206199e6;940.9774208369464;1.3848119909183547e12;2.7424774262993294e8
1.7290000000000002e-12;1.9970305771263565e-6;3.9505845759379875e-10;6.937214315591011e6;940.9774211111942;1.3752076796713545e12;2.7204762462069064e8
1.73e-12;2.0039677914419474e-6;3.959994350149099e-10;6.937214316966219e6;940.9774213832418;1.365702938547151e12;2.698733953571832e8
1.7310000000000002e-12;2.0109050057589135e-6;3.969404124362932e-10;6.9372143183319215e6;940.9774216531151;1.3562963959316567e12;2.6772465593609178e8
1.732e-12;2.0178422200772454e-6;3.978813898579463e-10;6.937214319688218e6;940.9774219208398;1.3469867037477988e12;2.6560101502229026e8
1.7330000000000002e-12;2.0247794343969334e-6;3.9882236727986715e-10;6.937214321035204e6;940.9774221864408;1.337772536972496e12;2.635020886787473e8
1.734e-12;2.0317166487179686e-6;3.997633447020536e-10;6.937214322372977e6;940.9774224499429;1.3286525931651704e12;2.6142750020083937e8
1.7350000000000002e-12;2.0386538630403417e-6;4.007043221245036e-10;6.937214323701629e6;940.9774227113704;1.3196255920074626e12;2.5937687995494378e8
1.736e-12;2.0455910773640434e-6;4.0164529954721493e-10;6.937214325021255e6;940.9774229707473;1.3106902748538582e12;2.57349865221187e8
1.7370000000000002e-12;2.0525282916890648e-6;4.0258627697018566e-10;6.937214326331945e6;940.9774232280971;1.3018454042929304e12;2.5534610004022938e8
1.738e-12;2.059465506015397e-6;4.0352725439341375e-10;6.937214327633791e6;940.9774234834432;1.2930897637189045e12;2.5336523506396452e8
1.7390000000000002e-12;2.0664027203430305e-6;4.044682318168972e-10;6.937214328926881e6;940.9774237368084;1.2844221569132825e12;2.51406927410026e8
1.74e-12;2.0733399346719575e-6;4.05409209240634e-10;6.937214330211303e6;940.9774239882154;1.2758414076362378e12;2.4947084051998526e8
1.7410000000000002e-12;2.0802771490021686e-6;4.063501866646222e-10;6.937214331487144e6;940.9774242376863;1.267346359227548e12;2.4755664402114078e8
1.742e-12;2.087214363333656e-6;4.072911640888599e-10;6.937214332754491e6;940.9774244852429;1.2589358742167815e12;2.4566401359179044e8
1.7430000000000001e-12;2.09415157766641e-6;4.0823214151334514e-10;6.937214334013427e6;940.9774247309069;1.2506088339425173e12;2.437926308298912e8
1.744e-12;2.1010887920004236e-6;4.0917311893807606e-10;6.9372143352640355e6;940.9774249746996;1.242364138180351e12;2.419421831250084e8
1.7450000000000001e-12;2.1080260063356877e-6;4.1011409636305074e-10;6.937214336506399e6;940.9774252166418;1.2342007047794492e12;2.401123635334608e8
1.7460000000000002e-12;2.114963220672194e-6;4.1105507378826737e-10;6.9372143377406e6;940.9774254567542;1.2261174693074426e12;2.383028706565728e8
1.7470000000000001e-12;2.1219004350099344e-6;4.1199605121372414e-10;6.937214338966718e6;940.977425695057;1.2181133847034275e12;2.3651340852194443e8
1.7480000000000002e-12;2.1288376493489013e-6;4.129370286394192e-10;6.937214340184831e6;940.9774259315705;1.2101874209388728e12;2.3474368646765593e8
1.7490000000000001e-12;2.1357748636890862e-6;4.1387800606535075e-10;6.937214341395019e6;940.9774261663141;1.2023385646862227e12;2.3299341902932444e8
1.7500000000000002e-12;2.142712078030481e-6;4.148189834915171e-10;6.937214342597357e6;940.9774263993075;1.194565818994997e12;2.312623258299322e8
1.7510000000000001e-12;2.1496492923730784e-6;4.157599609179164e-10;6.937214343791923e6;940.9774266305699;1.1868682029751987e12;2.295501314723509e8
1.7520000000000002e-12;2.1565865067168704e-6;4.1670093834454697e-10;6.937214344978791e6;940.97742686012;1.1792447514878372e12;2.2785656543448675e8
1.7530000000000001e-12;2.163523721061849e-6;4.176419157714071e-10;6.937214346158035e6;940.9774270879766;1.1716945148423857e12;2.2618136196697342e8
1.7540000000000002e-12;2.1704609354080074e-6;4.1858289319849507e-10;6.937214347329729e6;940.9774273141579;1.164216558501001e12;2.2452425999334395e8
1.755e-12;2.177398149755337e-6;4.195238706258092e-10;6.937214348493946e6;940.9774275386822;1.1568099627893232e12;2.2288500301261252e8
1.7560000000000002e-12;2.184335364103831e-6;4.204648480533479e-10;6.9372143496507555e6;940.9774277615671;1.1494738226136992e12;2.2126333900420067e8
1.757e-12;2.191272578453482e-6;4.2140582548110945e-10;6.937214350800229e6;940.9774279828305;1.1422072471846606e12;2.196590203351443e8
1.7580000000000002e-12;2.1982097928042823e-6;4.2234680290909227e-10;6.937214351942437e6;940.9774282024895;1.1350093597465005e12;2.1807180366951936e8
1.759e-12;2.205147007156225e-6;4.2328778033729476e-10;6.937214353077446e6;940.9774284205613;1.1278792973127993e12;2.165014498800259e8
1.7600000000000002e-12;2.2120842215093025e-6;4.242287577657153e-10;6.937214354205325e6;940.9774286370628;1.1208162104077383e12;2.149477239616719e8
1.761e-12;2.219021435863508e-6;4.251697351943524e-10;6.937214355326141e6;940.9774288520105;1.11381926281308e12;2.134103949475028e8
1.7620000000000002e-12;2.225958650218834e-6;4.2611071262320443e-10;6.93721435643996e6;940.9774290654209;1.1068876313206455e12;2.11889235826318e8
1.763e-12;2.232895864575274e-6;4.270516900522698e-10;6.937214357546848e6;940.9774292773101;1.1000205054901724e12;2.1038402346232384e8
1.7640000000000002e-12;2.239833078932821e-6;4.2799266748154713e-10;6.937214358646869e6;940.977429487694;1.0932170874124165e12;2.0889453851667184e8
1.765e-12;2.246770293291468e-6;4.289336449110348e-10;6.937214359740086e6;940.9774296965886;1.0864765914773632e12;2.074205653708304e8
1.7660000000000001e-12;2.2537075076512078e-6;4.298746223407314e-10;6.937214360826562e6;940.9774299040092;1.0797982441474237e12;2.0596189205174202e8
1.767e-12;2.2606447220120345e-6;4.308155997706354e-10;6.937214361906361e6;940.9774301099711;1.0731812837355e12;2.0451831015871963e8
1.7680000000000001e-12;2.2675819363739407e-6;4.3175657720074536e-10;6.937214362979542e6;940.9774303144894;1.0666249601877902e12;2.0308961479203546e8
1.7690000000000002e-12;2.27451915073692e-6;4.3269755463105985e-10;6.937214364046168e6;940.977430517579;1.0601285348712307e12;2.0167560448315895e8
1.7700000000000001e-12;2.2814563651009664e-6;4.336385320615774e-10;6.937214365106296e6;940.9774307192546;1.053691280365448e12;2.0027608112659904e8
1.7710000000000002e-12;2.2883935794660728e-6;4.3457950949229665e-10;6.937214366159987e6;940.9774309195307;1.0473124802591251e12;1.9889084991331097e8
1.7720000000000001e-12;2.295330793832233e-6;4.3552048692321617e-10;6.937214367207299e6;940.9774311184215;1.0409914289506635e12;1.9751971926562533e8
1.7730000000000002e-12;2.3022680081994402e-6;4.364614643543346e-10;6.93721436824829e6;940.9774313159412;1.0347274314530505e12;1.9616250077366105e8
1.7740000000000001e-12;2.3092052225676886e-6;4.3740244178565053e-10;6.937214369283018e6;940.9774315121037;1.028519803202817e12;1.9481900913318324e8
1.7750000000000002e-12;2.3161424369369717e-6;4.383434192171626e-10;6.937214370311538e6;940.9774317069227;1.0223678698729989e12;1.93489062084869e8
1.7760000000000001e-12;2.323079651307283e-6;4.3928439664886956e-10;6.9372143713339055e6;940.9774319004118;1.0162709671900013e12;1.9217248035494566e8
1.7770000000000002e-12;2.3300168656786168e-6;4.4022537408076997e-10;6.937214372350177e6;940.9774320925843;1.0102284407542709e12;1.908690875971642e8
1.778e-12;2.336954080050967e-6;4.4116635151286253e-10;6.937214373360406e6;940.9774322834534;1.0042396458646973e12;1.895787103360779e8
1.7790000000000002e-12;2.343891294424327e-6;4.4210732894514597e-10;6.937214374364645e6;940.9774324730321;9.983039473466345e11;1.8830117791158748e8
1.78e-12;2.350828508798692e-6;4.43048306377619e-10;6.937214375362949e6;940.9774326613333;9.924207193834841e11;1.8703632242472643e8
1.7810000000000002e-12;2.357765723174055e-6;4.4398928381028035e-10;6.9372143763553705e6;940.9774328483696;9.865893453517292e11;1.8578397868465024e8
1.782e-12;2.3647029375504104e-6;4.449302612431287e-10;6.93721437734196e6;940.9774330341536;9.808092176593579e11;1.8454398415680227e8
1.7830000000000002e-12;2.3716401519277526e-6;4.4587123867616285e-10;6.937214378322769e6;940.9774332186976;9.7507973758759e11;1.833161789122259e8
1.784e-12;2.378577366306075e-6;4.468122161093816e-10;6.937214379297849e6;940.9774334020137;9.694003151358276e11;1.8210040557799357e8
1.7850000000000002e-12;2.385514580685373e-6;4.4775319354278357e-10;6.937214380267249e6;940.9774335841141;9.637703688697606e11;1.8089650928872555e8
1.786e-12;2.3924517950656405e-6;4.486941709763677e-10;6.93721438123102e6;940.9774337650107;9.58189325772547e11;1.7970433763917145e8
1.7870000000000002e-12;2.3993890094468714e-6;4.496351484101327e-10;6.93721438218921e6;940.977433944715;9.526566210990046e11;1.7852374063782728e8
1.788e-12;2.4063262238290607e-6;4.5057612584407745e-10;6.937214383141866e6;940.9774341232387;9.471716982327383e11;1.7735457066156283e8
1.7890000000000002e-12;2.4132634382122025e-6;4.515171032782007e-10;6.937214384089038e6;940.9774343005932;9.417340085461372e11;1.761966824112349e8
1.79e-12;2.4202006525962917e-6;4.5245808071250126e-10;6.937214385030772e6;940.9774344767899;9.363430112631829e11;1.7504993286826155e8
1.7910000000000001e-12;2.4271378669813223e-6;4.5339905814697807e-10;6.937214385967115e6;940.9774346518398;9.309981733249904e11;1.7391418125213403e8
1.792e-12;2.4340750813672894e-6;4.5434003558162993e-10;6.937214386898113e6;940.9774348257539;9.256989692580334e11;1.7278928897884288e8
1.7930000000000001e-12;2.4410122957541874e-6;4.552810130164557e-10;6.937214387823813e6;940.9774349985432;9.204448810449852e11;1.7167511962019706e8
1.7940000000000002e-12;2.447949510142011e-6;4.5622199045145427e-10;6.937214388744257e6;940.9774351702183;9.152353979981185e11;1.705715388640134e8
1.7950000000000001e-12;2.454886724530755e-6;4.5716296788662446e-10;6.937214389659493e6;940.9774353407898;9.10070016635206e11;1.6947841447515562e8
1.7960000000000002e-12;2.4618239389204145e-6;4.5810394532196526e-10;6.937214390569563e6;940.9774355102683;9.049482405578652e11;1.683956162574024e8
1.7970000000000001e-12;2.468761153310984e-6;4.5904492275747553e-10;6.9372143914745115e6;940.9774356786639;8.998695803322932e11;1.673230160161244e8
1.7980000000000002e-12;2.4756983677024584e-6;4.599859001931542e-10;6.937214392374381e6;940.977435845987;8.948335533723376e11;1.6626048752175087e8
1.7990000000000001e-12;2.482635582094833e-6;4.609268776290002e-10;6.937214393269215e6;940.9774360122475;8.898396838248507e11;1.6520790647400707e8
1.8000000000000002e-12;2.489572796488102e-6;4.6186785506501245e-10;6.937214394159054e6;940.9774361774554;8.848875024572761e11;1.6416515046690312e8
1.801e-12;2.4965100108822613e-6;4.628088325011899e-10;6.937214395043942e6;940.9774363416205;8.799765465474242e11;1.6313209895445892e8
1.8020000000000002e-12;2.503447225277305e-6;4.6374980993753153e-10;6.937214395923919e6;940.9774365047526;8.751063597753727e11;1.6210863321714345e8
1.803e-12;2.510384439673229e-6;4.646907873740363e-10;6.937214396799025e6;940.9774366668613;8.702764921174645e11;1.6109463632901576e8
1.8040000000000002e-12;2.517321654070028e-6;4.6563176481070316e-10;6.937214397669301e6;940.9774368279559;8.654864997423447e11;1.600899931255489e8
1.805e-12;2.5242588684676973e-6;4.665727422475311e-10;6.937214398534788e6;940.9774369880458;8.607359449089929e11;1.590945901721204e8
1.8060000000000002e-12;2.531196082866232e-6;4.675137196845191e-10;6.937214399395524e6;940.9774371471404;8.560243958667104e11;1.581083157331549e8
1.807e-12;2.5381332972656277e-6;4.684546971216663e-10;6.937214400251548e6;940.9774373052487;8.513514267570208e11;1.5713105974190298e8
1.8080000000000002e-12;2.545070511665879e-6;4.693956745589715e-10;6.9372144011029e6;940.9774374623797;8.467166175174331e11;1.5616271377084085e8
1.809e-12;2.552007726066982e-6;4.703366519964339e-10;6.937214401949616e6;940.9774376185425;8.421195537870425e11;1.5520317100267768e8
1.8100000000000002e-12;2.5589449404689316e-6;4.712776294340525e-10;6.937214402791736e6;940.9774377737457;8.375598268139119e11;1.5425232620195502e8
1.811e-12;2.5658821548717232e-6;4.722186068718262e-10;6.9372144036292955e6;940.977437927998;8.330370333642095e11;1.5331007568722585e8
1.8120000000000002e-12;2.5728193692753526e-6;4.731595843097542e-10;6.937214404462333e6;940.9774380813082;8.285507756330562e11;1.5237631730379906e8
1.813e-12;2.579756583679815e-6;4.741005617478356e-10;6.937214405290884e6;940.9774382336844;8.241006611570497e11;1.514509503970365e8
1.8140000000000001e-12;2.586693798085106e-6;4.750415391860692e-10;6.937214406114984e6;940.9774383851354;8.196863027284297e11;1.5053387578619003e8
1.815e-12;2.593631012491221e-6;4.759825166244544e-10;6.93721440693467e6;940.9774385356693;8.153073183108442e11;1.496249957387662e8
1.8160000000000001e-12;2.6005682268981555e-6;4.769234940629901e-10;6.937214407749978e6;940.9774386852943;8.109633309566936e11;1.4872421394540635e8
1.8170000000000002e-12;2.6075054413059053e-6;4.778644715016754e-10;6.937214408560941e6;940.9774388340185;8.06653968726003e11;1.4783143549527037e8
1.8180000000000001e-12;2.614442655714466e-6;4.788054489405094e-10;6.937214409367595e6;940.9774389818499;8.023788646068083e11;1.469465668519131e8
1.8190000000000002e-12;2.6213798701238337e-6;4.797464263794912e-10;6.937214410169974e6;940.9774391287965;7.981376564370084e11;1.4606951582964152e8
1.8200000000000003e-12;2.628317084534004e-6;4.8068740381862e-10;6.937214410968112e6;940.977439274866;7.939299868276637e11;1.4520019157034224e8
1.821e-12;2.635254298944972e-6;4.816283812578948e-10;6.937214411762042e6;940.9774394200662;7.897555030877034e11;1.4433850452076903e8
1.822e-12;2.642191513356734e-6;4.825693586973149e-10;6.937214412551798e6;940.9774395644047;7.856138571500151e11;1.4348436641027883e8
1.8230000000000002e-12;2.649128727769286e-6;4.835103361368793e-10;6.937214413337411e6;940.9774397078891;7.815047054988915e11;1.4263769022900817e8
1.8240000000000003e-12;2.656065942182623e-6;4.844513135765872e-10;6.937214414118916e6;940.9774398505267;7.774277090987937e11;1.417983902064777e8
1.825e-12;2.663003156596742e-6;4.853922910164377e-10;6.937214414896344e6;940.9774399923251;7.733825333244202e11;1.4096638179061782e8
1.826e-12;2.6699403710116383e-6;4.8633326845643e-10;6.937214415669726e6;940.9774401332915;7.693688478920415e11;1.4014158162720385e8
1.827e-12;2.676877585427308e-6;4.872742458965633e-10;6.9372144164390955e6;940.977440273433;7.653863267920798e11;1.3932390753969315e8
1.8280000000000003e-12;2.683814799843747e-6;4.882152233368367e-10;6.937214417204482e6;940.9774404127569;7.614346482229059e11;1.385132785094541e8
1.829e-12;2.6907520142609513e-6;4.891562007772494e-10;6.937214417965916e6;940.9774405512702;7.575134945258329e11;1.377096146563801e8
1.83e-12;2.697689228678917e-6;4.900971782178007e-10;6.93721441872343e6;940.9774406889799;7.536225521212738e11;1.369128372198776e8
1.831e-12;2.7046264430976407e-6;4.910381556584897e-10;6.937214419477052e6;940.9774408258927;7.497615114460472e11;1.361228685402221e8
1.8320000000000003e-12;2.7115636575171176e-6;4.919791330993156e-10;6.937214420226813e6;940.9774409620155;7.459300668918036e11;1.353396320402732e8
1.833e-12;2.7185008719373446e-6;4.929201105402776e-10;6.937214420972743e6;940.9774410973552;7.421279167445488e11;1.345630522075404e8
1.834e-12;2.7254380863583175e-6;4.93861087981375e-10;6.937214421714871e6;940.9774412319182;7.383547631252452e11;1.3379305457659316e8
1.835e-12;2.7323753007800323e-6;4.948020654226069e-10;6.937214422453226e6;940.9774413657112;7.34610311931468e11;1.3302956571180706e8
1.8360000000000003e-12;2.7393125152024857e-6;4.957430428639725e-10;6.937214423187836e6;940.9774414987407;7.308942727800898e11;1.322725131904378e8
1.837e-12;2.7462497296256735e-6;4.966840203054713e-10;6.937214423918731e6;940.9774416310132;7.272063589509857e11;1.3152182558601882e8
1.838e-12;2.7531869440495923e-6;4.976249977471023e-10;6.937214424645937e6;940.977441762535;7.235462873317201e11;1.3077743245207174e8
1.839e-12;2.7601241584742383e-6;4.985659751888648e-10;6.937214425369483e6;940.9774418933124;7.199137783632124e11;1.3003926430612607e8
1.8400000000000002e-12;2.7670613728996077e-6;4.995069526307581e-10;6.937214426089398e6;940.9774420233516;7.163085559863552e11;1.2930725261404042e8
1.8410000000000003e-12;2.773998587325697e-6;5.004479300727815e-10;6.937214426805706e6;940.9774421526589;7.127303475895604e11;1.2858132977461788e8
1.842e-12;2.780935801752503e-6;5.013889075149341e-10;6.937214427518436e6;940.9774422812402;7.091788839572247e11;1.2786142910451068e8
1.843e-12;2.787873016180021e-6;5.023298849572154e-10;6.937214428227615e6;940.9774424091016;7.056538992190913e11;1.2714748482340753e8
1.8440000000000002e-12;2.794810230608249e-6;5.032708623996245e-10;6.937214428933268e6;940.9774425362491;7.021551308004879e11;1.26439432039497e8
1.8450000000000003e-12;2.801747445037182e-6;5.042118398421607e-10;6.937214429635423e6;940.9774426626885;6.986823193734275e11;1.2573720673520194e8
1.846e-12;2.8086846594668175e-6;5.051528172848234e-10;6.937214430334105e6;940.9774427884257;6.952352088085558e11;1.2504074575317898e8
1.847e-12;2.8156218738971517e-6;5.060937947276118e-10;6.93721443102934e6;940.9774429134665;6.918135461279215e11;1.2434998678257701e8
1.8480000000000002e-12;2.822559088328181e-6;5.070347721705252e-10;6.937214431721154e6;940.9774430378164;6.88417081458563e11;1.236648683455501e8
1.8490000000000003e-12;2.829496302759902e-6;5.079757496135631e-10;6.937214432409571e6;940.9774431614813;6.850455679868876e11;1.2298532978401874e8
1.85e-12;2.8364335171923116e-6;5.089167270567245e-10;6.937214433094616e6;940.9774432844666;6.816987619138308e11;1.2231131124667436e8
1.851e-12;2.8433707316254063e-6;5.09857704500009e-10;6.937214433776314e6;940.977443406778;6.783764224107842e11;1.2164275367622286e8
1.852e-12;2.8503079460591825e-6;5.107986819434157e-10;6.937214434454691e6;940.9774435284207;6.750783115762668e11;1.2097959879686059e8
1.8530000000000003e-12;2.857245160493637e-6;5.117396593869442e-10;6.937214435129769e6;940.9774436494004;6.718041943933395e11;1.2032178910197984e8
1.854e-12;2.864182374928767e-6;5.126806368305936e-10;6.937214435801573e6;940.9774437697222;6.685538386877332e11;1.1966926784209731e8
1.855e-12;2.871119589364568e-6;5.136216142743633e-10;6.937214436470127e6;940.9774438893915;6.653270150866909e11;1.1902197901300246e8
1.856e-12;2.8780568038010383e-6;5.145625917182527e-10;6.937214437135453e6;940.9774440084134;6.621234969784977e11;1.1837986734411985e8
1.8570000000000003e-12;2.884994018238174e-6;5.155035691622612e-10;6.937214437797577e6;940.9774441267932;6.589430604726957e11;1.177428782870825e8
1.858e-12;2.8919312326759713e-6;5.16444546606388e-10;6.93721443845652e6;940.9774442445361;6.557854843609631e11;1.1711095800451057e8
1.859e-12;2.8988684471144277e-6;5.173855240506325e-10;6.937214439112306e6;940.977444361647;6.526505500786504e11;1.1648405335899228e8
1.86e-12;2.90580566155354e-6;5.183265014949942e-10;6.937214439764956e6;940.9774444781311;6.495380416669553e11;1.1586211190226199e8
1.8610000000000002e-12;2.9127428759933052e-6;5.192674789394723e-10;6.937214440414494e6;940.9774445939933;6.464477457357308e11;1.1524508186457221e8
1.8620000000000003e-12;2.9196800904337196e-6;5.202084563840663e-10;6.937214441060942e6;940.9774447092383;6.433794514269098e11;1.1463291214425536e8
1.863e-12;2.9266173048747806e-6;5.211494338287755e-10;6.937214441704321e6;940.9774448238712;6.403329503785344e11;1.140255522974709e8
1.864e-12;2.933554519316485e-6;5.220904112735994e-10;6.937214442344653e6;940.9774449378967;6.373080366893829e11;1.1342295252813518e8
1.8650000000000002e-12;2.9404917337588297e-6;5.230313887185373e-10;6.937214442981961e6;940.9774450513197;6.343045068841782e11;1.1282506367802927e8
1.8660000000000003e-12;2.947428948201812e-6;5.239723661635885e-10;6.937214443616265e6;940.9774451641448;6.313221598793687e11;1.1223183721708173e8
1.867e-12;2.954366162645428e-6;5.249133436087527e-10;6.937214444247588e6;940.9774452763767;6.283607969494724e11;1.1164322523382273e8
1.868e-12;2.9613033770896756e-6;5.258543210540291e-10;6.937214444875948e6;940.9774453880199;6.254202216939707e11;1.1105918042600605e8
1.8690000000000002e-12;2.9682405915345517e-6;5.267952984994172e-10;6.9372144455013685e6;940.9774454990791;6.22500240004744e11;1.1047965609139562e8
1.8700000000000003e-12;2.975177805980053e-6;5.277362759449163e-10;6.937214446123869e6;940.9774456095587;6.196006600340391e11;1.0990460611871347e8
1.871e-12;2.9821150204261766e-6;5.286772533905258e-10;6.93721444674347e6;940.9774457194633;6.167212921629539e11;1.0933398497874533e8
1.872e-12;2.98905223487292e-6;5.296182308362452e-10;6.937214447360191e6;940.9774458287973;6.1386194897044e11;1.0876774771560192e8
1.873e-12;2.99598944932028e-6;5.305592082820741e-10;6.937214447974052e6;940.977445937565;6.110224452028e11;1.0820584993813121e8
1.8740000000000003e-12;3.002926663768254e-6;5.315001857280117e-10;6.937214448585074e6;940.9774460457709;6.08202597743682e11;1.0764824781148008e8
1.875e-12;3.0098638782168394e-6;5.324411631740574e-10;6.937214449193277e6;940.9774461534191;6.054022255845573e11;1.0709489804880218e8
1.876e-12;3.016801092666033e-6;5.333821406202108e-10;6.93721444979868e6;940.9774462605141;6.026211497956707e11;1.0654575790310822e8
1.877e-12;3.0237383071158314e-6;5.343231180664713e-10;6.9372144504013015e6;940.9774463670598;5.998591934974586e11;1.0600078515925704e8
1.8780000000000003e-12;3.0306755215662327e-6;5.352640955128383e-10;6.937214451001161e6;940.9774464730606;5.971161818324237e11;1.0545993812608387e8
1.879e-12;3.0376127360172337e-6;5.362050729593114e-10;6.937214451598277e6;940.9774465785205;5.943919419374594e11;1.0492317562866381e8
1.88e-12;3.044549950468832e-6;5.3714605040589e-10;6.937214452192669e6;940.9774466834436;5.916863029166141e11;1.0439045700070737e8
1.881e-12;3.0514871649210246e-6;5.380870278525734e-10;6.937214452784355e6;940.9774467878341;5.889990958142898e11;1.0386174207708548e8
1.8820000000000003e-12;3.058424379373809e-6;5.390280052993613e-10;6.937214453373354e6;940.9774468916959;5.863301535888651e11;1.0333699118648234e8
1.883e-12;3.0653615938271825e-6;5.399689827462529e-10;6.937214453959684e6;940.9774469950329;5.836793110867349e11;1.02816165144172e8
1.884e-12;3.0722988082811422e-6;5.40909960193248e-10;6.937214454543363e6;940.9774470978491;5.810464050167611e11;1.0229922524491812e8
1.885e-12;3.0792360227356855e-6;5.418509376403458e-10;6.93721445512441e6;940.9774472001484;5.784312739251254e11;1.0178613325599316e8
1.8860000000000002e-12;3.08617323719081e-6;5.42791915087546e-10;6.937214455702841e6;940.9774473019345;5.758337581705768e11;1.0127685141031556e8
1.8870000000000003e-12;3.0931104516465127e-6;5.437328925348479e-10;6.937214456278675e6;940.9774474032114;5.732536999000673e11;1.0077134239970186e8
1.888e-12;3.1000476661027916e-6;5.446738699822511e-10;6.9372144568519285e6;940.9774475039827;5.706909430247712e11;1.0026956936823295e8
1.889e-12;3.1069848805596434e-6;5.456148474297551e-10;6.93721445742262e6;940.9774476042522;5.681453331964744e11;9.977149590573008e7
1.8900000000000002e-12;3.113922095017066e-6;5.465558248773593e-10;6.937214457990765e6;940.9774477040237;5.656167177843346e11;9.927708604134083e7
1.8910000000000003e-12;3.120859309475057e-6;5.474968023250634e-10;6.937214458556381e6;940.9774478033007;5.631049458520032e11;9.878630423723167e7
1.892e-12;3.1277965239336134e-6;5.484377797728667e-10;6.937214459119486e6;940.9774479020871;5.606098681350992e11;9.829911538238512e7
1.893e-12;3.1347337383927328e-6;5.493787572207688e-10;6.937214459680095e6;940.9774480003862;5.581313370190342e11;9.781548478650014e7
1.8940000000000002e-12;3.141670952852413e-6;5.503197346687691e-10;6.937214460238227e6;940.9774480982016;5.556692065171787e11;9.733537817399324e7
1.8950000000000003e-12;3.148608167312651e-6;5.512607121168673e-10;6.937214460793896e6;940.977448195537;5.532233322493641e11;9.685876167809856e7
1.896e-12;3.155545381773445e-6;5.522016895650628e-10;6.937214461347119e6;940.9774482923958;5.507935714207178e11;9.638560183506562e7
1.897e-12;3.1624825962347922e-6;5.531426670133552e-10;6.937214461897912e6;940.9774483887815;5.4837978280081866e11;9.591586557845172e7
1.898e-12;3.1694198106966903e-6;5.54083644461744e-10;6.937214462446292e6;940.9774484846973;5.459818267031765e11;9.544952023350848e7
1.8990000000000003e-12;3.1763570251591364e-6;5.550246219102287e-10;6.937214462992274e6;940.9774485801469;5.435995649650201e11;9.498653351166004e7
1.9e-12;3.183294239622129e-6;5.559655993588088e-10;6.937214463535874e6;940.9774486751334;5.412328609273971e11;9.452687350507131e7
1.901e-12;3.1902314540856646e-6;5.56906576807484e-10;6.937214464077107e6;940.9774487696602;5.388815794155744e11;9.407050868130502e7
1.902e-12;3.1971686685497417e-6;5.578475542562536e-10;6.937214464615989e6;940.9774488637307;5.365455867197358e11;9.361740787806502e7
1.9030000000000003e-12;3.204105883014358e-6;5.587885317051174e-10;6.937214465152534e6;940.9774489573481;5.3422475057597327e11;9.316754029802547e7
1.904e-12;3.2110430974795102e-6;5.597295091540747e-10;6.937214465686758e6;940.9774490505156;5.3191894014756476e11;9.272087550374335e7
1.905e-12;3.217980311945197e-6;5.606704866031252e-10;6.937214466218677e6;940.9774491432364;5.296280260065327e11;9.227738341265291e7
1.906e-12;3.224917526411416e-6;5.616114640522685e-10;6.937214466748306e6;940.9774492355137;5.2735188011548254e11;9.183703429214124e7
1.9070000000000003e-12;3.231854740878164e-6;5.625524415015039e-10;6.937214467275658e6;940.9774493273508;5.2509037580971277e11;9.139979875470273e7
1.908e-12;3.2387919553454395e-6;5.634934189508313e-10;6.937214467800748e6;940.9774494187506;5.2284338777959076e11;9.096564775317091e7
1.909e-12;3.24572916981324e-6;5.644343964002501e-10;6.937214468323591e6;940.9774495097162;5.206107920531963e11;9.053455257602721e7
1.91e-12;3.2526663842815637e-6;5.653753738497598e-10;6.937214468844202e6;940.9774496002507;5.183924659792206e11;9.010648484278429e7
1.9110000000000002e-12;3.259603598750408e-6;5.663163512993601e-10;6.937214469362595e6;940.9774496903572;5.1618828821011993e11;8.968141649944268e7
1.9120000000000003e-12;3.2665408132197704e-6;5.672573287490504e-10;6.937214469878783e6;940.9774497800386;5.139981386855223e11;8.925931981402026e7
1.913e-12;3.2734780276896492e-6;5.681983061988304e-10;6.937214470392781e6;940.9774498692979;5.118218986158758e11;8.884016737215191e7
1.914e-12;3.280415242160042e-6;5.691392836486997e-10;6.937214470904604e6;940.977449958138;5.0965945046634296e11;8.842393207275948e7
1.9150000000000002e-12;3.2873524566309468e-6;5.700802610986579e-10;6.937214471414263e6;940.9774500465619;5.075106779409295e11;8.801058712378967e7
1.9160000000000003e-12;3.294289671102361e-6;5.710212385487044e-10;6.937214471921774e6;940.9774501345725;5.0537546596684863e11;8.760010603801928e7
1.917e-12;3.3012268855742827e-6;5.71962215998839e-10;6.937214472427149e6;940.9774502221726;5.032537006791141e11;8.719246262892634e7
1.918e-12;3.3081641000467098e-6;5.729031934490612e-10;6.937214472930403e6;940.977450309365;5.011452694053601e11;8.678763100662602e7
1.9190000000000002e-12;3.31510131451964e-6;5.738441708993705e-10;6.937214473431549e6;940.9774503961527;4.990500606508832e11;8.638558557387039e7
1.9200000000000003e-12;3.3220385289930717e-6;5.747851483497667e-10;6.937214473930599e6;940.9774504825383;4.969679640839003e11;8.598630102211012e7
1.921e-12;3.3289757434670023e-6;5.757261258002492e-10;6.937214474427567e6;940.9774505685247;4.9489887052102686e11;8.558975232761836e7
1.922e-12;3.3359129579414297e-6;5.766671032508178e-10;6.937214474922466e6;940.9774506541144;4.928426719129593e11;8.51959147476741e7
1.923e-12;3.342850172416352e-6;5.776080807014719e-10;6.937214475415309e6;940.9774507393103;4.90799261330371e11;8.480476381680532e7
1.9240000000000003e-12;3.3497873868917676e-6;5.785490581522112e-10;6.9372144759061085e6;940.9774508241151;4.887685329500096e11;8.441627534309018e7
1.925e-12;3.356724601367674e-6;5.794900356030352e-10;6.937214476394877e6;940.9774509085313;4.86750382040996e11;8.403042540451533e7
1.926e-12;3.363661815844069e-6;5.804310130539438e-10;6.937214476881627e6;940.9774509925617;4.847447049513205e11;8.364719034539029e7
1.927e-12;3.3705990303209506e-6;5.813719905049364e-10;6.937214477366372e6;940.9774510762088;4.8275139909453424e11;8.326654677281736e7
1.9280000000000003e-12;3.377536244798317e-6;5.823129679560126e-10;6.937214477849123e6;940.9774511594753;4.807703629366305e11;8.288847155321524e7
1.929e-12;3.384473459276166e-6;5.832539454071721e-10;6.937214478329893e6;940.9774512423638;4.7880149598311615e11;8.251294180889645e7
1.93e-12;3.391410673754496e-6;5.841949228584144e-10;6.9372144788086945e6;940.9774513248768;4.768446987662639e11;8.213993491469653e7
1.931e-12;3.398347888233305e-6;5.851359003097393e-10;6.937214479285539e6;940.9774514070168;4.7489987283255273e11;8.17694284946554e7
1.9320000000000002e-12;3.4052851027125904e-6;5.860768777611463e-10;6.937214479760439e6;940.9774514887862;4.729669207302806e11;8.140140041874842e7
1.9330000000000003e-12;3.4122223171923507e-6;5.870178552126351e-10;6.937214480233406e6;940.9774515701876;4.710457459973581e11;8.103582879966773e7
1.934e-12;3.419159531672584e-6;5.879588326642053e-10;6.937214480704452e6;940.9774516512234;4.69136253149274e11;8.067269198965232e7
1.935e-12;3.4260967461532884e-6;5.888998101158566e-10;6.937214481173588e6;940.9774517318962;4.6723834766722833e11;8.031196857736559e7
1.9360000000000002e-12;3.433033960634462e-6;5.898407875675885e-10;6.937214481640826e6;940.9774518122082;4.653519359864393e11;7.995363738482092e7
1.9370000000000003e-12;3.4399711751161026e-6;5.907817650194007e-10;6.937214482106178e6;940.9774518921619;4.634769254846082e11;7.959767746435276e7
1.938e-12;3.4469083895982088e-6;5.917227424712929e-10;6.937214482569655e6;940.9774519717596;4.6161322447055145e11;7.924406809563361e7
1.939e-12;3.4538456040807783e-6;5.926637199232647e-10;6.937214483031268e6;940.9774520510036;4.5976074217299054e11;7.889278878273585e7
1.9400000000000002e-12;3.4607828185638094e-6;5.936046973753156e-10;6.937214483491029e6;940.9774521298964;4.57919388729499e11;7.85438192512374e7
1.9410000000000003e-12;3.4677200330473004e-6;5.945456748274455e-10;6.937214483948948e6;940.9774522084402;4.5608907517560443e11;7.81971394453707e7
1.942e-12;3.4746572475312493e-6;5.95486652279654e-10;6.937214484405037e6;940.9774522866373;4.54269713434043e11;7.785272952521433e7
1.943e-12;3.4815944620156543e-6;5.964276297319406e-10;6.937214484859306e6;940.9774523644901;4.5246121630416284e11;7.751056986392614e7
1.944e-12;3.4885316765005137e-6;5.973686071843051e-10;6.937214485311768e6;940.9774524420006;4.506634974514753e11;7.717064104501784e7
1.9450000000000003e-12;3.4954688909858255e-6;5.983095846367471e-10;6.937214485762431e6;940.9774525191713;4.488764713973502e11;7.68329238596695e7
1.946e-12;3.502406105471588e-6;5.992505620892663e-10;6.937214486211307e6;940.9774525960042;4.47100053508857e11;7.649739930408451e7
1.947e-12;3.509343319957799e-6;6.001915395418623e-10;6.937214486658407e6;940.9774526725016;4.4533415998874164e11;7.616404857688276e7
1.948e-12;3.5162805344444577e-6;6.011325169945348e-10;6.937214487103742e6;940.9774527486657;4.4357870786554553e11;7.583285307653283e7
1.9490000000000003e-12;3.5232177489315613e-6;6.020734944472835e-10;6.93721448754732e6;940.9774528244985;4.4183361498385913e11;7.550379439882162e7
1.95e-12;3.530154963419109e-6;6.03014471900108e-10;6.937214487989154e6;940.9774529000023;4.400987999947092e11;7.517685433436128e7
1.951e-12;3.537092177907098e-6;6.03955449353008e-10;6.937214488429252e6;940.9774529751792;4.3837418234607837e11;7.485201486613254e7
1.952e-12;3.5440293923955273e-6;6.048964268059832e-10;6.9372144888676265e6;940.9774530500312;4.366596822735544e11;7.452925816706392e7
1.9530000000000003e-12;3.550966606884395e-6;6.058374042590332e-10;6.937214489304286e6;940.9774531245604;4.349552207911073e11;7.42085665976464e7
1.954e-12;3.557903821373699e-6;6.067783817121577e-10;6.937214489739242e6;940.9774531987689;4.332607196819918e11;7.388992270358261e7
1.955e-12;3.5648410358634383e-6;6.077193591653566e-10;6.937214490172503e6;940.9774532726589;4.315761014897742e11;7.357330921347028e7
1.956e-12;3.5717782503536108e-6;6.086603366186292e-10;6.937214490604078e6;940.9774533462322;4.299012895094801e11;7.325870903651923e7
1.9570000000000002e-12;3.5787154648442148e-6;6.096013140719754e-10;6.93721449103398e6;940.9774534194909;4.282362077788639e11;7.29461052603015e7
1.9580000000000003e-12;3.5856526793352487e-6;6.105422915253949e-10;6.937214491462216e6;940.977453492437;4.265807810697945e11;7.263548114853379e7
1.959e-12;3.5925898938267107e-6;6.114832689788873e-10;6.937214491888797e6;940.9774535650724;4.249349348797582e11;7.232682013889188e7
1.96e-12;3.5995271083185997e-6;6.124242464324524e-10;6.937214492313731e6;940.9774536373992;4.23298595423477e11;7.20201058408567e7
1.9610000000000002e-12;3.6064643228109134e-6;6.133652238860898e-10;6.93721449273703e6;940.9774537094194;4.216716896246374e11;7.171532203359105e7
1.9620000000000003e-12;3.6134015373036503e-6;6.143062013397992e-10;6.937214493158702e6;940.9774537811347;4.2005414510773254e11;7.141245266384675e7
1.963e-12;3.620338751796809e-6;6.152471787935803e-10;6.937214493578756e6;940.9774538525472;4.1844589019001215e11;7.11114818439019e7
1.964e-12;3.6272759662903877e-6;6.161881562474329e-10;6.937214493997202e6;940.9774539236587;4.168468538735412e11;7.081239384952752e7
1.9650000000000002e-12;3.634213180784385e-6;6.171291337013565e-10;6.937214494414049e6;940.977453994471;4.1525696583736395e11;7.051517311798291e7
1.9660000000000003e-12;3.641150395278799e-6;6.18070111155351e-10;6.937214494829306e6;940.9774540649862;4.136761564297723e11;7.021980424603981e7
1.967e-12;3.6480876097736283e-6;6.190110886094159e-10;6.937214495242982e6;940.977454135206;4.121043566606772e11;6.992627198803434e7
1.968e-12;3.655024824268871e-6;6.199520660635511e-10;6.937214495655087e6;940.9774542051323;4.1054149819408203e11;6.96345612539468e7
1.969e-12;3.6619620387645264e-6;6.208930435177563e-10;6.937214496065629e6;940.9774542747668;4.089875133406539e11;6.934465710750815e7
1.9700000000000003e-12;3.668899253260592e-6;6.21834020972031e-10;6.937214496474616e6;940.9774543441115;4.074423350503949e11;6.90565447643337e7
1.971e-12;3.675836467757067e-6;6.227749984263752e-10;6.937214496882059e6;940.9774544131681;4.059058969054093e11;6.877020959008268e7
1.972e-12;3.682773682253949e-6;6.237159758807884e-10;6.937214497287964e6;940.9774544819383;4.043781331127664e11;6.848563709864388e7
1.973e-12;3.689710896751237e-6;6.246569533352703e-10;6.937214497692343e6;940.9774545504239;4.028589784974567e11;6.820281295034666e7
1.9740000000000003e-12;3.6966481112489295e-6;6.255979307898208e-10;6.937214498095202e6;940.9774546186267;4.0134836849544073e11;6.792172295019683e7
1.975e-12;3.7035853257470246e-6;6.265389082444394e-10;6.937214498496551e6;940.9774546865484;3.998462391467896e11;6.764235304613754e7
1.976e-12;3.7105225402455213e-6;6.27479885699126e-10;6.937214498896398e6;940.9774547541907;3.9835252708891345e11;6.736468932733391e7
1.977e-12;3.7174597547444178e-6;6.284208631538802e-10;6.93721449929475e6;940.9774548215554;3.968671695498808e11;6.708871802248203e7
1.9780000000000003e-12;3.7243969692437123e-6;6.293618406087018e-10;6.937214499691618e6;940.9774548886442;3.953901043418234e11;6.681442549814113e7
1.9790000000000004e-12;3.731334183743404e-6;6.303028180635904e-10;6.937214500087008e6;940.9774549554586;3.9392126985442615e11;6.654179825708884e7
1.98e-12;3.738271398243491e-6;6.312437955185458e-10;6.937214500480929e6;940.9774550220004;3.924606050485026e11;6.6270822936699316e7
1.981e-12;3.745208612743972e-6;6.321847729735678e-10;6.93721450087339e6;940.9774550882712;3.910080494496547e11;6.6001486307343856e7
1.9820000000000002e-12;3.7521458272448454e-6;6.331257504286561e-10;6.937214501264398e6;940.9774551542727;3.8956354314201154e11;6.573377527081321e7
1.9830000000000003e-12;3.7590830417461097e-6;6.340667278838104e-10;6.937214501653962e6;940.9774552200064;3.88127026762052e11;6.546767685876199e7
1.984e-12;3.7660202562477637e-6;6.350077053390304e-10;6.937214502042089e6;940.9774552854741;3.8669844149250476e11;6.520317823117407e7
1.985e-12;3.7729574707498056e-6;6.359486827943159e-10;6.937214502428787e6;940.9774553506772;3.8527772905632806e11;6.494026667484926e7
1.9860000000000002e-12;3.7798946852522342e-6;6.368896602496666e-10;6.937214502814065e6;940.9774554156176;3.838648317107664e11;6.467892960191065e7
1.9870000000000003e-12;3.7868318997550482e-6;6.378306377050822e-10;6.93721450319793e6;940.9774554802965;3.82459692241483e11;6.441915454833212e7
1.988e-12;3.7937691142582463e-6;6.387716151605625e-10;6.93721450358039e6;940.9774555447157;3.8106225395676697e11;6.416092917248605e7
1.989e-12;3.800706328761827e-6;6.397125926161072e-10;6.937214503961451e6;940.9774556088767;3.7967246068181647e11;6.3904241253710955e7
1.9900000000000002e-12;3.807643543265788e-6;6.406535700717161e-10;6.937214504341124e6;940.9774556727809;3.782902567530925e11;6.364907869089827e7
1.9910000000000003e-12;3.8145807577701294e-6;6.415945475273889e-10;6.937214504719414e6;940.97745573643;3.7691558701274457e11;6.339542950109821e7
1.992e-12;3.821517972274849e-6;6.425355249831253e-10;6.937214505096329e6;940.9774557998254;3.7554839680310925e11;6.314328181814501e7
1.993e-12;3.828455186779945e-6;6.434765024389251e-10;6.937214505471878e6;940.9774558629687;3.741886319612757e11;6.289262389130003e7
1.994e-12;3.835392401285417e-6;6.444174798947881e-10;6.937214505846066e6;940.9774559258612;3.7283623881372253e11;6.264344408391369e7
1.9950000000000003e-12;3.842329615791263e-6;6.453584573507139e-10;6.937214506218903e6;940.9774559885047;3.7149116417101965e11;6.239573087210495e7
1.996e-12;3.849266830297481e-6;6.462994348067024e-10;6.937214506590394e6;940.9774560509005;3.701533553225996e11;6.2149472843458936e7
1.997e-12;3.856204044804072e-6;6.472404122627533e-10;6.9372145069605475e6;940.97745611305;3.688227600315929e11;6.19046586957417e7
1.998e-12;3.863141259311032e-6;6.481813897188664e-10;6.93721450732937e6;940.9774561749547;3.6749932652972925e11;6.166127723563233e7
1.9990000000000003e-12;3.8700784738183615e-6;6.491223671750413e-10;6.937214507696869e6;940.9774562366159;3.661830035123014e11;6.141931737747178e7
2.0e-12;3.877015688326058e-6;6.50063344631278e-10;6.937214508063052e6;940.9774562980352;3.648737401331936e11;6.1178768142028674e7
2.001e-12;3.883952902834121e-6;6.51004322087576e-10;6.937214508427925e6;940.977456359214;3.635714859999706e11;6.093961865528113e7
2.002e-12;3.8908901173425485e-6;6.519452995439353e-10;6.937214508791497e6;940.9774564201537;3.622761911690299e11;6.070185814721527e7
2.0030000000000002e-12;3.89782733185134e-6;6.528862770003554e-10;6.937214509153773e6;940.9774564808555;3.6098780614081146e11;6.046547595063898e7
2.0040000000000003e-12;3.904764546360493e-6;6.538272544568363e-10;6.937214509514761e6;940.977456541321;3.597062818550703e11;6.023046150001201e7
2.005e-12;3.911701760870008e-6;6.547682319133776e-10;6.937214509874468e6;940.9774566015515;3.5843156968620496e11;5.999680433029111e7
2.006e-12;3.918638975379882e-6;6.557092093699791e-10;6.937214510232899e6;940.9774566615482;3.5716362143864496e11;5.976449407579042e7
2.0070000000000002e-12;3.925576189890115e-6;6.566501868266407e-10;6.937214510590063e6;940.9774567213127;3.559023893422951e11;5.953352046905699e7
2.0080000000000003e-12;3.932513404400705e-6;6.575911642833621e-10;6.937214510945966e6;940.9774567808462;3.5464782604803754e11;5.930387333976113e7
2.009e-12;3.939450618911651e-6;6.585321417401429e-10;6.937214511300613e6;940.97745684015;3.533998846232848e11;5.907554261360077e7
2.01e-12;3.946387833422952e-6;6.59473119196983e-10;6.937214511654013e6;940.9774568992256;3.521585185475932e11;5.8848518311220884e7
2.0110000000000002e-12;3.953325047934606e-6;6.604140966538822e-10;6.937214512006171e6;940.9774569580741;3.509236817083262e11;5.862279054714662e7
2.0120000000000003e-12;3.960262262446612e-6;6.613550741108403e-10;6.937214512357094e6;940.9774570166969;3.496953283963715e11;5.8398349528730154e7
2.013e-12;3.967199476958969e-6;6.622960515678569e-10;6.937214512706789e6;940.9774570750952;3.484734133019124e11;5.817518555511179e7
2.014e-12;3.974136691471676e-6;6.63237029024932e-10;6.937214513055262e6;940.9774571332704;3.4725789151024774e11;5.7953289016193956e7
2.015e-12;3.981073905984731e-6;6.641780064820653e-10;6.93721451340252e6;940.9774571912237;3.4604871849766614e11;5.7732650391628966e7
2.0160000000000003e-12;3.988011120498134e-6;6.651189839392565e-10;6.9372145137485685e6;940.9774572489564;3.4484585012736755e11;5.75132602498196e7
2.017e-12;3.994948335011882e-6;6.660599613965055e-10;6.937214514093414e6;940.9774573064697;3.436492426454355e11;5.7295109246932544e7
2.018e-12;4.001885549525976e-6;6.670009388538119e-10;6.937214514437064e6;940.9774573637648;3.424588526768592e11;5.707818812592499e7
2.019e-12;4.008822764040413e-6;6.679419163111757e-10;6.937214514779522e6;940.9774574208429;3.412746372216026e11;5.686248771558326e7
2.0200000000000003e-12;4.015759978555193e-6;6.688828937685965e-10;6.937214515120797e6;940.9774574777055;3.400965536507198e11;5.6647998929573886e7
2.021e-12;4.022697193070314e-6;6.698238712260742e-10;6.9372145154608935e6;940.9774575343534;3.389245597025204e11;5.6434712765507124e7
2.022e-12;4.0296344075857744e-6;6.707648486836086e-10;6.937214515799818e6;940.9774575907882;3.377586134787781e11;5.622262030401217e7
2.023e-12;4.036571622101574e-6;6.717058261411994e-10;6.937214516137577e6;940.9774576470107;3.365986734409867e11;5.601171270782432e7
2.0240000000000003e-12;4.043508836617711e-6;6.726468035988464e-10;6.937214516474175e6;940.9774577030224;3.3544469840666016e11;5.580198122088374e7
2.0250000000000004e-12;4.050446051134186e-6;6.735877810565494e-10;6.93721451680962e6;940.9774577588244;3.342966475456766e11;5.559341716744564e7
2.026e-12;4.057383265650996e-6;6.745287585143082e-10;6.937214517143916e6;940.9774578144178;3.331544803766683e11;5.538601195120212e7
2.027e-12;4.064320480168139e-6;6.754697359721226e-10;6.937214517477071e6;940.9774578698039;3.320181567634509e11;5.517975705441445e7
2.0280000000000002e-12;4.071257694685617e-6;6.764107134299924e-10;6.937214517809089e6;940.9774579249836;3.3088763691149896e11;5.497464403705706e7
2.0290000000000003e-12;4.078194909203426e-6;6.773516908879174e-10;6.937214518139977e6;940.9774579799582;3.2976288136446136e11;5.477066453597199e7
2.03e-12;4.085132123721566e-6;6.782926683458973e-10;6.93721451846974e6;940.9774580347289;3.286438510007188e11;5.4567810264034085e7
2.031e-12;4.092069338240036e-6;6.79233645803932e-10;6.937214518798384e6;940.9774580892968;3.275305070299808e11;5.436607300932652e7
2.0320000000000002e-12;4.099006552758835e-6;6.801746232620213e-10;6.937214519125914e6;940.9774581436628;3.264228109899257e11;5.416544463432711e7
2.0330000000000003e-12;4.105943767277961e-6;6.81115600720165e-10;6.937214519452337e6;940.9774581978282;3.2532072474287836e11;5.396591707510461e7
2.034e-12;4.112880981797413e-6;6.820565781783629e-10;6.937214519777657e6;940.9774582517941;3.2422421047252606e11;5.376748234052473e7
2.035e-12;4.119818196317191e-6;6.829975556366147e-10;6.937214520101882e6;940.9774583055616;3.2313323068067584e11;5.3570132511466764e7
2.0360000000000002e-12;4.126755410837293e-6;6.839385330949203e-10;6.937214520425015e6;940.9774583591318;3.2204774818404865e11;5.337385974004962e7
2.0370000000000003e-12;4.133692625357718e-6;6.848795105532795e-10;6.937214520747063e6;940.9774584125056;3.2096772611111017e11;5.317865624886737e7
2.038e-12;4.140629839878465e-6;6.85820488011692e-10;6.93721452106803e6;940.9774584656842;3.1989312789894006e11;5.298451433023464e7
2.039e-12;4.147567054399533e-6;6.867614654701577e-10;6.9372145213879235e6;940.9774585186688;3.188239172901376e11;5.279142634544115e7
2.04e-12;4.154504268920921e-6;6.877024429286764e-10;6.937214521706748e6;940.9774585714601;3.177600583297635e11;5.259938472401569e7
2.0410000000000003e-12;4.1614414834426276e-6;6.886434203872479e-10;6.937214522024508e6;940.9774586240595;3.167015153623162e11;5.24083819629989e7
2.042e-12;4.168378697964652e-6;6.895843978458719e-10;6.937214522341209e6;940.9774586764679;3.1564825302874585e11;5.2218410626225434e7
2.043e-12;4.175315912486993e-6;6.905253753045484e-10;6.937214522656858e6;940.9774587286863;3.1460023626349915e11;5.2029463343614504e7
2.044e-12;4.18225312700965e-6;6.914663527632771e-10;6.937214522971458e6;940.9774587807158;3.1355743029160364e11;5.18415328104698e7
2.0450000000000003e-12;4.189190341532621e-6;6.924073302220579e-10;6.9372145232850155e6;940.9774588325573;3.125198006257807e11;5.165461178678735e7
2.046e-12;4.196127556055906e-6;6.933483076808904e-10;6.937214523597536e6;940.977458884212;3.114873130635954e11;5.146869309657234e7
2.047e-12;4.203064770579503e-6;6.942892851397746e-10;6.937214523909023e6;940.9774589356806;3.1045993368463745e11;5.128376962716415e7
2.048e-12;4.210001985103412e-6;6.952302625987103e-10;6.937214524219483e6;940.9774589869644;3.094376288477349e11;5.109983432856948e7
2.0490000000000003e-12;4.216939199627632e-6;6.961712400576973e-10;6.937214524528921e6;940.9774590380642;3.08420365188201e11;5.091688021280401e7
2.0500000000000004e-12;4.223876414152161e-6;6.971122175167354e-10;6.937214524837341e6;940.9774590889812;3.074081096151113e11;5.073490035324174e7
2.051e-12;4.230813628676998e-6;6.980531949758244e-10;6.937214525144749e6;940.9774591397161;3.0640082930861273e11;5.0553887883972384e7
2.052e-12;4.237750843202143e-6;6.989941724349641e-10;6.93721452545115e6;940.97745919027;3.053984917172633e11;5.037383599916659e7
2.0530000000000002e-12;4.244688057727594e-6;6.999351498941544e-10;6.937214525756548e6;940.9774592406438;3.0440106455540234e11;5.019473795244887e7
2.0540000000000003e-12;4.25162527225335e-6;7.00876127353395e-10;6.937214526060949e6;940.9774592908386;3.034085158005503e11;5.001658705627792e7
2.055e-12;4.258562486779412e-6;7.018171048126859e-10;6.937214526364357e6;940.9774593408553;3.0242081369083844e11;4.983937668133479e7
2.056e-12;4.265499701305776e-6;7.027580822720267e-10;6.937214526666778e6;940.9774593906947;3.014379267224689e11;4.9663100255918205e7
2.0570000000000002e-12;4.272436915832443e-6;7.036990597314174e-10;6.9372145269682165e6;940.9774594403577;3.004598236472011e11;4.948775126534717e7
2.0580000000000003e-12;4.279374130359411e-6;7.046400371908578e-10;6.937214527268676e6;940.9774594898455;2.9948647346986896e11;4.9313323251370765e7
2.059e-12;4.28631134488668e-6;7.055810146503476e-10;6.937214527568162e6;940.9774595391589;2.9851784544592487e11;4.913980981158517e7
2.06e-12;4.293248559414248e-6;7.065219921098867e-10;6.93721452786668e6;940.9774595882986;2.975539090790128e11;4.8967204598857634e7
2.0610000000000002e-12;4.300185773942114e-6;7.07462969569475e-10;6.937214528164234e6;940.9774596372658;2.965946341185663e11;4.879550132075698e7
2.0620000000000003e-12;4.307122988470278e-6;7.084039470291122e-10;6.937214528460829e6;940.9774596860614;2.956399905574366e11;4.86246937389916e7
2.063e-12;4.314060202998739e-6;7.093449244887983e-10;6.937214528756469e6;940.977459734686;2.9468994862954565e11;4.8454775668853596e7
2.064e-12;4.320997417527496e-6;7.10285901948533e-10;6.937214529051159e6;940.9774597831408;2.937444788075649e11;4.8285740978669606e7
2.065e-12;4.327934632056547e-6;7.112268794083161e-10;6.937214529344903e6;940.9774598314266;2.928035518006224e11;4.811758358925856e7
2.0660000000000003e-12;4.334871846585892e-6;7.121678568681476e-10;6.9372145296377065e6;940.9774598795442;2.918671385520328e11;4.795029747339529e7
2.067e-12;4.34180906111553e-6;7.131088343280271e-10;6.937214529929574e6;940.9774599274945;2.90935210237055e11;4.778387665528098e7
2.068e-12;4.348746275645459e-6;7.140498117879546e-10;6.937214530220509e6;940.9774599752783;2.90007738260674e11;4.76183152100197e7
2.069e-12;4.355683490175679e-6;7.149907892479299e-10;6.937214530510516e6;940.9774600228966;2.890846942554063e11;4.745360726310094e7
2.0700000000000003e-12;4.36262070470619e-6;7.159317667079528e-10;6.9372145307996e6;940.9774600703502;2.8816605007913196e11;4.728974698988862e7
2.071e-12;4.36955791923699e-6;7.168727441680232e-10;6.937214531087766e6;940.9774601176399;2.87251777812949e11;4.712672861511588e7
2.072e-12;4.376495133768077e-6;7.178137216281409e-10;6.937214531375018e6;940.9774601647666;2.8634184975905194e11;4.696454641238571e7
2.073e-12;4.383432348299452e-6;7.187546990883057e-10;6.93721453166136e6;940.9774602117312;2.854362384386345e11;4.680319470367775e7
2.0740000000000003e-12;4.390369562831113e-6;7.196956765485174e-10;6.937214531946796e6;940.9774602585344;2.8453491658981494e11;4.664266785886066e7
2.0750000000000003e-12;4.397306777363059e-6;7.20636654008776e-10;6.937214532231331e6;940.977460305177;2.836378571655841e11;4.648296029521017e7
2.076e-12;4.40424399189529e-6;7.215776314690812e-10;6.937214532514969e6;940.9774603516599;2.8274503333177606e11;4.6324066476932816e7
2.077e-12;4.411181206427805e-6;7.225186089294329e-10;6.937214532797714e6;940.977460397984;2.8185641846506177e11;4.6165980914695285e7
2.0780000000000002e-12;4.418118420960603e-6;7.234595863898308e-10;6.93721453307957e6;940.97746044415;2.8097198615096515e11;4.600869816515929e7
2.0790000000000003e-12;4.4250556354936825e-6;7.24400563850275e-10;6.937214533360542e6;940.9774604901587;2.800917101818978e11;4.5852212830521435e7
2.08e-12;4.431992850027043e-6;7.253415413107652e-10;6.937214533640633e6;940.9774605360109;2.7921556455522e11;4.569651955805907e7
2.081e-12;4.438930064560684e-6;7.262825187713012e-10;6.9372145339198485e6;940.9774605817074;2.78343523471319e11;4.5541613039680876e7
2.0820000000000002e-12;4.445867279094604e-6;7.272234962318829e-10;6.937214534198192e6;940.977460627249;2.774755613317095e11;4.538748801148281e7
2.0830000000000003e-12;4.452804493628802e-6;7.281644736925102e-10;6.937214534475667e6;940.9774606726365;2.76611652737157e11;4.523413925330945e7
2.084e-12;4.459741708163277e-6;7.291054511531828e-10;6.9372145347522795e6;940.9774607178707;2.757517724858165e11;4.508156158831974e7
2.085e-12;4.46667892269803e-6;7.300464286139007e-10;6.937214535028031e6;940.9774607629523;2.748958955713977e11;4.492974988255858e7
2.086e-12;4.473616137233058e-6;7.309874060746636e-10;6.937214535302927e6;940.977460807882;2.7404399718134485e11;4.4778699044532634e7
2.0870000000000003e-12;4.480553351768361e-6;7.319283835354715e-10;6.937214535576971e6;940.9774608526608;2.731960526950389e11;4.4628404024791315e7
2.088e-12;4.487490566303938e-6;7.328693609963242e-10;6.937214535850167e6;940.9774608972892;2.7235203768201962e11;4.447885981551269e7
2.089e-12;4.494427780839788e-6;7.338103384572214e-10;6.9372145361225195e6;940.9774609417681;2.7151192790022366e11;4.433006145009364e7
2.09e-12;4.501364995375911e-6;7.347513159181632e-10;6.937214536394032e6;940.9774609860981;2.7067569929424637e11;4.4182004002745405e7
2.0910000000000003e-12;4.508302209912305e-6;7.356922933791493e-10;6.937214536664708e6;940.9774610302801;2.6984332799361768e11;4.4034682588093e7
2.092e-12;4.515239424448969e-6;7.366332708401795e-10;6.937214536934551e6;940.9774610743148;2.6901479031110028e11;4.388809236077985e7
2.093e-12;4.522176638985904e-6;7.375742483012538e-10;6.937214537203565e6;940.9774611182029;2.6819006274100323e11;4.37422285150764e7
2.094e-12;4.529113853523108e-6;7.38515225762372e-10;6.937214537471755e6;940.9774611619451;2.6736912195751495e11;4.35970862844934e7
2.0950000000000003e-12;4.536051068060579e-6;7.39456203223534e-10;6.937214537739124e6;940.9774612055422;2.6655194481305457e11;4.3452660941399686e7
2.0960000000000004e-12;4.542988282598319e-6;7.403971806847395e-10;6.937214538005676e6;940.9774612489949;2.657385083366395e11;4.330894779664402e7
2.097e-12;4.549925497136325e-6;7.413381581459885e-10;6.937214538271415e6;940.9774612923039;2.649287897322718e11;4.3165942199181385e7
2.098e-12;4.556862711674596e-6;7.422791356072809e-10;6.937214538536344e6;940.9774613354699;2.6412276637734015e11;4.302363953570341e7
2.0990000000000002e-12;4.563799926213132e-6;7.432201130686163e-10;6.937214538800467e6;940.9774613784936;2.6332041582104034e11;4.288203523027296e7
2.1000000000000003e-12;4.570737140751933e-6;7.441610905299948e-10;6.937214539063787e6;940.9774614213756;2.625217157828119e11;4.274112474396289e7
2.101e-12;4.577674355290997e-6;7.451020679914162e-10;6.937214539326309e6;940.9774614641167;2.6172664415079108e11;4.260090357449885e7
2.102e-12;4.584611569830324e-6;7.460430454528803e-10;6.937214539588036e6;940.9774615067176;2.6093517898028064e11;4.246136725590596e7
2.1030000000000002e-12;4.591548784369912e-6;7.46984022914387e-10;6.937214539848971e6;940.977461549179;2.6014729849223523e11;4.232251135815965e7
2.1040000000000003e-12;4.598485998909761e-6;7.479250003759362e-10;6.937214540109118e6;940.9774615915015;2.5936298107176376e11;4.21843314868402e7
2.105e-12;4.6054232134498704e-6;7.488659778375277e-10;6.937214540368482e6;940.9774616336858;2.585822052666463e11;4.204682328279127e7
2.106e-12;4.612360427990239e-6;7.498069552991613e-10;6.937214540627064e6;940.9774616757327;2.5780494978586725e11;4.19099824217821e7
2.1070000000000002e-12;4.619297642530866e-6;7.507479327608371e-10;6.937214540884869e6;940.9774617176427;2.570311934981642e11;4.177380461417368e7
2.1080000000000003e-12;4.626234857071751e-6;7.516889102225547e-10;6.9372145411419e6;940.9774617594164;2.562609154305916e11;4.163828560458838e7
2.109e-12;4.633172071612893e-6;7.526298876843141e-10;6.937214541398161e6;940.9774618010547;2.5549409476709937e11;4.1503421171583414e7
2.11e-12;4.640109286154291e-6;7.535708651461152e-10;6.9372145416536555e6;940.9774618425581;2.547307108471266e11;4.136920712732782e7
2.111e-12;4.6470465006959446e-6;7.545118426079577e-10;6.937214541908386e6;940.9774618839273;2.539707431642097e11;4.1235639317283034e7
2.1120000000000003e-12;4.653983715237853e-6;7.554528200698416e-10;6.937214542162357e6;940.977461925163;2.5321417136460593e11;4.11027136198871e7
2.113e-12;4.660920929780015e-6;7.563937975317668e-10;6.937214542415571e6;940.9774619662657;2.5246097524592978e11;4.097042594624214e7
2.114e-12;4.667858144322431e-6;7.573347749937331e-10;6.937214542668032e6;940.9774620072361;2.5171113475580475e11;4.083877223980543e7
2.115e-12;4.674795358865099e-6;7.582757524557403e-10;6.937214542919744e6;940.9774620480749;2.5096462999052844e11;4.0707748476083815e7
2.1160000000000003e-12;4.681732573408019e-6;7.592167299177884e-10;6.937214543170708e6;940.9774620887827;2.5022144119375208e11;4.0577350662331454e7
2.117e-12;4.6886697879511895e-6;7.601577073798772e-10;6.937214543420929e6;940.97746212936;2.4948154875517303e11;4.044757483725098e7
2.118e-12;4.695607002494611e-6;7.610986848420066e-10;6.937214543670411e6;940.9774621698076;2.487449332092414e11;4.03184170706977e7
2.119e-12;4.702544217038281e-6;7.620396623041763e-10;6.937214543919156e6;940.9774622101261;2.4801157523387985e11;4.018987346338739e7
2.1200000000000003e-12;4.7094814315822e-6;7.629806397663865e-10;6.9372145441671675e6;940.977462250316;2.4728145564921576e11;4.006194014660675e7
2.1210000000000004e-12;4.7164186461263675e-6;7.639216172286368e-10;6.937214544414449e6;940.977462290378;2.4655455541632816e11;3.9934613281927586e7
2.122e-12;4.723355860670782e-6;7.648625946909271e-10;6.937214544661003e6;940.9774623303126;2.458308556360058e11;3.9807889060923666e7
2.123e-12;4.7302930752154435e-6;7.658035721532575e-10;6.937214544906834e6;940.9774623701205;2.4511033754751938e11;3.968176370489092e7
2.1240000000000002e-12;4.73723028976035e-6;7.667445496156277e-10;6.937214545151944e6;940.9774624098022;2.443929825274046e11;3.955623346457037e7
2.1250000000000003e-12;4.744167504305502e-6;7.676855270780374e-10;6.937214545396337e6;940.9774624493584;2.4367877208826028e11;3.9431294619874515e7
2.126e-12;4.7511047188508985e-6;7.686265045404868e-10;6.937214545640016e6;940.9774624887897;2.4296768787755566e11;3.93069434796161e7
2.127e-12;4.758041933396539e-6;7.695674820029756e-10;6.937214545882984e6;940.9774625280967;2.4225971167645258e11;3.918317638124036e7
2.1280000000000002e-12;4.7649791479424215e-6;7.705084594655036e-10;6.937214546125243e6;940.9774625672799;2.4155482539863773e11;3.905998969055972e7
2.1290000000000003e-12;4.7719163624885464e-6;7.714494369280709e-10;6.937214546366799e6;940.9774626063398;2.4085301108916794e11;3.893737980149164e7
2.13e-12;4.778853577034914e-6;7.723904143906772e-10;6.937214546607652e6;940.9774626452772;2.4015425092332663e11;3.8815343135799065e7
2.131e-12;4.785790791581521e-6;7.733313918533225e-10;6.937214546847806e6;940.9774626840925;2.3945852720549228e11;3.869387614283383e7
2.1320000000000002e-12;4.792728006128369e-6;7.742723693160066e-10;6.937214547087265e6;940.9774627227864;2.3876582236801773e11;3.857297529928267e7
2.1330000000000003e-12;4.799665220675456e-6;7.752133467787293e-10;6.937214547326031e6;940.9774627613593;2.3807611897012128e11;3.845263710891603e7
2.134e-12;4.806602435222782e-6;7.761543242414907e-10;6.937214547564107e6;940.977462799812;2.3738939969678906e11;3.8332858102339506e7
2.135e-12;4.813539649770346e-6;7.770953017042905e-10;6.937214547801496e6;940.9774628381448;2.36705647357688e11;3.821363483674802e7
2.136e-12;4.820476864318147e-6;7.780362791671286e-10;6.937214548038202e6;940.9774628763585;2.3602484488609042e11;3.809496389568248e7
2.1370000000000003e-12;4.827414078866185e-6;7.78977256630005e-10;6.937214548274227e6;940.9774629144534;2.3534697533780862e11;3.79768418887891e7
2.138e-12;4.834351293414459e-6;7.799182340929195e-10;6.9372145485095745e6;940.9774629524303;2.3467202189014087e11;3.7859265451581344e7
2.139e-12;4.8412885079629685e-6;7.808592115558719e-10;6.937214548744246e6;940.9774629902896;2.3399996784082724e11;3.774223124520415e7
2.14e-12;4.8482257225117124e-6;7.818001890188621e-10;6.937214548978247e6;940.9774630280318;2.3333079660701703e11;3.762573595620102e7
2.1410000000000003e-12;4.855162937060691e-6;7.827411664818901e-10;6.9372145492115775e6;940.9774630656575;2.3266449172424542e11;3.7509776296283215e7
2.1420000000000004e-12;4.8621001516099025e-6;7.836821439449557e-10;6.937214549444242e6;940.9774631031672;2.3200103684542023e11;3.739434900210155e7
2.143e-12;4.869037366159347e-6;7.846231214080589e-10;6.937214549676243e6;940.9774631405616;2.3134041573982053e11;3.727945083502068e7
2.144e-12;4.8759745807090234e-6;7.855640988711994e-10;6.937214549907584e6;940.9774631778411;2.3068261229210233e11;3.716507858089545e7
2.1450000000000003e-12;4.882911795258931e-6;7.865050763343772e-10;6.937214550138267e6;940.9774632150061;2.3002761050131744e11;3.705122904985003e7
2.1460000000000003e-12;4.889849009809069e-6;7.874460537975923e-10;6.937214550368294e6;940.9774632520573;2.29375394479939e11;3.693789907605891e7
2.147e-12;4.896786224359438e-6;7.883870312608443e-10;6.93721455059767e6;940.9774632889952;2.2872594845289883e11;3.6825085517530546e7
2.148e-12;4.903723438910036e-6;7.893280087241333e-10;6.937214550826396e6;940.9774633258203;2.2807925675663345e11;3.6712785255893104e7
2.1490000000000002e-12;4.910660653460863e-6;7.902689861874591e-10;6.937214551054475e6;940.9774633625331;2.2743530383813953e11;3.660099519618246e7
2.1500000000000003e-12;4.917597868011917e-6;7.912099636508216e-10;6.93721455128191e6;940.9774633991341;2.2679407425403882e11;3.64897122666324e7
2.151e-12;4.924535082563199e-6;7.921509411142208e-10;6.937214551508704e6;940.9774634356238;2.26155552669652e11;3.6378933418467015e7
2.152e-12;4.931472297114708e-6;7.930919185776564e-10;6.93721455173486e6;940.9774634720027;2.2551972385808197e11;3.626865562569523e7
2.1530000000000002e-12;4.9384095116664425e-6;7.940328960411284e-10;6.93721455196038e6;940.9774635082713;2.2488657269930652e11;3.615887588490762e7
2.1540000000000003e-12;4.9453467262184026e-6;7.949738735046366e-10;6.937214552185266e6;940.9774635444302;2.242560841792789e11;3.604959121507507e7
2.155e-12;4.952283940770588e-6;7.959148509681811e-10;6.937214552409522e6;940.9774635804798;2.2362824338903735e11;3.594079865734965e7
2.156e-12;4.959221155322998e-6;7.968558284317615e-10;6.9372145526331505e6;940.9774636164207;2.2300303552382513e11;3.583249527486769e7
2.157e-12;4.966158369875631e-6;7.977968058953779e-10;6.937214552856154e6;940.9774636522532;2.2238044588221613e11;3.5724678152554564e7
2.1580000000000003e-12;4.973095584428488e-6;7.987377833590302e-10;6.937214553078534e6;940.9774636879779;2.2176045986525183e11;3.5617344396931835e7
2.159e-12;4.980032798981566e-6;7.996787608227182e-10;6.937214553300294e6;940.9774637235952;2.2114306297558487e11;3.551049113592608e7
2.16e-12;4.986970013534866e-6;8.006197382864419e-10;6.937214553521438e6;940.9774637591057;2.2052824081663135e11;3.540411551867985e7
2.161e-12;4.993907228088387e-6;8.01560715750201e-10;6.937214553741965e6;940.9774637945098;2.199159790917326e11;3.529821471536466e7
2.1620000000000003e-12;5.0008444426421294e-6;8.025016932139954e-10;6.937214553961881e6;940.977463829808;2.193062636033225e11;3.5192785916995496e7
2.163e-12;5.007781657196091e-6;8.034426706778253e-10;6.937214554181187e6;940.9774638650008;2.186990802521061e11;3.508782633524787e7
2.164e-12;5.014718871750272e-6;8.043836481416903e-10;6.937214554399886e6;940.9774639000887;2.1809441503624338e11;3.4983333202276e7
2.165e-12;5.021656086304672e-6;8.053246256055903e-10;6.9372145546179805e6;940.977463935072;2.1749225405054205e11;3.4879303770533435e7
2.1660000000000003e-12;5.02859330085929e-6;8.062656030695254e-10;6.937214554835473e6;940.9774639699514;2.1689258348565875e11;3.4775735312595196e7
2.1670000000000004e-12;5.035530515414126e-6;8.072065805334953e-10;6.937214555052366e6;940.9774640047272;2.1629538962730698e11;3.467262512098186e7
2.168e-12;5.042467729969178e-6;8.081475579975e-10;6.937214555268661e6;940.9774640393998;2.157006588554728e11;3.4569970507985316e7
2.169e-12;5.049404944524447e-6;8.090885354615394e-10;6.937214555484362e6;940.9774640739698;2.1510837764363858e11;3.4467768805496454e7
2.1700000000000002e-12;5.0563421590799315e-6;8.100295129256134e-10;6.93721455569947e6;940.9774641084376;2.145185325580136e11;3.436601736483438e7
2.1710000000000003e-12;5.063279373635631e-6;8.109704903897219e-10;6.937214555913989e6;940.9774641428037;2.139311102567727e11;3.4264713556577615e7
2.172e-12;5.070216588191545e-6;8.119114678538647e-10;6.937214556127921e6;940.9774641770684;2.1334609748930133e11;3.416385477039673e7
2.173e-12;5.077153802747673e-6;8.128524453180417e-10;6.937214556341267e6;940.9774642112322;2.1276348109544867e11;3.406343841488891e7
2.1740000000000002e-12;5.084091017304014e-6;8.13793422782253e-10;6.937214556554031e6;940.9774642452957;2.1218324800478714e11;3.396346191741398e7
2.1750000000000003e-12;5.091028231860568e-6;8.147344002464983e-10;6.937214556766214e6;940.9774642792592;2.1160538523587982e11;3.386392272393226e7
2.176e-12;5.097965446417334e-6;8.156753777107776e-10;6.93721455697782e6;940.977464313123;2.1102987989555396e11;3.376481829884391e7
2.177e-12;5.104902660974312e-6;8.166163551750907e-10;6.93721455718885e6;940.9774643468878;2.1045671917818204e11;3.3666146124829985e7
2.1780000000000002e-12;5.111839875531501e-6;8.175573326394376e-10;6.937214557399306e6;940.977464380554;2.0988589036496936e11;3.356790370269499e7
2.1790000000000003e-12;5.1187770900889e-6;8.184983101038181e-10;6.937214557609192e6;940.9774644141219;2.0931738082324832e11;3.347008855121109e7
2.18e-12;5.125714304646509e-6;8.194392875682323e-10;6.93721455781851e6;940.977464447592;2.087511780057797e11;3.337269820696382e7
2.181e-12;5.132651519204327e-6;8.203802650326799e-10;6.937214558027261e6;940.9774644809646;2.0818726945006003e11;3.327573022419936e7
2.182e-12;5.139588733762355e-6;8.213212424971608e-10;6.937214558235448e6;940.9774645142403;2.0762564277763617e11;3.317918217467333e7
2.1830000000000003e-12;5.14652594832059e-6;8.22262219961675e-10;6.937214558443073e6;940.9774645474195;2.070662856934259e11;3.3083051647501133e7
2.184e-12;5.153463162879034e-6;8.232031974262225e-10;6.93721455865014e6;940.9774645805026;2.0650918598504477e11;3.2987336249009613e7
2.185e-12;5.160400377437684e-6;8.24144174890803e-10;6.937214558856649e6;940.9774646134899;2.0595433152214008e11;3.289203360259051e7
2.186e-12;5.16733759199654e-6;8.250851523554164e-10;6.937214559062604e6;940.9774646463819;2.0540171025572968e11;3.2797141348554898e7
2.1870000000000003e-12;5.174274806555603e-6;8.260261298200628e-10;6.937214559268005e6;940.9774646791791;2.0485131021754865e11;3.2702657143989563e7
2.1880000000000004e-12;5.181212021114871e-6;8.269671072847419e-10;6.937214559472856e6;940.9774647118818;2.0430311951940082e11;3.2608578662614428e7
2.189e-12;5.188149235674344e-6;8.279080847494539e-10;6.937214559677159e6;940.9774647444904;2.0375712635251715e11;3.2514903594641633e7
2.19e-12;5.195086450234021e-6;8.288490622141983e-10;6.937214559880917e6;940.9774647770053;2.032133189869195e11;3.2421629646635745e7
2.1910000000000003e-12;5.202023664793902e-6;8.297900396789753e-10;6.937214560084131e6;940.9774648094269;2.026716857707908e11;3.2328754541375626e7
2.1920000000000004e-12;5.208960879353986e-6;8.307310171437847e-10;6.937214560286802e6;940.9774648417557;2.0213221512985083e11;3.223627601771745e7
2.193e-12;5.215898093914272e-6;8.316719946086265e-10;6.937214560488935e6;940.977464873992;2.0159489556673785e11;3.2144191830459163e7
2.194e-12;5.222835308474761e-6;8.326129720735004e-10;6.93721456069053e6;940.9774649061361;2.0105971566039612e11;3.2052499750206187e7
2.1950000000000002e-12;5.2297725230354516e-6;8.335539495384065e-10;6.937214560891589e6;940.9774649381886;2.005266640654687e11;3.1961197563238565e7
2.1960000000000003e-12;5.236709737596343e-6;8.344949270033447e-10;6.937214561092116e6;940.9774649701499;1.9999572951169675e11;3.1870283071379334e7
2.197e-12;5.243646952157435e-6;8.354359044683148e-10;6.937214561292112e6;940.9774650020202;1.9946690080332312e11;3.177975409186408e7
2.198e-12;5.250584166718727e-6;8.363768819333168e-10;6.937214561491579e6;940.9774650338;1.9894016681850253e11;3.1689608457211968e7
2.1990000000000002e-12;5.257521381280218e-6;8.373178593983506e-10;6.937214561690519e6;940.9774650654896;1.984155165087168e11;3.1599844015097883e7
2.2000000000000003e-12;5.264458595841909e-6;8.382588368634162e-10;6.937214561888934e6;940.9774650970894;1.9789293889819556e11;3.1510458628225863e7
2.201e-12;5.271395810403798e-6;8.391998143285132e-10;6.937214562086827e6;940.9774651285999;1.9737242308334174e11;3.1421450174203712e7
2.202e-12;5.2783330249658855e-6;8.401407917936419e-10;6.9372145622841995e6;940.9774651600213;1.968539582321633e11;3.133281654541891e7
2.2030000000000002e-12;5.28527023952817e-6;8.410817692588019e-10;6.937214562481053e6;940.9774651913541;1.963375335837094e11;3.1244555648915667e7
2.2040000000000003e-12;5.292207454090651e-6;8.420227467239933e-10;6.937214562677391e6;940.9774652225987;1.9582313844751245e11;3.115666540627318e7
2.205e-12;5.299144668653329e-6;8.429637241892159e-10;6.937214562873214e6;940.9774652537553;1.95310762203034e11;3.106914375348499e7
2.206e-12;5.306081883216202e-6;8.439047016544696e-10;6.937214563068524e6;940.9774652848245;1.9480039429911765e11;3.0981988640839737e7
2.207e-12;5.31301909777927e-6;8.448456791197544e-10;6.937214563263324e6;940.9774653158064;1.9429202425344482e11;3.089519803280272e7
2.2080000000000003e-12;5.319956312342533e-6;8.457866565850702e-10;6.937214563457616e6;940.9774653467016;1.9378564165199716e11;3.080876990789886e7
2.209e-12;5.326893526905991e-6;8.467276340504169e-10;6.937214563651402e6;940.9774653775104;1.93281236148523e11;3.07227022585967e7
2.21e-12;5.333830741469643e-6;8.476686115157943e-10;6.937214563844683e6;940.9774654082331;1.9277879746400894e11;3.0636993091193512e7
2.211e-12;5.3407679560334874e-6;8.486095889812025e-10;6.937214564037462e6;940.9774654388701;1.9227831538615625e11;3.055164042570154e7
2.2120000000000003e-12;5.3477051705975245e-6;8.495505664466415e-10;6.93721456422974e6;940.9774654694218;1.917797797688615e11;3.0466642295735214e7
2.2130000000000004e-12;5.354642385161754e-6;8.504915439121109e-10;6.93721456442152e6;940.9774654998884;1.912831805317028e11;3.0381996748399574e7
2.214e-12;5.361579599726176e-6;8.514325213776108e-10;6.937214564612803e6;940.9774655302704;1.907885076594301e11;3.029770184417973e7
2.215e-12;5.368516814290789e-6;8.523734988431411e-10;6.937214564803592e6;940.977465560568;1.9029575120146014e11;3.0213755656831335e7
2.2160000000000003e-12;5.375454028855592e-6;8.533144763087017e-10;6.937214564993888e6;940.9774655907818;1.898049012713762e11;3.0130156273272123e7
2.2170000000000003e-12;5.382391243420587e-6;8.542554537742925e-10;6.937214565183693e6;940.977465620912;1.893159480464322e11;3.004690179347447e7
2.218e-12;5.389328457985771e-6;8.551964312399134e-10;6.937214565373008e6;940.9774656509588;1.8882888176706085e11;2.996399033035896e7
2.219e-12;5.3962656725511435e-6;8.561374087055643e-10;6.937214565561837e6;940.9774656809228;1.883436927363873e11;2.9881420009689007e7
2.2200000000000002e-12;5.403202887116705e-6;8.570783861712453e-10;6.937214565750181e6;940.9774657108043;1.8786037131974606e11;2.9799188969966423e7
2.2210000000000003e-12;5.410140101682455e-6;8.580193636369561e-10;6.937214565938042e6;940.9774657406034;1.873789079442028e11;2.971729536232798e7
2.222e-12;5.417077316248393e-6;8.589603411026968e-10;6.937214566125421e6;940.9774657703207;1.8689929309808035e11;2.963573735044299e7
2.223e-12;5.424014530814518e-6;8.59901318568467e-10;6.9372145663123205e6;940.9774657999565;1.8642151733048895e11;2.95545131104118e7
2.2240000000000002e-12;5.43095174538083e-6;8.60842296034267e-10;6.937214566498742e6;940.977465829511;1.8594557125086047e11;2.9473620830665227e7
2.2250000000000003e-12;5.437888959947329e-6;8.617832735000966e-10;6.937214566684688e6;940.9774658589846;1.8547144552848743e11;2.9393058711865075e7
2.226e-12;5.444826174514014e-6;8.627242509659556e-10;6.9372145668701595e6;940.9774658883777;1.849991308920652e11;2.9312824966805365e7
2.227e-12;5.451763389080884e-6;8.636652284318439e-10;6.937214567055158e6;940.9774659176904;1.8452861812923895e11;2.9232917820314668e7
2.228e-12;5.458700603647939e-6;8.646062058977617e-10;6.937214567239687e6;940.9774659469233;1.840598980861547e11;2.915333550915932e7
2.2290000000000003e-12;5.465637818215179e-6;8.655471833637086e-10;6.937214567423747e6;940.9774659760766;1.8359296166701346e11;2.907407628194743e7
2.23e-12;5.4725750327826025e-6;8.664881608296846e-10;6.9372145676073395e6;940.9774660051506;1.831277998336306e11;2.8995138399033934e7
2.231e-12;5.47951224735021e-6;8.674291382956897e-10;6.937214567790467e6;940.9774660341458;1.8266440360499817e11;2.8916520132426452e7
2.232e-12;5.486449461918e-6;8.683701157617239e-10;6.937214567973131e6;940.9774660630623;1.8220276405685123e11;2.8838219765692014e7
2.2330000000000003e-12;5.4933866764859735e-6;8.693110932277869e-10;6.937214568155334e6;940.9774660919005;1.817428723212387e11;2.8760235593864724e7
2.234e-12;5.500323891054129e-6;8.702520706938788e-10;6.937214568337077e6;940.9774661206608;1.8128471958609708e11;2.8682565923354205e7
2.235e-12;5.507261105622466e-6;8.711930481599995e-10;6.937214568518362e6;940.9774661493434;1.808282970948281e11;2.8605209071854874e7
2.236e-12;5.514198320190985e-6;8.721340256261488e-10;6.93721456869919e6;940.9774661779486;1.803735961458812e11;2.8528163368256245e7
2.2370000000000003e-12;5.521135534759684e-6;8.730750030923268e-10;6.937214568879564e6;940.9774662064767;1.7992060809233783e11;2.845142715255377e7
2.2380000000000004e-12;5.528072749328564e-6;8.740159805585333e-10;6.937214569059485e6;940.9774662349281;1.7946932434150073e11;2.8374998775760725e7
2.239e-12;5.535009963897623e-6;8.749569580247682e-10;6.937214569238954e6;940.9774662633031;1.7901973635448666e11;2.829887659982085e7
2.24e-12;5.541947178466862e-6;8.758979354910315e-10;6.937214569417974e6;940.977466291602;1.7857183564582214e11;2.8223058997521743e7
2.2410000000000002e-12;5.54888439303628e-6;8.768389129573231e-10;6.937214569596546e6;940.9774663198251;1.781256137830431e11;2.814754435240912e7
2.2420000000000003e-12;5.555821607605876e-6;8.77779890423643e-10;6.937214569774671e6;940.9774663479726;1.7768106238629843e11;2.8072331058701895e7
2.243e-12;5.562758822175651e-6;8.78720867889991e-10;6.937214569952353e6;940.977466376045;1.7723817312795602e11;2.7997417521207828e7
2.244e-12;5.569696036745603e-6;8.79661845356367e-10;6.937214570129591e6;940.9774664040424;1.7679693773221277e11;2.792280215524021e7
2.2450000000000002e-12;5.576633251315733e-6;8.80602822822771e-10;6.937214570306388e6;940.9774664319652;1.763573479747084e11;2.784848338653519e7
2.2460000000000003e-12;5.583570465886039e-6;8.815438002892029e-10;6.937214570482745e6;940.9774664598137;1.7591939568214194e11;2.777445965116984e7
2.247e-12;5.590507680456522e-6;8.824847777556628e-10;6.937214570658664e6;940.9774664875882;1.7548307273189178e11;2.770072939548101e7
2.248e-12;5.59744489502718e-6;8.834257552221503e-10;6.937214570834148e6;940.9774665152889;1.750483710516392e11;2.7627291075984884e7
2.2490000000000002e-12;5.604382109598015e-6;8.843667326886656e-10;6.937214571009196e6;940.9774665429162;1.7461528261899472e11;2.7554143159297295e7
2.2500000000000003e-12;5.611319324169024e-6;8.853077101552085e-10;6.937214571183812e6;940.9774665704704;1.7418379946112833e11;2.7481284122054815e7
2.251e-12;5.6182565387402074e-6;8.86248687621779e-10;6.937214571357995e6;940.9774665979517;1.7375391365440253e11;2.740871245083647e7
2.252e-12;5.6251937533115654e-6;8.87189665088377e-10;6.937214571531749e6;940.9774666253604;1.73325617324008e11;2.7336426642086145e7
2.253e-12;5.632130967883097e-6;8.881306425550024e-10;6.937214571705075e6;940.9774666526969;1.7289890264360373e11;2.726442520203587e7
2.2540000000000003e-12;5.639068182454802e-6;8.890716200216551e-10;6.937214571877974e6;940.9774666799613;1.7247376183495905e11;2.7192706646629587e7
2.255e-12;5.6460053970266805e-6;8.90012597488335e-10;6.937214572050448e6;940.977466707154;1.7205018716759903e11;2.7121269501447737e7
2.256e-12;5.6529426115987305e-6;8.909535749550422e-10;6.937214572222497e6;940.9774667342753;1.7162817095845367e11;2.7050112301632512e7
2.257e-12;5.659879826170953e-6;8.918945524217765e-10;6.937214572394125e6;940.9774667613253;1.7120770557150864e11;2.6979233591813687e7
2.2580000000000003e-12;5.666817040743347e-6;8.928355298885379e-10;6.937214572565333e6;940.9774667883046;1.7078878341746088e11;2.690863192603532e7
2.2590000000000004e-12;5.673754255315912e-6;8.937765073553262e-10;6.937214572736122e6;940.9774668152132;1.703713969533751e11;2.6838305867682826e7
2.26e-12;5.6806914698886485e-6;8.947174848221414e-10;6.937214572906493e6;940.9774668420515;1.6995553868234515e11;2.6768253989411026e7
2.261e-12;5.687628684461555e-6;8.956584622889834e-10;6.937214573076448e6;940.9774668688198;1.695412011531565e11;2.6698474873072527e7
2.2620000000000003e-12;5.6945658990346315e-6;8.965994397558522e-10;6.937214573245989e6;940.9774668955182;1.6912837695995328e11;2.6628967109647017e7
2.2630000000000004e-12;5.7015031136078776e-6;8.975404172227477e-10;6.937214573415117e6;940.9774669221472;1.6871705874190683e11;2.6559729299171012e7
2.264e-12;5.708440328181293e-6;8.984813946896698e-10;6.937214573583835e6;940.9774669487069;1.683072391828878e11;2.6490760050668303e7
2.265e-12;5.715377542754877e-6;8.994223721566186e-10;6.9372145737521425e6;940.9774669751977;1.6789891101114072e11;2.6422057982081037e7
2.2660000000000002e-12;5.722314757328629e-6;9.003633496235938e-10;6.937214573920041e6;940.9774670016197;1.674920669989614e11;2.6353621720201317e7
2.2670000000000003e-12;5.729251971902549e-6;9.013043270905954e-10;6.937214574087533e6;940.9774670279734;1.6708669996237744e11;2.6285449900603596e7
2.268e-12;5.736189186476636e-6;9.022453045576234e-10;6.93721457425462e6;940.9774670542588;1.6668280276083044e11;2.6217541167577434e7
2.269e-12;5.743126401050891e-6;9.031862820246777e-10;6.937214574421302e6;940.9774670804763;1.6628036829686206e11;2.6149894174061053e7
2.2700000000000002e-12;5.750063615625312e-6;9.041272594917582e-10;6.937214574587583e6;940.9774671066262;1.658793895158021e11;2.6082507581575394e7
2.2710000000000003e-12;5.7570008301999e-6;9.050682369588648e-10;6.937214574753462e6;940.9774671327087;1.6547985940545923e11;2.601538006015874e7
2.272e-12;5.7639380447746535e-6;9.060092144259974e-10;6.9372145749189425e6;940.9774671587242;1.6508177099581458e11;2.5948510288301993e7
2.273e-12;5.7708752593495724e-6;9.069501918931561e-10;6.937214575084024e6;940.9774671846727;1.6468511735871768e11;2.588189695288445e7
2.2740000000000002e-12;5.7778124739246565e-6;9.078911693603408e-10;6.937214575248709e6;940.9774672105547;1.6428989160758478e11;2.581553874911012e7
2.2750000000000003e-12;5.784749688499905e-6;9.088321468275513e-10;6.937214575412999e6;940.9774672363702;1.6389608689710046e11;2.5749434380444784e7
2.276e-12;5.791686903075318e-6;9.097731242947877e-10;6.937214575576895e6;940.9774672621196;1.635036964229207e11;2.568358255855334e7
2.277e-12;5.798624117650895e-6;9.107141017620498e-10;6.937214575740399e6;940.9774672878032;1.631127134213791e11;2.5617982003237907e7
2.278e-12;5.805561332226635e-6;9.116550792293376e-10;6.937214575903512e6;940.9774673134211;1.6272313116919595e11;2.5552631442376453e7
2.2790000000000003e-12;5.812498546802539e-6;9.12596056696651e-10;6.937214576066235e6;940.9774673389737;1.6233494298318823e11;2.5487529611861777e7
2.28e-12;5.819435761378604e-6;9.135370341639899e-10;6.93721457622857e6;940.9774673644613;1.6194814221998383e11;2.542267525554131e7
2.281e-12;5.826372975954833e-6;9.144780116313544e-10;6.937214576390518e6;940.9774673898839;1.6156272227573663e11;2.5358067125157166e7
2.282e-12;5.833310190531223e-6;9.154189890987443e-10;6.937214576552081e6;940.977467415242;1.6117867658584552e11;2.529370398028697e7
2.2830000000000003e-12;5.840247405107775e-6;9.163599665661596e-10;6.937214576713259e6;940.9774674405357;1.6079599862467386e11;2.522958458828496e7
2.2840000000000004e-12;5.847184619684488e-6;9.173009440336001e-10;6.937214576874055e6;940.9774674657654;1.6041468190527298e11;2.516570772422381e7
2.285e-12;5.854121834261362e-6;9.182419215010659e-10;6.93721457703447e6;940.9774674909311;1.6003471997910696e11;2.5102072170836803e7
2.286e-12;5.861059048838397e-6;9.191828989685569e-10;6.937214577194504e6;940.9774675160331;1.596561064357801e11;2.5038676718460605e7
2.2870000000000003e-12;5.867996263415592e-6;9.201238764360729e-10;6.93721457735416e6;940.9774675410719;1.5927883490276648e11;2.4975520164978527e7
2.2880000000000003e-12;5.874933477992946e-6;9.21064853903614e-10;6.937214577513439e6;940.9774675660474;1.589028990451419e11;2.4912601315764222e7
2.289e-12;5.881870692570459e-6;9.2200583137118e-10;6.937214577672342e6;940.97746759096;1.585282925653178e11;2.4849918983625907e7
2.29e-12;5.888807907148132e-6;9.229468088387709e-10;6.93721457783087e6;940.9774676158099;1.5815500920277786e11;2.4787471988751095e7
2.2910000000000002e-12;5.895745121725963e-6;9.238877863063868e-10;6.937214577989025e6;940.9774676405974;1.5778304273381595e11;2.472525915865175e7
2.2920000000000003e-12;5.902682336303952e-6;9.248287637740273e-10;6.937214578146808e6;940.9774676653227;1.5741238697127692e11;2.466327932810992e7
2.293e-12;5.909619550882099e-6;9.257697412416927e-10;6.93721457830422e6;940.9774676899859;1.5704303576429956e11;2.4601531339123935e7
2.294e-12;5.916556765460404e-6;9.267107187093827e-10;6.937214578461263e6;940.9774677145874;1.5667498299806107e11;2.454001404085492e7
2.2950000000000002e-12;5.923493980038865e-6;9.276516961770972e-10;6.937214578617938e6;940.9774677391274;1.5630822259352408e11;2.4478726289573867e7
2.2960000000000003e-12;5.930431194617483e-6;9.285926736448363e-10;6.937214578774246e6;940.9774677636061;1.5594274850718567e11;2.441766694860912e7
2.297e-12;5.937368409196258e-6;9.295336511125999e-10;6.937214578930189e6;940.9774677880238;1.555785547308285e11;2.4356834888294406e7
2.298e-12;5.944305623775188e-6;9.304746285803879e-10;6.937214579085767e6;940.9774678123806;1.5521563529127353e11;2.4296228985917088e7
2.299e-12;5.951242838354274e-6;9.314156060482002e-10;6.937214579240983e6;940.9774678366769;1.548539842501356e11;2.423584812566715e7
2.3000000000000003e-12;5.958180052933515e-6;9.323565835160368e-10;6.937214579395837e6;940.9774678609127;1.5449359570358002e11;2.4175691198586382e7
2.301e-12;5.9651172675129106e-6;9.332975609838978e-10;6.9372145795503305e6;940.9774678850885;1.5413446378208215e11;2.411575710251816e7
2.302e-12;5.972054482092461e-6;9.34238538451783e-10;6.937214579704465e6;940.9774679092042;1.5377658265018774e11;2.405604474205749e7
2.303e-12;5.978991696672166e-6;9.351795159196922e-10;6.937214579858242e6;940.9774679332602;1.5341994650627652e11;2.399655302850166e7
2.3040000000000003e-12;5.985928911252024e-6;9.361204933876253e-10;6.937214580011661e6;940.9774679572567;1.5306454958232684e11;2.3937280879801225e7
2.3050000000000004e-12;5.992866125832035e-6;9.370614708555827e-10;6.937214580164726e6;940.9774679811941;1.5271038614368213e11;2.3878227220511332e7
2.306e-12;5.9998033404122e-6;9.380024483235638e-10;6.937214580317437e6;940.9774680050723;1.5235745048882007e11;2.3819390981743585e7
2.307e-12;6.006740554992517e-6;9.38943425791569e-10;6.937214580469795e6;940.9774680288917;1.520057369491229e11;2.3760771101118308e7
2.3080000000000003e-12;6.013677769572986e-6;9.398844032595979e-10;6.9372145806218e6;940.9774680526525;1.5165523988864972e11;2.3702366522717085e7
2.3090000000000004e-12;6.020614984153608e-6;9.408253807276506e-10;6.937214580773456e6;940.9774680763549;1.5130595370391068e11;2.3644176197035838e7
2.31e-12;6.027552198734382e-6;9.417663581957268e-10;6.937214580924762e6;940.977468099999;1.5095787282364352e11;2.3586199080938287e7
2.311e-12;6.034489413315306e-6;9.427073356638269e-10;6.9372145810757205e6;940.9774681235851;1.5061099170859067e11;2.3528434137609705e7
2.3120000000000002e-12;6.041426627896382e-6;9.436483131319505e-10;6.937214581226331e6;940.9774681471135;1.502653048512792e11;2.3470880336511128e7
2.3130000000000003e-12;6.048363842477608e-6;9.445892906000977e-10;6.937214581376596e6;940.9774681705844;1.499208067758026e11;2.341353665333403e7
2.314e-12;6.055301057058985e-6;9.455302680682683e-10;6.937214581526517e6;940.977468193998;1.4957749203760327e11;2.3356402069955185e7
2.315e-12;6.062238271640512e-6;9.464712455364622e-10;6.937214581676095e6;940.9774682173544;1.4923535522325754e11;2.3299475574392077e7
2.3160000000000002e-12;6.069175486222187e-6;9.474122230046795e-10;6.93721458182533e6;940.9774682406538;1.4889439095026276e11;2.3242756160758678e7
2.3170000000000003e-12;6.076112700804013e-6;9.483532004729202e-10;6.937214581974224e6;940.9774682638965;1.4855459386682513e11;2.3186242829221454e7
2.318e-12;6.083049915385987e-6;9.49294177941184e-10;6.9372145821227785e6;940.9774682870827;1.4821595865164987e11;2.3129934585955907e7
2.319e-12;6.08998712996811e-6;9.50235155409471e-10;6.937214582270995e6;940.9774683102127;1.478784800137326e11;2.307383044310331e7
2.3200000000000002e-12;6.096924344550381e-6;9.511761328777811e-10;6.937214582418873e6;940.9774683332865;1.4754215269215323e11;2.3017929418728046e7
2.3210000000000003e-12;6.1038615591328e-6;9.521171103461145e-10;6.937214582566415e6;940.9774683563045;1.472069714558705e11;2.296223053677503e7
2.322e-12;6.1107987737153664e-6;9.530580878144707e-10;6.937214582713622e6;940.9774683792667;1.468729311035186e11;2.2906732827027623e7
2.323e-12;6.11773598829808e-6;9.5399906528285e-10;6.937214582860495e6;940.9774684021735;1.465400264632056e11;2.285143532506599e7
2.324e-12;6.1246732028809405e-6;9.549400427512521e-10;6.937214583007035e6;940.9774684250249;1.4620825239231293e11;2.279633707222555e7
2.3250000000000003e-12;6.131610417463948e-6;9.55881020219677e-10;6.937214583153243e6;940.9774684478213;1.4587760377729727e11;2.2741437115556046e7
2.326e-12;6.138547632047101e-6;9.56821997688125e-10;6.937214583299121e6;940.9774684705627;1.4554807553349295e11;2.268673450778076e7
2.327e-12;6.1454848466304e-6;9.577629751565956e-10;6.937214583444669e6;940.9774684932495;1.4521966260491678e11;2.263222830725612e7
2.328e-12;6.1524220612138445e-6;9.587039526250887e-10;6.937214583589888e6;940.9774685158817;1.4489235996407413e11;2.257791757793173e7
2.3290000000000003e-12;6.1593592757974345e-6;9.596449300936046e-10;6.937214583734781e6;940.9774685384596;1.445661626117666e11;2.252380138931061e7
2.3300000000000004e-12;6.166296490381169e-6;9.60585907562143e-10;6.937214583879347e6;940.9774685609833;1.442410655769007e11;2.246987881640977e7
2.331e-12;6.173233704965049e-6;9.61526885030704e-10;6.937214584023588e6;940.9774685834532;1.4391706391629874e11;2.24161489397212e7
2.332e-12;6.180170919549073e-6;9.624678624992876e-10;6.937214584167506e6;940.9774686058694;1.4359415271451132e11;2.2362610845173176e7
2.3330000000000003e-12;6.1871081341332405e-6;9.634088399678935e-10;6.9372145843111e6;940.977468628232;1.4327232708363013e11;2.2309263624091722e7
2.3340000000000004e-12;6.194045348717551e-6;9.643498174365217e-10;6.937214584454372e6;940.9774686505413;1.4295158216310342e11;2.225610637316258e7
2.335e-12;6.200982563302005e-6;9.652907949051722e-10;6.937214584597323e6;940.9774686727974;1.4263191311955255e11;2.2203138194393415e7
2.336e-12;6.2079197778866025e-6;9.66231772373845e-10;6.937214584739955e6;940.9774686950005;1.4231331514658963e11;2.215035819507632e7
2.3370000000000002e-12;6.214856992471343e-6;9.6717274984254e-10;6.937214584882269e6;940.9774687171509;1.419957834646369e11;2.2097765487750605e7
2.3380000000000003e-12;6.221794207056225e-6;9.681137273112572e-10;6.937214585024265e6;940.9774687392487;1.4167931332074762e11;2.2045359190165985e7
2.339e-12;6.228731421641249e-6;9.690547047799965e-10;6.937214585165944e6;940.9774687612941;1.413638999884284e11;2.199313842524602e7
2.34e-12;6.235668636226416e-6;9.699956822487579e-10;6.937214585307308e6;940.9774687832872;1.4104953876746204e11;2.194110232105174e7
2.3410000000000002e-12;6.242605850811723e-6;9.709366597175412e-10;6.937214585448357e6;940.9774688052283;1.4073622498373322e11;2.18892500107458e7
2.3420000000000003e-12;6.249543065397171e-6;9.718776371863464e-10;6.937214585589093e6;940.9774688271176;1.40423953989054e11;2.1837580632556655e7
2.343e-12;6.25648027998276e-6;9.728186146551735e-10;6.937214585729517e6;940.9774688489551;1.401127211609922e11;2.178609332974332e7
2.344e-12;6.26341749456849e-6;9.737595921240224e-10;6.93721458586963e6;940.9774688707413;1.398025219026997e11;2.1734787250560146e7
2.3450000000000002e-12;6.270354709154359e-6;9.747005695928931e-10;6.937214586009433e6;940.977468892476;1.394933516427429e11;2.1683661548222017e7
2.3460000000000003e-12;6.277291923740368e-6;9.756415470617856e-10;6.937214586148926e6;940.9774689141598;1.391852058349347e11;2.163271538086991e7
2.347e-12;6.284229138326517e-6;9.765825245306998e-10;6.937214586288111e6;940.9774689357924;1.388780799581665e11;2.1581947911536474e7
2.348e-12;6.291166352912805e-6;9.775235019996355e-10;6.937214586426989e6;940.9774689573744;1.3857196951624326e11;2.1531358308112167e7
2.349e-12;6.298103567499232e-6;9.78464479468593e-10;6.937214586565562e6;940.9774689789058;1.3826687003771854e11;2.1480945743311543e7
2.3500000000000003e-12;6.305040782085797e-6;9.794054569375719e-10;6.937214586703829e6;940.9774690003867;1.379627770757311e11;2.143070939463974e7
2.3510000000000004e-12;6.311977996672501e-6;9.803464344065723e-10;6.937214586841791e6;940.9774690218175;1.3765968620784302e11;2.1380648444359373e7
2.352e-12;6.318915211259343e-6;9.81287411875594e-10;6.937214586979451e6;940.9774690431981;1.3735759303587892e11;2.1330762079457626e7
2.353e-12;6.325852425846323e-6;9.822283893446373e-10;6.937214587116809e6;940.9774690645288;1.3705649318576648e11;2.1281049491613623e7
2.3540000000000003e-12;6.33278964043344e-6;9.831693668137018e-10;6.937214587253865e6;940.9774690858098;1.3675638230737775e11;2.1231509877166003e7
2.3550000000000004e-12;6.339726855020694e-6;9.841103442827877e-10;6.937214587390621e6;940.9774691070413;1.3645725607437253e11;2.1182142437080897e7
2.356e-12;6.346664069608085e-6;9.850513217518948e-10;6.937214587527079e6;940.9774691282234;1.3615911018404214e11;2.1132946376920015e7
2.357e-12;6.353601284195612e-6;9.85992299221023e-10;6.937214587663238e6;940.9774691493564;1.3586194035715468e11;2.1083920906809013e7
2.3580000000000003e-12;6.360538498783275e-6;9.869332766901724e-10;6.9372145877991e6;940.9774691704403;1.3556574233780154e11;2.1035065241406206e7
2.3590000000000003e-12;6.367475713371074e-6;9.878742541593428e-10;6.937214587934666e6;940.9774691914753;1.3527051189324516e11;2.0986378599871475e7
2.36e-12;6.3744129279590085e-6;9.888152316285343e-10;6.937214588069937e6;940.9774692124616;1.3497624481376747e11;2.093786020583534e7
2.361e-12;6.3813501425470785e-6;9.897562090977467e-10;6.937214588204914e6;940.9774692333995;1.3468293691252031e11;2.0889509287368435e7
2.3620000000000002e-12;6.388287357135283e-6;9.906971865669802e-10;6.937214588339597e6;940.977469254289;1.3439058402537598e11;2.0841325076951113e7
2.3630000000000003e-12;6.3952245717236224e-6;9.916381640362346e-10;6.937214588473988e6;940.9774692751303;1.3409918201077988e11;2.079330681144334e7
2.364e-12;6.4021617863120964e-6;9.925791415055097e-10;6.937214588608087e6;940.9774692959236;1.338087267496036e11;2.0745453732054792e7
2.365e-12;6.409099000900704e-6;9.935201189748056e-10;6.937214588741896e6;940.977469316669;1.3351921414499919e11;2.069776508431522e7
2.3660000000000002e-12;6.416036215489446e-6;9.944610964441222e-10;6.937214588875415e6;940.9774693373668;1.3323064012225534e11;2.0650240118045084e7
2.3670000000000003e-12;6.4229734300783215e-6;9.954020739134595e-10;6.937214589008645e6;940.977469358017;1.329430006286531e11;2.0602878087326296e7
2.368e-12;6.42991064466733e-6;9.963430513828175e-10;6.937214589141588e6;940.9774693786198;1.326562916333244e11;2.055567825047336e7
2.369e-12;6.436847859256471e-6;9.972840288521962e-10;6.937214589274244e6;940.9774693991756;1.3237050912711034e11;2.0508639870004598e7
2.37e-12;6.443785073845746e-6;9.982250063215953e-10;6.937214589406615e6;940.9774694196842;1.3208564912242117e11;2.0461762212613676e7
2.3710000000000003e-12;6.4507222884351525e-6;9.99165983791015e-10;6.937214589538701e6;940.977469440146;1.318017076530973e11;2.041504454914136e7
2.372e-12;6.457659503024691e-6;1.000106961260455e-9;6.937214589670503e6;940.9774694605611;1.3151868077427118e11;2.036848615454745e7
2.373e-12;6.464596717614362e-6;1.0010479387299156e-9;6.937214589802021e6;940.9774694809296;1.3123656456223004e11;2.032208630788295e7
2.374e-12;6.471533932204164e-6;1.0019889161993966e-9;6.937214589933258e6;940.9774695012517;1.3095535511428029e11;2.0275844292262487e7
2.3750000000000003e-12;6.478471146794098e-6;1.0029298936688979e-9;6.937214590064213e6;940.9774695215275;1.3067504854861241e11;2.0229759394836932e7
2.3760000000000004e-12;6.4854083613841616e-6;1.0038708711384194e-9;6.9372145901948875e6;940.9774695417573;1.3039564100416684e11;2.01838309067662e7
2.377e-12;6.492345575974357e-6;1.0048118486079613e-9;6.937214590325283e6;940.9774695619411;1.3011712864050113e11;2.0138058123192277e7
2.378e-12;6.499282790564682e-6;1.0057528260775231e-9;6.9372145904554e6;940.9774695820792;1.2983950763765802e11;2.0092440343212523e7
2.3790000000000003e-12;6.506220005155138e-6;1.0066938035471053e-9;6.937214590585239e6;940.9774696021716;1.2956277419603442e11;2.0046976869853113e7
2.3800000000000004e-12;6.513157219745723e-6;1.0076347810167075e-9;6.937214590714802e6;940.9774696222186;1.2928692453625145e11;2.0001667010042675e7
2.381e-12;6.520094434336438e-6;1.0085757584863298e-9;6.937214590844089e6;940.9774696422203;1.2901195489902502e11;1.995651007458617e7
2.382e-12;6.527031648927282e-6;1.0095167359559719e-9;6.937214590973102e6;940.9774696621768;1.2873786154503857e11;1.9911505378139023e7
2.3830000000000002e-12;6.533968863518254e-6;1.010457713425634e-9;6.937214591101839e6;940.9774696820882;1.284646407548151e11;1.9866652239181325e7
2.3840000000000003e-12;6.540906078109356e-6;1.011398690895316e-9;6.937214591230304e6;940.9774697019549;1.2819228882859142e11;1.9821949979992356e7
2.385e-12;6.547843292700586e-6;1.012339668365018e-9;6.937214591358496e6;940.9774697217769;1.2792080208619278e11;1.977739792662523e7
2.386e-12;6.554780507291944e-6;1.0132806458347397e-9;6.937214591486417e6;940.9774697415543;1.2765017686690866e11;1.9732995408881817e7
2.3870000000000002e-12;6.56171772188343e-6;1.0142216233044813e-9;6.937214591614067e6;940.9774697612872;1.2738040952936916e11;1.9688741760287736e7
2.3880000000000003e-12;6.568654936475044e-6;1.0151626007742425e-9;6.937214591741447e6;940.977469780976;1.271114964514228e11;1.9644636318067692e7
2.389e-12;6.575592151066786e-6;1.0161035782440234e-9;6.937214591868559e6;940.9774698006206;1.2684343403001463e11;1.9600678423120856e7
2.39e-12;6.582529365658655e-6;1.017044555713824e-9;6.937214591995402e6;940.9774698202212;1.2657621868106575e11;1.9556867419996556e7
2.3910000000000002e-12;6.58946658025065e-6;1.0179855331836441e-9;6.937214592121978e6;940.9774698397781;1.2630984683935347e11;1.9513202656870093e7
2.3920000000000003e-12;6.5964037948427724e-6;1.018926510653484e-9;6.937214592248288e6;940.9774698592913;1.260443149583922e11;1.9469683485518713e7
2.393e-12;6.603341009435021e-6;1.0198674881233432e-9;6.937214592374332e6;940.977469878761;1.2577961951031573e11;1.9426309261297867e7
2.394e-12;6.610278224027395e-6;1.0208084655932219e-9;6.937214592500112e6;940.9774698981873;1.255157569857597e11;1.938307934311754e7
2.395e-12;6.617215438619895e-6;1.02174944306312e-9;6.937214592625628e6;940.9774699175704;1.2525272389374571e11;1.9339993093418863e7
2.3960000000000003e-12;6.624152653212521e-6;1.0226904205330376e-9;6.937214592750881e6;940.9774699369103;1.2499051676156552e11;1.929704987815082e7
2.397e-12;6.631089867805271e-6;1.0236313980029746e-9;6.937214592875872e6;940.9774699562074;1.2472913213466635e11;1.925424906674717e7
2.398e-12;6.638027082398147e-6;1.0245723754729308e-9;6.937214593000601e6;940.9774699754616;1.2446856657653735e11;1.921159003210353e7
2.399e-12;6.644964296991148e-6;1.0255133529429063e-9;6.9372145931250695e6;940.9774699946732;1.2420881666859673e11;1.9169072150554713e7
2.4000000000000003e-12;6.651901511584273e-6;1.026454330412901e-9;6.937214593249278e6;940.9774700138423;1.2394987901007913e11;1.9126694801852074e7
2.4010000000000004e-12;6.658838726177523e-6;1.027395307882915e-9;6.937214593373228e6;940.977470032969;1.2369175021792496e11;1.9084457369141232e7
2.402e-12;6.665775940770896e-6;1.028336285352948e-9;6.93721459349692e6;940.9774700520535;1.234344269266694e11;1.904235923893977e7
2.403e-12;6.672713155364393e-6;1.029277262823e-9;6.937214593620354e6;940.9774700710958;1.2317790578833286e11;1.9000399801115233e7
2.4040000000000003e-12;6.679650369958013e-6;1.030218240293071e-9;6.937214593743532e6;940.9774700900962;1.2292218347231216e11;1.8958578448863253e7
2.4050000000000004e-12;6.686587584551757e-6;1.031159217763161e-9;6.937214593866454e6;940.9774701090547;1.2266725666527237e11;1.8916894578685835e7
2.406e-12;6.693524799145623e-6;1.03210019523327e-9;6.937214593989122e6;940.9774701279716;1.224131220710395e11;1.8875347590369824e7
2.407e-12;6.700462013739612e-6;1.033041172703398e-9;6.937214594111535e6;940.9774701468469;1.2215977641049379e11;1.883393688696547e7
2.4080000000000002e-12;6.707399228333724e-6;1.0339821501735448e-9;6.9372145942336945e6;940.9774701656809;1.2190721642146411e11;1.8792661874765266e7
2.4090000000000003e-12;6.714336442927958e-6;1.0349231276437105e-9;6.937214594355602e6;940.9774701844735;1.2165543885862308e11;1.8751521963282906e7
2.41e-12;6.7212736575223135e-6;1.035864105113895e-9;6.937214594477258e6;940.977470203225;1.2140444049338232e11;1.8710516565232277e7
2.411e-12;6.7282108721167905e-6;1.0368050825840982e-9;6.937214594598662e6;940.9774702219355;1.211542181137896e11;1.8669645096506875e7
2.4120000000000002e-12;6.735148086711389e-6;1.0377460600543202e-9;6.937214594719816e6;940.9774702406052;1.2090476852442554e11;1.8628906976159062e7
2.4130000000000003e-12;6.742085301306109e-6;1.0386870375245608e-9;6.937214594840721e6;940.9774702592341;1.2065608854630179e11;1.8588301626379736e7
2.414e-12;6.74902251590095e-6;1.03962801499482e-9;6.937214594961377e6;940.9774702778224;1.2040817501675996e11;1.8547828472478043e7
2.415e-12;6.755959730495911e-6;1.0405689924650978e-9;6.937214595081785e6;940.9774702963701;1.2016102478937062e11;1.8507486942861184e7
2.4160000000000002e-12;6.762896945090993e-6;1.0415099699353942e-9;6.937214595201946e6;940.9774703148777;1.1991463473383385e11;1.8467276469014518e7
2.4170000000000003e-12;6.769834159686195e-6;1.042450947405709e-9;6.93721459532186e6;940.977470333345;1.1966900173587999e11;1.842719648548172e7
2.418e-12;6.776771374281517e-6;1.0433919248760425e-9;6.9372145954415295e6;940.9774703517721;1.1942412269717117e11;1.8387246429845072e7
2.419e-12;6.783708588876959e-6;1.0443329023463943e-9;6.937214595560954e6;940.9774703701594;1.191799945352037e11;1.8347425742705967e7
2.42e-12;6.79064580347252e-6;1.0452738798167646e-9;6.937214595680134e6;940.9774703885068;1.1893661418321095e11;1.830773386766551e7
2.4210000000000003e-12;6.7975830180682e-6;1.046214857287153e-9;6.937214595799071e6;940.9774704068146;1.1869397859006721e11;1.8268170251305297e7
2.4220000000000004e-12;6.804520232663999e-6;1.0471558347575599e-9;6.937214595917765e6;940.9774704250829;1.1845208472019194e11;1.8228734343168303e7
2.423e-12;6.8114574472599165e-6;1.048096812227985e-9;6.937214596036217e6;940.9774704433116;1.1821092955345479e11;1.8189425595739923e7
2.424e-12;6.818394661855953e-6;1.0490377896984282e-9;6.937214596154428e6;940.9774704615011;1.1797051008508136e11;1.815024346442919e7
2.4250000000000003e-12;6.825331876452107e-6;1.0499787671688896e-9;6.937214596272399e6;940.9774704796513;1.1773082332555988e11;1.8111187407550104e7
2.4260000000000004e-12;6.8322690910483796e-6;1.0509197446393692e-9;6.93721459639013e6;940.9774704977625;1.174918663005477e11;1.807225688630304e7
2.427e-12;6.83920630564477e-6;1.051860722109867e-9;6.937214596507622e6;940.9774705158347;1.1725363605077963e11;1.803345136475645e7
2.428e-12;6.846143520241277e-6;1.052801699580383e-9;6.937214596624875e6;940.9774705338682;1.1701612963197575e11;1.7994770309828497e7
2.4290000000000003e-12;6.853080734837902e-6;1.0537426770509167e-9;6.9372145967418915e6;940.977470551863;1.16779344114751e11;1.795621319126902e7
2.4300000000000003e-12;6.860017949434644e-6;1.0546836545214685e-9;6.937214596858671e6;940.9774705698193;1.1654327658452441e11;1.7917779481641505e7
2.431e-12;6.866955164031503e-6;1.0556246319920383e-9;6.937214596975214e6;940.977470587737;1.163079241414296e11;1.787946865630522e7
2.432e-12;6.873892378628478e-6;1.0565656094626261e-9;6.937214597091522e6;940.9774706056164;1.1607328390022577e11;1.7841280193397526e7
2.4330000000000002e-12;6.8808295932255695e-6;1.0575065869332317e-9;6.937214597207596e6;940.9774706234577;1.1583935299020908e11;1.780321357381623e7
2.4340000000000003e-12;6.887766807822777e-6;1.058447564403855e-9;6.937214597323435e6;940.977470641261;1.1560612855512509e11;1.776526828120217e7
2.435e-12;6.894704022420101e-6;1.0593885418744964e-9;6.937214597439041e6;940.9774706590263;1.1537360775308144e11;1.7727443801921874e7
2.436e-12;6.90164123701754e-6;1.0603295193451554e-9;6.9372145975544145e6;940.9774706767537;1.1514178775646121e11;1.7689739625050306e7
2.4370000000000002e-12;6.908578451615094e-6;1.061270496815832e-9;6.937214597669557e6;940.9774706944435;1.1491066575183711e11;1.7652155242353845e7
2.4380000000000003e-12;6.915515666212764e-6;1.0622114742865266e-9;6.937214597784467e6;940.9774707120956;1.1468023893988599e11;1.7614690148273267e7
2.439e-12;6.922452880810548e-6;1.0631524517572387e-9;6.937214597899147e6;940.9774707297103;1.1445050453530421e11;1.7577343839906987e7
2.44e-12;6.929390095408447e-6;1.0640934292279683e-9;6.937214598013598e6;940.9774707472876;1.1422145976672331e11;1.7540115816994254e7
2.441e-12;6.9363273100064605e-6;1.0650344066987155e-9;6.937214598127819e6;940.9774707648277;1.1399310187662657e11;1.7503005581898663e7
2.4420000000000003e-12;6.943264524604588e-6;1.0659753841694804e-9;6.937214598241812e6;940.9774707823307;1.1376542812126585e11;1.7466012639591612e7
2.443e-12;6.95020173920283e-6;1.0669163616402627e-9;6.937214598355577e6;940.9774707997967;1.1353843577057938e11;1.7429136497635994e7
2.444e-12;6.957138953801186e-6;1.0678573391110625e-9;6.937214598469116e6;940.9774708172258;1.1331212210810988e11;1.7392376666169986e7
2.445e-12;6.964076168399655e-6;1.0687983165818796e-9;6.937214598582428e6;940.9774708346182;1.13086484430923e11;1.7355732657890875e7
2.4460000000000003e-12;6.971013382998237e-6;1.0697392940527143e-9;6.937214598695515e6;940.977470851974;1.128615200495271e11;1.7319203988039155e7
2.4470000000000004e-12;6.977950597596932e-6;1.0706802715235662e-9;6.937214598808376e6;940.9774708692931;1.1263722628779265e11;1.728279017438256e7
2.448e-12;6.984887812195741e-6;1.0716212489944355e-9;6.937214598921013e6;940.9774708865759;1.1241360048287288e11;1.7246490737200383e7
2.449e-12;6.991825026794662e-6;1.072562226465322e-9;6.9372145990334265e6;940.9774709038225;1.1219063998512483e11;1.7210305199267797e7
2.4500000000000003e-12;6.998762241393695e-6;1.0735032039362259e-9;6.937214599145617e6;940.9774709210327;1.1196834215803055e11;1.7174233085840296e7
2.4510000000000004e-12;7.005699455992841e-6;1.0744441814071468e-9;6.937214599257586e6;940.9774709382069;1.117467043781195e11;1.713827392463833e7
2.452e-12;7.012636670592099e-6;1.075385158878085e-9;6.937214599369332e6;940.9774709553452;1.115257240348909e11;1.7102427245831955e7
2.453e-12;7.019573885191468e-6;1.0763261363490402e-9;6.937214599480858e6;940.9774709724477;1.1130539853073701e11;1.7066692582025666e7
2.4540000000000002e-12;7.026511099790949e-6;1.0772671138200126e-9;6.937214599592163e6;940.9774709895144;1.1108572528086664e11;1.703106946824326e7
2.4550000000000003e-12;7.0334483143905415e-6;1.0782080912910022e-9;6.937214599703249e6;940.9774710065454;1.1086670171322963e11;1.699555744191294e7
2.456e-12;7.040385528990245e-6;1.0791490687620088e-9;6.937214599814115e6;940.977471023541;1.1064832526844115e11;1.6960156042852346e7
2.457e-12;7.047322743590059e-6;1.0800900462330323e-9;6.937214599924764e6;940.9774710405012;1.1043059339970724e11;1.6924864813253853e7
2.4580000000000002e-12;7.054259958189984e-6;1.0810310237040727e-9;6.937214600035194e6;940.9774710574261;1.1021350357275053e11;1.688968329766991e7
2.4590000000000003e-12;7.061197172790019e-6;1.0819720011751302e-9;6.937214600145408e6;940.9774710743158;1.099970532657363e11;1.685461104299845e7
2.46e-12;7.068134387390164e-6;1.0829129786462045e-9;6.937214600255405e6;940.9774710911704;1.0978123996919957e11;1.681964759846851e7
2.461e-12;7.0750716019904196e-6;1.0838539561172957e-9;6.937214600365186e6;940.97747110799;1.0956606118597192e11;1.678479251562579e7
2.4620000000000002e-12;7.082008816590785e-6;1.0847949335884038e-9;6.9372146004747525e6;940.9774711247749;1.0935151443110963e11;1.6750045348318482e7
2.4630000000000003e-12;7.08894603119126e-6;1.0857359110595286e-9;6.937214600584104e6;940.9774711415249;1.0913759723182184e11;1.6715405652683124e7
2.464e-12;7.095883245791844e-6;1.0866768885306702e-9;6.937214600693242e6;940.9774711582403;1.0892430712739926e11;1.6680872987130536e7
2.465e-12;7.102820460392537e-6;1.0876178660018285e-9;6.937214600802166e6;940.9774711749212;1.0871164166914333e11;1.664644691233189e7
2.466e-12;7.10975767499334e-6;1.0885588434730034e-9;6.937214600910878e6;940.9774711915677;1.0849959842029604e11;1.6612126991204858e7
2.4670000000000003e-12;7.116694889594251e-6;1.089499820944195e-9;6.937214601019378e6;940.9774712081798;1.0828817495597018e11;1.6577912788899913e7
2.4680000000000004e-12;7.12363210419527e-6;1.0904407984154032e-9;6.937214601127666e6;940.9774712247578;1.0807736886307994e11;1.6543803872786637e7
2.469e-12;7.130569318796398e-6;1.091381775886628e-9;6.937214601235744e6;940.9774712413016;1.078671777402719e11;1.6509799812440183e7
2.47e-12;7.137506533397633e-6;1.0923227533578692e-9;6.937214601343611e6;940.9774712578114;1.0765759919785709e11;1.6475900179627873e7
2.4710000000000003e-12;7.144443747998977e-6;1.093263730829127e-9;6.937214601451268e6;940.9774712742874;1.074486308577424e11;1.644210454829575e7
2.4720000000000004e-12;7.151380962600429e-6;1.0942047083004014e-9;6.937214601558717e6;940.9774712907295;1.0724027035336382e11;1.640841249455542e7
2.473e-12;7.158318177201988e-6;1.095145685771692e-9;6.937214601665957e6;940.9774713071379;1.0703251532961897e11;1.6374823596670814e7
2.474e-12;7.165255391803653e-6;1.0960866632429993e-9;6.937214601772989e6;940.9774713235126;1.0682536344280077e11;1.6341337435045155e7
2.4750000000000003e-12;7.172192606405427e-6;1.097027640714323e-9;6.937214601879815e6;940.977471339854;1.0661881236053111e11;1.630795359220793e7
2.4760000000000004e-12;7.179129821007307e-6;1.0979686181856628e-9;6.937214601986433e6;940.9774713561619;1.064128597616955e11;1.6274671652802058e7
2.477e-12;7.186067035609293e-6;1.098909595657019e-9;6.937214602092846e6;940.9774713724366;1.0620750333637766e11;1.6241491203571053e7
2.478e-12;7.193004250211386e-6;1.0998505731283914e-9;6.937214602199053e6;940.9774713886782;1.0600274078579483e11;1.6208411833346343e7
2.4790000000000002e-12;7.199941464813585e-6;1.1007915505997801e-9;6.9372146023050565e6;940.9774714048866;1.0579856982223332e11;1.61754331330346e7
2.4800000000000003e-12;7.2068786794158905e-6;1.101732528071185e-9;6.937214602410855e6;940.9774714210621;1.055949881689849e11;1.6142554695605285e7
2.481e-12;7.2138158940183016e-6;1.102673505542606e-9;6.93721460251645e6;940.9774714372046;1.0539199356028287e11;1.6109776116078133e7
2.482e-12;7.220753108620818e-6;1.103614483014043e-9;6.937214602621842e6;940.9774714533144;1.0518958374123947e11;1.6077096991510855e7
2.4830000000000002e-12;7.22769032322344e-6;1.1045554604854963e-9;6.937214602727031e6;940.9774714693915;1.0498775646778308e11;1.6044516920986833e7
2.4840000000000003e-12;7.234627537826167e-6;1.1054964379569657e-9;6.937214602832019e6;940.977471485436;1.0478650950659589e11;1.6012035505602958e7
2.485e-12;7.241564752428999e-6;1.1064374154284511e-9;6.937214602936806e6;940.977471501448;1.0458584063505232e11;1.597965234845751e7
2.486e-12;7.248501967031936e-6;1.1073783928999526e-9;6.937214603041392e6;940.9774715174277;1.0438574764115747e11;1.5947367054638159e7
2.4870000000000002e-12;7.255439181634977e-6;1.10831937037147e-9;6.937214603145777e6;940.9774715333751;1.0418622832348647e11;1.5915179231210064e7
2.4880000000000003e-12;7.262376396238123e-6;1.1092603478430034e-9;6.937214603249963e6;940.9774715492903;1.0398728049112352e11;1.5883088487203978e7
2.489e-12;7.269313610841372e-6;1.1102013253145528e-9;6.93721460335395e6;940.9774715651733;1.0378890196360205e11;1.5851094433604512e7
2.49e-12;7.276250825444726e-6;1.1111423027861179e-9;6.937214603457739e6;940.9774715810245;1.0359109057084488e11;1.5819196683338452e7
2.491e-12;7.283188040048184e-6;1.112083280257699e-9;6.93721460356133e6;940.9774715968437;1.0339384415310478e11;1.5787394851263152e7
2.4920000000000003e-12;7.2901252546517455e-6;1.1130242577292956e-9;6.937214603664723e6;940.977471612631;1.0319716056090573e11;1.5755688554155033e7
2.4930000000000004e-12;7.29706246925541e-6;1.1139652352009083e-9;6.93721460376792e6;940.9774716283868;1.030010376549841e11;1.572407741069811e7
2.494e-12;7.303999683859178e-6;1.1149062126725367e-9;6.937214603870922e6;940.9774716441108;1.0280547330623068e11;1.5692561041472666e7
2.495e-12;7.310936898463049e-6;1.1158471901441808e-9;6.937214603973728e6;940.9774716598033;1.0261046539563283e11;1.5661139068943955e7
2.4960000000000003e-12;7.317874113067023e-6;1.1167881676158406e-9;6.937214604076338e6;940.9774716754645;1.0241601181421707e11;1.5629811117450994e7
2.4970000000000004e-12;7.324811327671099e-6;1.1177291450875162e-9;6.937214604178754e6;940.9774716910943;1.0222211046299214e11;1.559857681319546e7
2.498e-12;7.331748542275278e-6;1.1186701225592072e-9;6.937214604280976e6;940.9774717066929;1.0202875925289212e11;1.5567435784230595e7
2.499e-12;7.338685756879559e-6;1.119611100030914e-9;6.937214604383005e6;940.9774717222604;1.0183595610472046e11;1.5536387660450296e7
2.5000000000000003e-12;7.345622971483942e-6;1.1205520775026362e-9;6.937214604484841e6;940.9774717377968;1.0164369894909396e11;1.5505432073578179e7
2.5010000000000003e-12;7.352560186088427e-6;1.121493054974374e-9;6.937214604586485e6;940.9774717533022;1.0145198572638712e11;1.547456865715674e7
2.502e-12;7.359497400693013e-6;1.1224340324461273e-9;6.937214604687937e6;940.9774717687768;1.012608143866772e11;1.5443797046536652e7
2.503e-12;7.366434615297701e-6;1.1233750099178961e-9;6.937214604789197e6;940.9774717842206;1.0107018288968925e11;1.5413116878866065e7
2.5040000000000002e-12;7.3733718299024905e-6;1.1243159873896804e-9;6.937214604890267e6;940.9774717996337;1.008800892047417e11;1.5382527793080002e7
2.5050000000000003e-12;7.380309044507381e-6;1.12525696486148e-9;6.937214604991147e6;940.9774718150162;1.0069053131069241e11;1.5352029429889852e7
2.506e-12;7.387246259112372e-6;1.126197942333295e-9;6.937214605091838e6;940.9774718303682;1.0050150719588492e11;1.5321621431772918e7
2.507e-12;7.394183473717464e-6;1.1271389198051254e-9;6.93721460519234e6;940.9774718456898;1.0031301485809471e11;1.5291303442961972e7
2.5080000000000002e-12;7.401120688322657e-6;1.1280798972769711e-9;6.937214605292653e6;940.9774718609812;1.0012505230447676e11;1.5261075109435024e7
2.5090000000000003e-12;7.408057902927949e-6;1.1290208747488322e-9;6.937214605392777e6;940.9774718762422;9.993761755151251e10;1.5230936078905039e7
2.51e-12;7.414995117533342e-6;1.1299618522207085e-9;6.937214605492715e6;940.9774718914732;9.975070862495766e10;1.5200886000809768e7
2.511e-12;7.421932332138835e-6;1.1309028296926e-9;6.937214605592466e6;940.977471906674;9.956432355979001e10;1.517092452630163e7
2.512e-12;7.428869546744427e-6;1.1318438071645067e-9;6.93721460569203e6;940.977471921845;9.937846040015807e10;1.5141051308237717e7
2.5130000000000003e-12;7.435806761350119e-6;1.1327847846364285e-9;6.937214605791409e6;940.977471936986;9.919311719932953e10;1.5111266001169791e7
2.5140000000000004e-12;7.4427439759559104e-6;1.1337257621083654e-9;6.937214605890602e6;940.9774719520973;9.900829201964046e10;1.50815682613344e7
2.515e-12;7.449681190561801e-6;1.1346667395803174e-9;6.93721460598961e6;940.9774719671789;9.882398293244453e10;1.5051957746643055e7
2.516e-12;7.456618405167791e-6;1.1356077170522846e-9;6.937214606088433e6;940.9774719822308;9.86401880180628e10;1.5022434116672462e7
2.5170000000000003e-12;7.463555619773879e-6;1.1365486945242668e-9;6.9372146061870735e6;940.9774719972532;9.845690536573369e10;1.4992997032654809e7
2.5180000000000004e-12;7.470492834380066e-6;1.137489671996264e-9;6.93721460628553e6;940.9774720122463;9.827413307356311e10;1.4963646157468136e7
2.519e-12;7.4774300489863516e-6;1.1384306494682763e-9;6.937214606383804e6;940.97747202721;9.809186924847566e10;1.4934381155626805e7
2.52e-12;7.484367263592735e-6;1.1393716269403036e-9;6.937214606481896e6;940.9774720421443;9.791011200616501e10;1.490520169327195e7
2.5210000000000003e-12;7.491304478199217e-6;1.1403126044123458e-9;6.937214606579806e6;940.9774720570496;9.772885947104555e10;1.4876107438162057e7
2.5220000000000004e-12;7.498241692805797e-6;1.1412535818844028e-9;6.937214606677535e6;940.9774720719257;9.754810977620395e10;1.4847098059663603e7
2.523e-12;7.505178907412475e-6;1.1421945593564748e-9;6.937214606775083e6;940.9774720867728;9.736786106335101e10;1.4818173228741733e7
2.524e-12;7.51211612201925e-6;1.1431355368285616e-9;6.937214606872451e6;940.9774721015909;9.718811148277396e10;1.4789332617951006e7
2.5250000000000002e-12;7.519053336626122e-6;1.1440765143006632e-9;6.937214606969639e6;940.9774721163802;9.70088591932889e10;1.47605759014262e7
2.5260000000000003e-12;7.525990551233092e-6;1.1450174917727796e-9;6.937214607066647e6;940.9774721311408;9.683010236219391e10;1.473190275487324e7
2.527e-12;7.5329277658401586e-6;1.1459584692449107e-9;6.937214607163478e6;940.9774721458726;9.665183916522182e10;1.4703312855560059e7
2.528e-12;7.539864980447322e-6;1.1468994467170565e-9;6.937214607260129e6;940.977472160576;9.647406778649406e10;1.4674805882307654e7
2.5290000000000002e-12;7.546802195054583e-6;1.1478404241892172e-9;6.937214607356603e6;940.9774721752508;9.629678641847412e10;1.464638151548112e7
2.5300000000000003e-12;7.55373940966194e-6;1.1487814016613923e-9;6.9372146074529e6;940.9774721898972;9.611999326192177e10;1.461803943698077e7
2.531e-12;7.560676624269392e-6;1.1497223791335822e-9;6.93721460754902e6;940.9774722045153;9.59436865258473e10;1.4589779330233317e7
2.532e-12;7.5676138388769415e-6;1.1506633566057867e-9;6.937214607644964e6;940.977472219105;9.576786442746638e10;1.4561600880183114e7
2.5330000000000002e-12;7.574551053484586e-6;1.1516043340780059e-9;6.937214607740732e6;940.9774722336666;9.559252519215462e10;1.453350377328343e7
2.5340000000000003e-12;7.581488268092327e-6;1.1525453115502396e-9;6.937214607836325e6;940.9774722482001;9.5417667053403e10;1.4505487697487807e7
2.535e-12;7.588425482700163e-6;1.1534862890224877e-9;6.937214607931742e6;940.9774722627056;9.524328825277362e10;1.4477552342241513e7
2.536e-12;7.595362697308095e-6;1.1544272664947503e-9;6.937214608026986e6;940.9774722771832;9.506938703985495e10;1.4449697398472939e7
2.537e-12;7.602299911916122e-6;1.1553682439670275e-9;6.937214608122055e6;940.9774722916329;9.489596167221846e10;1.4421922558585199e7
2.5380000000000003e-12;7.609237126524244e-6;1.156309221439319e-9;6.937214608216952e6;940.9774723060549;9.472301041537451e10;1.4394227516447635e7
2.5390000000000004e-12;7.616174341132461e-6;1.157250198911625e-9;6.937214608311675e6;940.9774723204491;9.455053154272928e10;1.4366611967387516e7
2.54e-12;7.623111555740772e-6;1.1581911763839456e-9;6.937214608406225e6;940.9774723348157;9.43785233355416e10;1.4339075608181702e7
2.541e-12;7.630048770349179e-6;1.1591321538562804e-9;6.937214608500604e6;940.9774723491548;9.420698408287997e10;1.4311618137048379e7
2.5420000000000003e-12;7.636985984957679e-6;1.1600731313286295e-9;6.937214608594811e6;940.9774723634664;9.403591208158043e10;1.4284239253638912e7
2.5430000000000004e-12;7.643923199566274e-6;1.161014108800993e-9;6.937214608688846e6;940.9774723777506;9.386530563620364e10;1.425693865902962e7
2.544e-12;7.650860414174963e-6;1.1619550862733708e-9;6.937214608782711e6;940.9774723920075;9.369516305899374e10;1.4229716055713803e7
2.545e-12;7.657797628783746e-6;1.162896063745763e-9;6.937214608876406e6;940.9774724062372;9.352548266983566e10;1.4202571147593563e7
2.5460000000000003e-12;7.664734843392623e-6;1.163837041218169e-9;6.9372146089699315e6;940.9774724204398;9.335626279621425e10;1.4175503639971932e7
2.5470000000000004e-12;7.671672058001592e-6;1.1647780186905895e-9;6.937214609063288e6;940.9774724346153;9.31875017731731e10;1.4148513239544919e7
2.548e-12;7.678609272610655e-6;1.1657189961630242e-9;6.937214609156475e6;940.9774724487638;9.3019197943273e10;1.4121599654393563e7
2.549e-12;7.685546487219811e-6;1.166659973635473e-9;6.937214609249495e6;940.9774724628854;9.285134965655203e10;1.4094762593976213e7
2.5500000000000002e-12;7.69248370182906e-6;1.1676009511079357e-9;6.937214609342346e6;940.9774724769802;9.268395527048459e10;1.4068001769120675e7
2.5510000000000003e-12;7.699420916438403e-6;1.1685419285804128e-9;6.93721460943503e6;940.9774724910482;9.251701314994124e10;1.4041316892016506e7
2.552e-12;7.706358131047838e-6;1.169482906052904e-9;6.937214609527547e6;940.9774725050895;9.235052166714914e10;1.4014707676207373e7
2.553e-12;7.713295345657365e-6;1.170423883525409e-9;6.937214609619898e6;940.9774725191043;9.218447920165187e10;1.3988173836583374e7
2.5540000000000002e-12;7.720232560266985e-6;1.171364860997928e-9;6.937214609712082e6;940.9774725330924;9.201888414027048e10;1.3961715089373525e7
2.5550000000000003e-12;7.727169774876697e-6;1.172305838470461e-9;6.937214609804101e6;940.9774725470542;9.185373487706392e10;1.3935331152138187e7
2.556e-12;7.734106989486502e-6;1.173246815943008e-9;6.937214609895955e6;940.9774725609894;9.168902981329027e10;1.3909021743761603e7
2.557e-12;7.741044204096398e-6;1.174187793415569e-9;6.937214609987644e6;940.9774725748985;9.152476735736812e10;1.3882786584444506e7
2.5580000000000002e-12;7.747981418706386e-6;1.175128770888144e-9;6.937214610079168e6;940.9774725887812;9.1360945924838e10;1.3856625395696701e7
2.5590000000000003e-12;7.754918633316465e-6;1.1760697483607327e-9;6.937214610170529e6;940.9774726026378;9.119756393832419e10;1.3830537900329752e7
2.5600000000000004e-12;7.761855847926636e-6;1.1770107258333353e-9;6.937214610261727e6;940.9774726164684;9.103461982749695e10;1.3804523822449721e7
2.561e-12;7.768793062536898e-6;1.1779517033059518e-9;6.937214610352762e6;940.9774726302729;9.087211202903424e10;1.3778582887449868e7
2.562e-12;7.77573027714725e-6;1.178892680778582e-9;6.937214610443634e6;940.9774726440515;9.071003898658492e10;1.3752714822003553e7
2.5630000000000003e-12;7.782667491757694e-6;1.179833658251226e-9;6.937214610534344e6;940.9774726578042;9.054839915073111e10;1.3726919354057048e7
2.5640000000000004e-12;7.789604706368229e-6;1.1807746357238839e-9;6.937214610624893e6;940.9774726715311;9.038719097895108e10;1.370119621282242e7
2.565e-12;7.796541920978854e-6;1.1817156131965553e-9;6.93721461071528e6;940.9774726852323;9.022641293558263e10;1.3675545128770536e7
2.566e-12;7.803479135589568e-6;1.1826565906692406e-9;6.937214610805507e6;940.9774726989078;9.006606349178662e10;1.3649965833624048e7
2.5670000000000003e-12;7.810416350200374e-6;1.1835975681419396e-9;6.937214610895573e6;940.9774727125578;8.990614112551012e10;1.362445806035037e7
2.5680000000000004e-12;7.81735356481127e-6;1.1845385456146522e-9;6.937214610985479e6;940.9774727261822;8.974664432145103e10;1.3599021543154886e7
2.569e-12;7.824290779422256e-6;1.1854795230873785e-9;6.937214611075226e6;940.9774727397812;8.958757157102159e10;1.3573656017473979e7
2.57e-12;7.831227994033331e-6;1.1864205005601182e-9;6.937214611164814e6;940.9774727533548;8.942892137231293e10;1.3548361219968254e7
2.5710000000000003e-12;7.838165208644496e-6;1.1873614780328715e-9;6.937214611254243e6;940.9774727669032;8.927069223005962e10;1.3523136888515754e7
2.5720000000000003e-12;7.845102423255751e-6;1.1883024555056385e-9;6.937214611343514e6;940.9774727804264;8.91128826556044e10;1.349798276220522e7
2.573e-12;7.852039637867094e-6;1.189243432978419e-9;6.937214611432627e6;940.9774727939244;8.895549116686328e10;1.3472898581329416e7
2.574e-12;7.858976852478527e-6;1.1901844104512129e-9;6.937214611521582e6;940.9774728073974;8.879851628829056e10;1.3447884087378446e7
2.5750000000000002e-12;7.865914067090048e-6;1.1911253879240202e-9;6.937214611610381e6;940.9774728208453;8.86419565508444e10;1.3422939023033187e7
2.5760000000000003e-12;7.872851281701659e-6;1.192066365396841e-9;6.937214611699023e6;940.9774728342682;8.848581049195236e10;1.3398063132158693e7
2.577e-12;7.879788496313357e-6;1.1930073428696752e-9;6.937214611787509e6;940.9774728476663;8.833007665547719e10;1.3373256159797687e7
2.578e-12;7.886725710925144e-6;1.1939483203425228e-9;6.9372146118758395e6;940.9774728610395;8.817475359168298e10;1.3348517852164079e7
2.5790000000000002e-12;7.893662925537021e-6;1.194889297815384e-9;6.937214611964014e6;940.977472874388;8.80198398572015e10;1.3323847956636539e7
2.5800000000000003e-12;7.900600140148986e-6;1.1958302752882583e-9;6.937214612052035e6;940.9774728877119;8.786533401499866e10;1.3299246221752113e7
2.581e-12;7.907537354761039e-6;1.196771252761146e-9;6.9372146121399e6;940.9774729010111;8.771123463434068e10;1.3274712397199782e7
2.582e-12;7.914474569373178e-6;1.197712230234047e-9;6.937214612227611e6;940.9774729142858;8.755754029076189e10;1.3250246233814282e7
2.583e-12;7.921411783985405e-6;1.1986532077069613e-9;6.937214612315169e6;940.977472927536;8.740424956603094e10;1.3225847483569704e7
2.5840000000000003e-12;7.92834899859772e-6;1.1995941851798887e-9;6.937214612402573e6;940.9774729407619;8.725136104811867e10;1.3201515899573345e7
2.5850000000000004e-12;7.935286213210123e-6;1.2005351626528295e-9;6.937214612489824e6;940.9774729539635;8.709887333116513e10;1.317725123605944e7
2.586e-12;7.942223427822612e-6;1.2014761401257834e-9;6.937214612576923e6;940.9774729671407;8.694678501544766e10;1.3153053248383073e7
2.587e-12;7.949160642435189e-6;1.2024171175987506e-9;6.93721461266387e6;940.9774729802937;8.679509470734872e10;1.3128921693014046e7
2.5880000000000003e-12;7.956097857047853e-6;1.2033580950717308e-9;6.937214612750665e6;940.9774729934226;8.664380101932349e10;1.3104856327530723e7
2.5890000000000004e-12;7.963035071660604e-6;1.2042990725447242e-9;6.937214612837309e6;940.9774730065275;8.649290256986891e10;1.3080856910614133e7
2.59e-12;7.969972286273441e-6;1.2052400500177307e-9;6.937214612923802e6;940.9774730196083;8.63423979834915e10;1.3056923202041835e7
2.591e-12;7.976909500886365e-6;1.2061810274907504e-9;6.937214613010144e6;940.9774730326652;8.619228589067628e10;1.3033054962682026e7
2.5920000000000003e-12;7.983846715499375e-6;1.2071220049637831e-9;6.937214613096336e6;940.9774730456983;8.604256492785567e10;1.3009251954487596e7
2.5930000000000004e-12;7.990783930112471e-6;1.208062982436829e-9;6.937214613182379e6;940.9774730587076;8.589323373737823e10;1.298551394049023e7
2.594e-12;7.997721144725654e-6;1.2090039599098877e-9;6.937214613268272e6;940.9774730716931;8.574429096747842e10;1.29618406847946e7
2.595e-12;8.004658359338922e-6;1.2099449373829593e-9;6.937214613354016e6;940.977473084655;8.559573527224536e10;1.2938231952572485e7
2.5960000000000002e-12;8.011595573952276e-6;1.210885914856044e-9;6.937214613439612e6;940.9774730975932;8.54475653115929e10;1.2914687510057041e7
2.5970000000000003e-12;8.018532788565716e-6;1.2118268923291416e-9;6.93721461352506e6;940.977473110508;8.529977975122926e10;1.2891207124537062e7
2.598e-12;8.025470003179241e-6;1.212767869802252e-9;6.93721461361036e6;940.9774731233991;8.515237726262694e10;1.2867790564351244e7
2.599e-12;8.03240721779285e-6;1.2137088472753754e-9;6.9372146136955125e6;940.9774731362669;8.500535652299286e10;1.2844437598882537e7
2.6000000000000002e-12;8.039344432406547e-6;1.2146498247485117e-9;6.937214613780518e6;940.9774731491113;8.485871621523882e10;1.2821147998552518e7
2.6010000000000003e-12;8.046281647020327e-6;1.215590802221661e-9;6.937214613865376e6;940.9774731619325;8.471245502795175e10;1.2797921534815757e7
2.602e-12;8.053218861634193e-6;1.2165317796948229e-9;6.937214613950089e6;940.9774731747304;8.456657165536472e10;1.277475798015431e7
2.603e-12;8.060156076248143e-6;1.2174727571679977e-9;6.9372146140346555e6;940.9774731875052;8.442106479732745e10;1.2751657108072136e7
2.6040000000000002e-12;8.067093290862178e-6;1.218413734641185e-9;6.937214614119076e6;940.9774732002569;8.427593315927763e10;1.2728618693089642e7
2.6050000000000003e-12;8.074030505476298e-6;1.2193547121143853e-9;6.9372146142033525e6;940.9774732129855;8.413117545221194e10;1.2705642510738205e7
2.606e-12;8.0809677200905e-6;1.2202956895875984e-9;6.9372146142874835e6;940.9774732256911;8.398679039265761e10;1.2682728337554777e7
2.607e-12;8.087904934704788e-6;1.221236667060824e-9;6.93721461437147e6;940.9774732383738;8.384277670264359e10;1.265987595107641e7
2.608e-12;8.09484214931916e-6;1.2221776445340624e-9;6.9372146144553125e6;940.9774732510336;8.369913310967284e10;1.2637085129835019e7
2.6090000000000003e-12;8.101779363933615e-6;1.2231186220073135e-9;6.937214614539011e6;940.9774732636707;8.355585834669374e10;1.2614355653351972e7
2.6100000000000004e-12;8.108716578548155e-6;1.2240595994805772e-9;6.937214614622567e6;940.9774732762851;8.341295115207237e10;1.2591687302132817e7
2.611e-12;8.115653793162777e-6;1.2250005769538535e-9;6.93721461470598e6;940.9774732888768;8.327041026956468e10;1.2569079857662043e7
2.612e-12;8.122591007777483e-6;1.2259415544271425e-9;6.93721461478925e6;940.9774733014459;8.312823444828899e10;1.2546533102397854e7
2.6130000000000003e-12;8.129528222392272e-6;1.2268825319004438e-9;6.937214614872378e6;940.9774733139924;8.298642244269823e10;1.2524046819766926e7
2.6140000000000004e-12;8.136465437007144e-6;1.2278235093737578e-9;6.937214614955365e6;940.9774733265165;8.284497301255315e10;1.2501620794159338e7
2.615e-12;8.143402651622098e-6;1.2287644868470844e-9;6.93721461503821e6;940.977473339018;8.270388492289471e10;1.2479254810923351e7
2.616e-12;8.150339866237136e-6;1.2297054643204234e-9;6.937214615120914e6;940.9774733514973;8.256315694401749e10;1.2456948656360364e7
2.6170000000000003e-12;8.157277080852257e-6;1.2306464417937748e-9;6.937214615203477e6;940.9774733639542;8.242278785144266e10;1.2434702117719838e7
2.6180000000000004e-12;8.164214295467461e-6;1.2315874192671388e-9;6.9372146152859e6;940.977473376389;8.228277642589154e10;1.2412514983194271e7
2.619e-12;8.171151510082746e-6;1.2325283967405153e-9;6.937214615368183e6;940.9774733888015;8.214312145325896e10;1.239038704191417e7
2.62e-12;8.178088724698114e-6;1.233469374213904e-9;6.937214615450326e6;940.9774734011919;8.200382172458693e10;1.2368318083943093e7
2.6210000000000002e-12;8.185025939313565e-6;1.2344103516873053e-9;6.93721461553233e6;940.9774734135602;8.186487603603867e10;1.2346307900272712e7
2.6220000000000003e-12;8.191963153929098e-6;1.235351329160719e-9;6.937214615614195e6;940.9774734259065;8.172628318887239e10;1.2324356282817902e7
2.623e-12;8.198900368544712e-6;1.2362923066341448e-9;6.937214615695922e6;940.9774734382308;8.15880419894157e10;1.2302463024411874e7
2.624e-12;8.205837583160407e-6;1.237233284107583e-9;6.937214615777509e6;940.9774734505334;8.145015124903947e10;1.2280627918801276e7
2.6250000000000002e-12;8.212774797776185e-6;1.2381742615810336e-9;6.937214615858959e6;940.977473462814;8.131260978413264e10;1.2258850760641407e7
2.6260000000000003e-12;8.219712012392044e-6;1.2391152390544964e-9;6.937214615940272e6;940.9774734750729;8.117541641607675e10;1.2237131345491443e7
2.627e-12;8.226649227007985e-6;1.2400562165279715e-9;6.937214616021447e6;940.97747348731;8.103856997122067e10;1.221546946980965e7
2.628e-12;8.233586441624007e-6;1.2409971940014588e-9;6.937214616102486e6;940.9774734995254;8.090206928085551e10;1.2193864930948656e7
2.6290000000000002e-12;8.240523656240109e-6;1.2419381714749582e-9;6.937214616183388e6;940.9774735117193;8.076591318118959e10;1.2172317527150746e7
2.6300000000000003e-12;8.247460870856292e-6;1.24287914894847e-9;6.937214616264154e6;940.9774735238916;8.063010051332367e10;1.2150827057543185e7
2.6310000000000004e-12;8.254398085472556e-6;1.2438201264219938e-9;6.937214616344784e6;940.9774735360425;8.04946301232263e10;1.2129393322133573e7
2.632e-12;8.261335300088902e-6;1.2447611038955298e-9;6.937214616425279e6;940.9774735481718;8.035950086170949e10;1.2108016121805254e7
2.633e-12;8.268272514705327e-6;1.2457020813690781e-9;6.937214616505638e6;940.9774735602798;8.02247115844039e10;1.208669525831268e7
2.6340000000000003e-12;8.275209729321832e-6;1.2466430588426384e-9;6.937214616585863e6;940.9774735723665;8.00902611517351e10;1.2065430534276886e7
2.6350000000000004e-12;8.282146943938418e-6;1.2475840363162109e-9;6.937214616665953e6;940.977473584432;7.995614842889915e10;1.204422175318093e7
2.636e-12;8.289084158555084e-6;1.2485250137897953e-9;6.937214616745909e6;940.9774735964762;7.982237228583885e10;1.2023068719365427e7
2.637e-12;8.29602137317183e-6;1.2494659912633918e-9;6.9372146168257315e6;940.9774736084993;7.968893159721962e10;1.2001971238023996e7
2.6380000000000003e-12;8.302958587788654e-6;1.2504069687370002e-9;6.93721461690542e6;940.9774736205012;7.955582524240634e10;1.19809291151989e7
2.6390000000000004e-12;8.309895802405559e-6;1.2513479462106207e-9;6.9372146169849755e6;940.9774736324821;7.942305210543942e10;1.1959942157776562e7
2.64e-12;8.316833017022543e-6;1.2522889236842531e-9;6.937214617064399e6;940.9774736444421;7.929061107501152e10;1.1939010173483174e7
2.641e-12;8.323770231639607e-6;1.2532299011578975e-9;6.93721461714369e6;940.9774736563811;7.915850104444438e10;1.1918132970880348e7
2.6420000000000003e-12;8.33070744625675e-6;1.254170878631554e-9;6.937214617222848e6;940.9774736682992;7.902672091166553e10;1.1897310359360747e7
2.6430000000000004e-12;8.337644660873974e-6;1.2551118561052222e-9;6.937214617301875e6;940.9774736801966;7.889526957918547e10;1.1876542149143778e7
2.644e-12;8.344581875491275e-6;1.2560528335789024e-9;6.93721461738077e6;940.9774736920731;7.876414595407475e10;1.1855828151271313e7
2.645e-12;8.351519090108656e-6;1.2569938110525944e-9;6.937214617459534e6;940.9774737039289;7.863334894794131e10;1.18351681776034e7
2.6460000000000002e-12;8.358456304726116e-6;1.2579347885262984e-9;6.937214617538167e6;940.9774737157641;7.850287747690767e10;1.1814562040814016e7
2.6470000000000003e-12;8.365393519343654e-6;1.2588757660000142e-9;6.93721461761667e6;940.9774737275786;7.837273046158897e10;1.1794009554386918e7
2.648e-12;8.37233073396127e-6;1.2598167434737417e-9;6.937214617695043e6;940.9774737393726;7.824290682706996e10;1.1773510532611342e7
2.649e-12;8.379267948578966e-6;1.260757720947481e-9;6.937214617773286e6;940.9774737511461;7.811340550288336e10;1.1753064790577937e7
2.6500000000000002e-12;8.38620516319674e-6;1.2616986984212322e-9;6.9372146178514e6;940.9774737628992;7.798422542298769e10;1.1732672144174593e7
2.6510000000000003e-12;8.393142377814592e-6;1.2626396758949951e-9;6.937214617929384e6;940.9774737746319;7.785536552574504e10;1.1712332410082303e7
2.652e-12;8.400079592432521e-6;1.2635806533687699e-9;6.93721461800724e6;940.9774737863443;7.772682475389963e10;1.1692045405771116e7
2.653e-12;8.407016807050529e-6;1.2645216308425562e-9;6.937214618084967e6;940.9774737980363;7.759860205455576e10;1.1671810949496016e7
2.6540000000000002e-12;8.413954021668614e-6;1.2654626083163542e-9;6.937214618162566e6;940.977473809708;7.747069637915672e10;1.1651628860292956e7
2.6550000000000003e-12;8.420891236286778e-6;1.266403585790164e-9;6.937214618240037e6;940.9774738213597;7.734310668346281e10;1.163149895797477e7
2.6560000000000004e-12;8.427828450905017e-6;1.2673445632639854e-9;6.937214618317381e6;940.9774738329912;7.721583192753058e10;1.161142106312724e7
2.657e-12;8.434765665523335e-6;1.2682855407378184e-9;6.9372146183945965e6;940.9774738446026;7.708887107569098e10;1.1591394997105058e7
2.658e-12;8.441702880141728e-6;1.269226518211663e-9;6.937214618471686e6;940.977473856194;7.696222309652902e10;1.1571420582027966e7
2.6590000000000003e-12;8.4486400947602e-6;1.2701674956855192e-9;6.937214618548648e6;940.9774738677654;7.683588696286227e10;1.155149764077676e7
2.6600000000000004e-12;8.455577309378748e-6;1.271108473159387e-9;6.937214618625484e6;940.9774738793169;7.670986165172028e10;1.1531625996989438e7
2.661e-12;8.462514523997374e-6;1.2720494506332663e-9;6.937214618702195e6;940.9774738908485;7.658414614432387e10;1.1511805475057306e7
2.662e-12;8.469451738616076e-6;1.2729904281071572e-9;6.937214618778779e6;940.9774739023603;7.645873942606439e10;1.1492035900121132e7
2.6630000000000003e-12;8.476388953234854e-6;1.2739314055810596e-9;6.937214618855238e6;940.9774739138524;7.633364048648344e10;1.1472317098067315e7
2.6640000000000004e-12;8.483326167853709e-6;1.2748723830549734e-9;6.937214618931572e6;940.9774739253247;7.62088483192524e10;1.1452648895524079e7
2.665e-12;8.49026338247264e-6;1.2758133605288987e-9;6.937214619007781e6;940.9774739367774;7.608436192215218e10;1.1433031119857697e7
2.666e-12;8.497200597091647e-6;1.2767543380028355e-9;6.937214619083866e6;940.9774739482104;7.596018029705318e10;1.1413463599168714e7
2.6670000000000002e-12;8.50413781171073e-6;1.2776953154767838e-9;6.937214619159826e6;940.9774739596239;7.58363024498953e10;1.1393946162288237e7
2.6680000000000003e-12;8.51107502632989e-6;1.2786362929507433e-9;6.937214619235663e6;940.9774739710178;7.571272739066779e10;1.1374478638774175e7
2.669e-12;8.518012240949125e-6;1.2795772704247143e-9;6.937214619311376e6;940.9774739823923;7.558945413338986e10;1.135506085890759e7
2.67e-12;8.524949455568437e-6;1.2805182478986966e-9;6.937214619386965e6;940.9774739937474;7.546648169609079e10;1.1335692653689008e7
2.6710000000000002e-12;8.531886670187823e-6;1.2814592253726904e-9;6.937214619462432e6;940.9774740050831;7.534380910079027e10;1.1316373854834747e7
2.6720000000000003e-12;8.538823884807286e-6;1.2824002028466954e-9;6.937214619537776e6;940.9774740163995;7.522143537347923e10;1.1297104294773316e7
2.673e-12;8.545761099426823e-6;1.283341180320712e-9;6.937214619612997e6;940.9774740276965;7.509935954410031e10;1.1277883806641802e7
2.674e-12;8.552698314046437e-6;1.2842821577947395e-9;6.937214619688096e6;940.9774740389744;7.497758064652873e10;1.1258712224282274e7
2.6750000000000002e-12;8.559635528666125e-6;1.2852231352687785e-9;6.937214619763074e6;940.9774740502331;7.485609771855304e10;1.1239589382238219e7
2.6760000000000003e-12;8.566572743285887e-6;1.2861641127428287e-9;6.93721461983793e6;940.9774740614727;7.473490980185628e10;1.1220515115751e7
2.6770000000000004e-12;8.573509957905724e-6;1.2871050902168902e-9;6.937214619912665e6;940.9774740726932;7.4614015941997e10;1.1201489260756344e7
2.678e-12;8.580447172525638e-6;1.288046067690963e-9;6.937214619987279e6;940.9774740838947;7.449341518839046e10;1.118251165388081e7
2.679e-12;8.587384387145626e-6;1.2889870451650468e-9;6.937214620061773e6;940.9774740950771;7.437310659428995e10;1.116358213243834e7
2.6800000000000003e-12;8.594321601765688e-6;1.2899280226391419e-9;6.937214620136146e6;940.9774741062407;7.425308921676836e10;1.1144700534426792e7
2.6810000000000004e-12;8.601258816385825e-6;1.290869000113248e-9;6.9372146202104e6;940.9774741173854;7.413336211669928e10;1.1125866698524456e7
2.682e-12;8.608196031006035e-6;1.2918099775873654e-9;6.937214620284533e6;940.9774741285113;7.40139243587392e10;1.1107080464086708e7
2.683e-12;8.615133245626319e-6;1.292750955061494e-9;6.937214620358547e6;940.9774741396184;7.389477501130882e10;1.108834167114253e7
2.6840000000000003e-12;8.622070460246678e-6;1.2936919325356337e-9;6.937214620432442e6;940.9774741507067;7.377591314657497e10;1.1069650160391172e7
2.6850000000000004e-12;8.62900767486711e-6;1.2946329100097843e-9;6.937214620506218e6;940.9774741617764;7.365733784043271e10;1.1051005773198802e7
2.686e-12;8.635944889487616e-6;1.2955738874839462e-9;6.937214620579875e6;940.9774741728274;7.353904817248718e10;1.1032408351595124e7
2.687e-12;8.642882104108195e-6;1.296514864958119e-9;6.937214620653414e6;940.9774741838598;7.342104322603587e10;1.1013857738270087e7
2.6880000000000003e-12;8.649819318728849e-6;1.297455842432303e-9;6.937214620726835e6;940.9774741948737;7.330332208805064e10;1.0995353776570557e7
2.6890000000000004e-12;8.656756533349575e-6;1.2983968199064979e-9;6.937214620800138e6;940.977474205869;7.318588384916054e10;1.0976896310497072e7
2.69e-12;8.663693747970375e-6;1.2993377973807037e-9;6.937214620873325e6;940.977474216846;7.306872760363368e10;1.0958485184700537e7
2.691e-12;8.670630962591248e-6;1.3002787748549206e-9;6.937214620946393e6;940.9774742278045;7.295185244936005e10;1.0940120244478984e7
2.6920000000000002e-12;8.677568177212195e-6;1.3012197523291484e-9;6.937214621019345e6;940.9774742387445;7.283525748783415e10;1.0921801335774368e7
2.6930000000000003e-12;8.684505391833215e-6;1.3021607298033872e-9;6.93721462109218e6;940.9774742496663;7.271894182413773e10;1.0903528305169344e7
2.694e-12;8.691442606454307e-6;1.3031017072776369e-9;6.937214621164898e6;940.9774742605698;7.260290456692256e10;1.0885300999884076e7
2.695e-12;8.698379821075472e-6;1.3040426847518974e-9;6.9372146212375015e6;940.9774742714551;7.248714482839336e10;1.0867119267773064e7
2.6960000000000002e-12;8.70531703569671e-6;1.3049836622261688e-9;6.937214621309988e6;940.9774742823222;7.237166172429082e10;1.0848982957322e7
2.6970000000000003e-12;8.71225425031802e-6;1.3059246397004512e-9;6.937214621382359e6;940.9774742931712;7.225645437387473e10;1.0830891917644622e7
2.698e-12;8.719191464939402e-6;1.3068656171747443e-9;6.937214621454616e6;940.9774743040022;7.214152189990724e10;1.0812845998479614e7
2.699e-12;8.726128679560857e-6;1.3078065946490482e-9;6.937214621526757e6;940.977474314815;7.20268634286361e10;1.0794845050187493e7
2.7000000000000002e-12;8.733065894182383e-6;1.3087475721233631e-9;6.937214621598784e6;940.9774743256098;7.191247808977795e10;1.0776888923747528e7
2.7010000000000003e-12;8.740003108803982e-6;1.3096885495976887e-9;6.937214621670696e6;940.9774743363868;7.179836501650198e10;1.0758977470754681e7
2.7020000000000004e-12;8.746940323425652e-6;1.310629527072025e-9;6.937214621742494e6;940.9774743471457;7.168452334541348e10;1.0741110543416569e7
2.703e-12;8.753877538047395e-6;1.3115705045463722e-9;6.937214621814179e6;940.9774743578869;7.157095221653745e10;1.0723287994550433e7
2.704e-12;8.760814752669209e-6;1.31251148202073e-9;6.93721462188575e6;940.9774743686102;7.145765077330237e10;1.0705509677580114e7
2.7050000000000003e-12;8.767751967291094e-6;1.3134524594950987e-9;6.937214621957208e6;940.9774743793157;7.134461816252406e10;1.0687775446533088e7
2.7060000000000004e-12;8.77468918191305e-6;1.3143934369694781e-9;6.937214622028553e6;940.9774743900035;7.123185353438962e10;1.0670085156037452e7
2.707e-12;8.78162639653508e-6;1.315334414443868e-9;6.937214622099785e6;940.9774744006736;7.111935604244139e10;1.0652438661318984e7
2.708e-12;8.78856361115718e-6;1.3162753919182687e-9;6.937214622170905e6;940.977474411326;7.10071248435612e10;1.063483581819823e7
2.7090000000000003e-12;8.795500825779351e-6;1.31721636939268e-9;6.9372146222419115e6;940.9774744219609;7.089515909795456e10;1.0617276483087536e7
2.7100000000000004e-12;8.802438040401594e-6;1.318157346867102e-9;6.937214622312807e6;940.9774744325782;7.07834579691348e10;1.0599760512988165e7
2.711e-12;8.809375255023906e-6;1.3190983243415345e-9;6.93721462238359e6;940.9774744431779;7.067202062390752e10;1.0582287765487382e7
2.712e-12;8.81631246964629e-6;1.3200393018159775e-9;6.937214622454262e6;940.9774744537602;7.056084623235518e10;1.0564858098755611e7
2.7130000000000003e-12;8.823249684268744e-6;1.3209802792904314e-9;6.937214622524823e6;940.977474464325;7.044993396782137e10;1.0547471371543538e7
2.7140000000000004e-12;8.83018689889127e-6;1.3219212567648957e-9;6.937214622595273e6;940.9774744748726;7.033928300689575e10;1.0530127443179304e7
2.715e-12;8.837124113513865e-6;1.3228622342393707e-9;6.937214622665612e6;940.9774744854027;7.02288925293987e10;1.0512826173565684e7
2.716e-12;8.84406132813653e-6;1.3238032117138561e-9;6.937214622735841e6;940.9774744959155;7.011876171836578e10;1.0495567423177218e7
2.7170000000000002e-12;8.850998542759266e-6;1.3247441891883522e-9;6.93721462280596e6;940.9774745064111;7.00088897600332e10;1.0478351053057497e7
2.7180000000000003e-12;8.857935757382073e-6;1.3256851666628585e-9;6.937214622875968e6;940.9774745168895;6.989927584382224e10;1.0461176924816307e7
2.719e-12;8.86487297200495e-6;1.3266261441373754e-9;6.9372146229458675e6;940.9774745273506;6.978991916232468e10;1.0444044900626943e7
2.72e-12;8.871810186627895e-6;1.3275671216119029e-9;6.937214623015657e6;940.9774745377947;6.968081891128761e10;1.042695484322339e7
2.7210000000000002e-12;8.87874740125091e-6;1.3285080990864406e-9;6.937214623085338e6;940.9774745482216;6.95719742895991e10;1.0409906615897661e7
2.7220000000000003e-12;8.885684615873995e-6;1.3294490765609888e-9;6.937214623154909e6;940.9774745586316;6.946338449927295e10;1.0392900082497017e7
2.7230000000000004e-12;8.892621830497149e-6;1.3303900540355475e-9;6.937214623224373e6;940.9774745690245;6.935504874543445e10;1.0375935107421316e7
2.724e-12;8.899559045120373e-6;1.3313310315101165e-9;6.937214623293728e6;940.9774745794005;6.924696623630563e10;1.0359011555620287e7
2.7250000000000002e-12;8.906496259743666e-6;1.3322720089846958e-9;6.937214623362974e6;940.9774745897595;6.913913618319102e10;1.0342129292590914e7
2.7260000000000003e-12;8.913433474367028e-6;1.3332129864592855e-9;6.937214623432114e6;940.9774746001016;6.903155780046294e10;1.0325288184374718e7
2.7270000000000004e-12;8.92037068899046e-6;1.3341539639338855e-9;6.937214623501145e6;940.9774746104268;6.892423030554742e10;1.0308488097555168e7
2.728e-12;8.927307903613961e-6;1.335094941408496e-9;6.93721462357007e6;940.9774746207353;6.88171529189101e10;1.0291728899255045e7
2.729e-12;8.934245118237532e-6;1.3360359188831166e-9;6.937214623638887e6;940.977474631027;6.871032486404156e10;1.0275010457133796e7
2.7300000000000003e-12;8.94118233286117e-6;1.3369768963577477e-9;6.937214623707597e6;940.977474641302;6.860374536744382e10;1.0258332639384998e7
2.7310000000000004e-12;8.948119547484879e-6;1.337917873832389e-9;6.937214623776201e6;940.9774746515603;6.849741365861595e10;1.0241695314733721e7
2.732e-12;8.955056762108655e-6;1.3388588513070406e-9;6.937214623844699e6;940.977474661802;6.8391328970040436e10;1.0225098352434011e7
2.733e-12;8.9619939767325e-6;1.3397998287817025e-9;6.937214623913091e6;940.9774746720271;6.828549053716899e10;1.0208541622266296e7
2.7340000000000003e-12;8.968931191356413e-6;1.3407408062563745e-9;6.937214623981376e6;940.9774746822357;6.817989759840912e10;1.0192024994534884e7
2.7350000000000004e-12;8.975868405980394e-6;1.3416817837310568e-9;6.937214624049556e6;940.9774746924277;6.807454939511017e10;1.0175548340065408e7
2.736e-12;8.982805620604444e-6;1.3426227612057493e-9;6.9372146241176305e6;940.9774747026032;6.796944517154983e10;1.0159111530202342e7
2.737e-12;8.989742835228562e-6;1.3435637386804519e-9;6.9372146241856e6;940.9774747127623;6.7864584174920586e10;1.01427144368065e7
2.7380000000000002e-12;8.996680049852748e-6;1.3445047161551646e-9;6.937214624253465e6;940.977474722905;6.7759965655316086e10;1.0126356932252536e7
2.7390000000000003e-12;9.003617264477001e-6;1.3454456936298875e-9;6.937214624321225e6;940.9774747330313;6.7655588865718025e10;1.0110038889426518e7
2.74e-12;9.010554479101322e-6;1.3463866711046205e-9;6.937214624388881e6;940.9774747431413;6.755145306198245e10;1.0093760181723423e7
2.741e-12;9.017491693725711e-6;1.3473276485793636e-9;6.937214624456433e6;940.9774747532351;6.744755750282681e10;1.0077520683044747e7
2.7420000000000002e-12;9.024428908350168e-6;1.348268626054117e-9;6.93721462452388e6;940.9774747633127;6.734390144981659e10;1.0061320267796041e7
2.7430000000000003e-12;9.031366122974693e-6;1.3492096035288803e-9;6.937214624591224e6;940.977474773374;6.724048416735222e10;1.0045158810884524e7
2.744e-12;9.038303337599284e-6;1.3501505810036536e-9;6.937214624658464e6;940.9774747834191;6.713730492265604e10;1.0029036187716663e7
2.745e-12;9.045240552223942e-6;1.351091558478437e-9;6.937214624725602e6;940.9774747934481;6.703436298575933e10;1.0012952274195803e7
2.7460000000000002e-12;9.052177766848668e-6;1.3520325359532305e-9;6.937214624792636e6;940.9774748034611;6.6931657629489426e10;9.9969069467198e6
2.7470000000000003e-12;9.05911498147346e-6;1.352973513428034e-9;6.937214624859568e6;940.977474813458;6.682918812945672e10;9.98090008217863e6
2.7480000000000004e-12;9.06605219609832e-6;1.3539144909028475e-9;6.937214624926397e6;940.9774748234389;6.672695376404215e10;9.964931557952087e6
2.749e-12;9.072989410723246e-6;1.3548554683776708e-9;6.937214624993124e6;940.9774748334038;6.662495381438428e10;9.949001251907416e6
2.75e-12;9.07992662534824e-6;1.3557964458525043e-9;6.937214625059749e6;940.9774748433528;6.652318756436671e10;9.933109042397004e6
2.7510000000000003e-12;9.0868638399733e-6;1.3567374233273478e-9;6.937214625126272e6;940.9774748532859;6.642165430060564e10;9.917254808256082e6
2.7520000000000004e-12;9.093801054598426e-6;1.3576784008022011e-9;6.937214625192694e6;940.9774748632032;6.632035331243707e10;9.901438428800406e6
2.753e-12;9.100738269223618e-6;1.3586193782770644e-9;6.937214625259015e6;940.9774748731046;6.621928389190474e10;9.885659783824012e6
2.754e-12;9.107675483848878e-6;1.3595603557519374e-9;6.937214625325234e6;940.9774748829902;6.6118445333747444e10;9.869918753596893e6
2.7550000000000003e-12;9.114612698474204e-6;1.3605013332268203e-9;6.937214625391352e6;940.9774748928602;6.601783693538702e10;9.854215218862826e6
2.7560000000000004e-12;9.121549913099596e-6;1.3614423107017132e-9;6.93721462545737e6;940.9774749027144;6.5917457996915695e10;9.83854906083702e6
2.757e-12;9.128487127725054e-6;1.362383288176616e-9;6.937214625523287e6;940.977474912553;6.581730782108445e10;9.82292016120399e6
2.758e-12;9.135424342350578e-6;1.3633242656515285e-9;6.937214625589104e6;940.9774749223759;6.57173857132904e10;9.807328402115254e6
2.7590000000000003e-12;9.142361556976166e-6;1.364265243126451e-9;6.937214625654822e6;940.9774749321832;6.561769098156519e10;9.791773666187193e6
2.7600000000000004e-12;9.14929877160182e-6;1.365206220601383e-9;6.9372146257204395e6;940.977474941975;6.551822293656259e10;9.776255836498784e6
2.761e-12;9.156235986227541e-6;1.3661471980763251e-9;6.937214625785958e6;940.9774749517512;6.54189808915469e10;9.760774796589483e6
2.762e-12;9.163173200853328e-6;1.367088175551277e-9;6.937214625851377e6;940.977474961512;6.531996416238102e10;9.745330430457028e6
2.7630000000000002e-12;9.170110415479179e-6;1.3680291530262384e-9;6.937214625916697e6;940.9774749712574;6.522117206751456e10;9.729922622555261e6
2.7640000000000003e-12;9.177047630105096e-6;1.3689701305012097e-9;6.937214625981919e6;940.9774749809873;6.512260392797223e10;9.71455125779202e6
2.765e-12;9.183984844731078e-6;1.3699111079761906e-9;6.937214626047041e6;940.9774749907018;6.502425906734211e10;9.699216221526967e6
2.766e-12;9.190922059357125e-6;1.3708520854511813e-9;6.937214626112065e6;940.977475000401;6.492613681176401e10;9.683917399569478e6
2.7670000000000002e-12;9.197859273983237e-6;1.3717930629261817e-9;6.9372146261769915e6;940.977475010085;6.482823648991811e10;9.668654678176554e6
2.7680000000000003e-12;9.204796488609413e-6;1.3727340404011918e-9;6.93721462624182e6;940.9774750197536;6.473055743301323e10;9.653427944050675e6
2.769e-12;9.211733703235656e-6;1.3736750178762116e-9;6.937214626306551e6;940.977475029407;6.463309897477549e10;9.638237084337736e6
2.77e-12;9.218670917861963e-6;1.374615995351241e-9;6.937214626371183e6;940.9774750390452;6.4535860451437096e10;9.623081986624978e6
2.7710000000000002e-12;9.225608132488334e-6;1.37555697282628e-9;6.937214626435719e6;940.9774750486683;6.44388412017249e10;9.60796253893891e6
2.7720000000000003e-12;9.232545347114769e-6;1.3764979503013286e-9;6.937214626500159e6;940.9774750582764;6.4342040566849075e10;9.592878629743244e6
2.7730000000000004e-12;9.239482561741269e-6;1.3774389277763869e-9;6.937214626564501e6;940.9774750678692;6.424545789049214e10;9.577830147936871e6
2.774e-12;9.246419776367833e-6;1.3783799052514547e-9;6.937214626628746e6;940.977475077447;6.414909251879774e10;9.56281698285182e6
2.775e-12;9.253356990994462e-6;1.3793208827265322e-9;6.937214626692896e6;940.9774750870098;6.405294380035955e10;9.547839024251234e6
2.7760000000000003e-12;9.260294205621155e-6;1.3802618602016192e-9;6.937214626756948e6;940.9774750965577;6.395701108621021e10;9.53289616232735e6
2.7770000000000004e-12;9.267231420247912e-6;1.3812028376767158e-9;6.937214626820905e6;940.9774751060905;6.386129372981055e10;9.517988287699517e6
2.778e-12;9.274168634874734e-6;1.3821438151518218e-9;6.937214626884767e6;940.9774751156085;6.376579108703858e10;9.503115291412206e6
2.779e-12;9.281105849501618e-6;1.3830847926269374e-9;6.937214626948533e6;940.9774751251116;6.367050251617867e10;9.488277064933017e6
2.7800000000000003e-12;9.288043064128567e-6;1.3840257701020625e-9;6.937214627012203e6;940.9774751345999;6.3575427377910706e10;9.473473500150712e6
2.7810000000000004e-12;9.294980278755579e-6;1.3849667475771971e-9;6.937214627075779e6;940.9774751440734;6.348056503529959e10;9.458704489373293e6
2.782e-12;9.301917493382654e-6;1.3859077250523412e-9;6.93721462713926e6;940.9774751535322;6.338591485378421e10;9.443969925325988e6
2.783e-12;9.308854708009793e-6;1.3868487025274948e-9;6.937214627202646e6;940.9774751629761;6.329147620116722e10;9.42926970114939e6
2.7840000000000003e-12;9.315791922636996e-6;1.3877896800026578e-9;6.937214627265938e6;940.9774751724054;6.3197248447604164e10;9.41460371039747e6
2.7850000000000004e-12;9.322729137264261e-6;1.3887306574778302e-9;6.937214627329135e6;940.9774751818201;6.310323096559326e10;9.399971847035725e6
2.786e-12;9.329666351891591e-6;1.389671634953012e-9;6.937214627392239e6;940.97747519122;6.300942312996457e10;9.385374005439186e6
2.787e-12;9.336603566518984e-6;1.3906126124282032e-9;6.9372146274552485e6;940.9774752006055;6.2915824317870094e10;9.37081008039063e6
2.7880000000000002e-12;9.34354078114644e-6;1.3915535899034038e-9;6.937214627518164e6;940.9774752099763;6.2822433908772964e10;9.356279967078598e6
2.7890000000000003e-12;9.350477995773957e-6;1.3924945673786137e-9;6.937214627580986e6;940.9774752193326;6.2729251284437546e10;9.341783561095592e6
2.79e-12;9.357415210401538e-6;1.393435544853833e-9;6.937214627643716e6;940.9774752286744;6.2636275828918915e10;9.327320758436168e6
2.791e-12;9.364352425029181e-6;1.3943765223290617e-9;6.937214627706352e6;940.9774752380017;6.25435069285528e10;9.312891455495095e6
2.7920000000000002e-12;9.371289639656887e-6;1.3953174998042997e-9;6.937214627768896e6;940.9774752473146;6.245094397194548e10;9.29849554906552e6
2.7930000000000003e-12;9.378226854284656e-6;1.396258477279547e-9;6.937214627831346e6;940.977475256613;6.235858634996373e10;9.284132936337126e6
2.7940000000000004e-12;9.385164068912487e-6;1.3971994547548037e-9;6.937214627893705e6;940.9774752658972;6.226643345572464e10;9.269803514894307e6
2.795e-12;9.392101283540382e-6;1.3981404322300696e-9;6.937214627955971e6;940.977475275167;6.217448468458583e10;9.25550718271435e6
2.7960000000000002e-12;9.399038498168338e-6;1.3990814097053448e-9;6.937214628018145e6;940.9774752844224;6.208273943413553e10;9.241243838165656e6
2.7970000000000003e-12;9.405975712796356e-6;1.4000223871806293e-9;6.937214628080228e6;940.9774752936637;6.199119710418247e10;9.227013380005894e6
2.7980000000000004e-12;9.412912927424436e-6;1.400963364655923e-9;6.93721462814222e6;940.9774753028908;6.189985709674642e10;9.212815707380274e6
2.799e-12;9.419850142052578e-6;1.4019043421312259e-9;6.937214628204119e6;940.9774753121036;6.180871881604807e10;9.198650719819717e6
2.8e-12;9.426787356680782e-6;1.402845319606538e-9;6.9372146282659285e6;940.9774753213022;6.171778166849961e10;9.18451831723913e6
2.8010000000000003e-12;9.433724571309049e-6;1.4037862970818592e-9;6.937214628327646e6;940.9774753304868;6.162704506269486e10;9.170418399935622e6
2.8020000000000004e-12;9.440661785937376e-6;1.4047272745571897e-9;6.937214628389274e6;940.9774753396572;6.153650840939986e10;9.156350868586795e6
2.803e-12;9.447599000565765e-6;1.4056682520325294e-9;6.93721462845081e6;940.9774753488135;6.1446171121543e10;9.142315624248937e6
2.804e-12;9.454536215194217e-6;1.4066092295078782e-9;6.937214628512256e6;940.9774753579559;6.135603261420582e10;9.128312568355363e6
2.8050000000000003e-12;9.461473429822729e-6;1.4075502069832362e-9;6.937214628573612e6;940.9774753670841;6.126609230461334e10;9.114341602714648e6
2.8060000000000004e-12;9.468410644451302e-6;1.4084911844586032e-9;6.937214628634878e6;940.9774753761985;6.1176349612124756e10;9.100402629508954e6
2.807e-12;9.475347859079937e-6;1.4094321619339794e-9;6.937214628696055e6;940.9774753852989;6.108680395822398e10;9.086495551292293e6
2.808e-12;9.482285073708632e-6;1.4103731394093646e-9;6.9372146287571415e6;940.9774753943855;6.099745476651034e10;9.072620270988844e6
2.8090000000000002e-12;9.489222288337389e-6;1.411314116884759e-9;6.937214628818139e6;940.9774754034581;6.090830146268931e10;9.058776691891287e6
2.8100000000000003e-12;9.496159502966206e-6;1.4122550943601624e-9;6.937214628879048e6;940.9774754125169;6.081934347456337e10;9.044964717659112e6
2.811e-12;9.503096717595084e-6;1.4131960718355749e-9;6.937214628939867e6;940.9774754215618;6.073058023202267e10;9.031184252316952e6
2.812e-12;9.510033932224024e-6;1.4141370493109965e-9;6.937214629000598e6;940.977475430593;6.064201116703597e10;9.017435200252935e6
2.8130000000000002e-12;9.516971146853024e-6;1.415078026786427e-9;6.93721462906124e6;940.9774754396104;6.055363571364159e10;9.003717466217028e6
2.8140000000000003e-12;9.523908361482085e-6;1.4160190042618667e-9;6.937214629121793e6;940.9774754486142;6.046545330793834e10;8.990030955319403e6
2.815e-12;9.530845576111207e-6;1.4169599817373152e-9;6.937214629182259e6;940.9774754576042;6.037746338807645e10;8.976375573028797e6
2.816e-12;9.537782790740389e-6;1.4179009592127728e-9;6.937214629242636e6;940.9774754665806;6.0289665394248764e10;8.962751225170908e6
2.8170000000000002e-12;9.544720005369632e-6;1.4188419366882393e-9;6.937214629302926e6;940.9774754755433;6.020205876868172e10;8.949157817926759e6
2.8180000000000003e-12;9.551657219998935e-6;1.419782914163715e-9;6.937214629363128e6;940.9774754844925;6.011464295562648e10;8.935595257831093e6
2.8190000000000004e-12;9.558594434628298e-6;1.4207238916391994e-9;6.937214629423243e6;940.9774754934281;6.002741740135032e10;8.92206345177081e6
2.82e-12;9.565531649257722e-6;1.4216648691146928e-9;6.93721462948327e6;940.9774755023501;5.994038155412751e10;8.908562306983331e6
2.821e-12;9.572468863887205e-6;1.422605846590195e-9;6.93721462954321e6;940.9774755112587;5.9853534864230934e10;8.89509173105505e6
2.8220000000000003e-12;9.579406078516747e-6;1.4235468240657063e-9;6.937214629603064e6;940.9774755201538;5.976687678392321e10;8.881651631919755e6
2.8230000000000004e-12;9.58634329314635e-6;1.4244878015412263e-9;6.93721462966283e6;940.9774755290355;5.968040676744807e10;8.868241917857045e6
2.824e-12;9.593280507776013e-6;1.4254287790167553e-9;6.93721462972251e6;940.9774755379037;5.95941242710219e10;8.85486249749082e6
2.825e-12;9.600217722405735e-6;1.4263697564922931e-9;6.937214629782105e6;940.9774755467586;5.950802875282494e10;8.841513279787675e6
2.8260000000000003e-12;9.607154937035517e-6;1.4273107339678399e-9;6.937214629841613e6;940.9774755556001;5.942211967299313e10;8.828194174055412e6
2.8270000000000004e-12;9.614092151665359e-6;1.4282517114433955e-9;6.937214629901035e6;940.9774755644283;5.933639649360928e10;8.814905089941476e6
2.828e-12;9.62102936629526e-6;1.42919268891896e-9;6.937214629960371e6;940.9774755732433;5.925085867869491e10;8.801645937431442e6
2.829e-12;9.627966580925221e-6;1.4301336663945332e-9;6.937214630019622e6;940.9774755820449;5.916550569420174e10;8.788416626847506e6
2.8300000000000003e-12;9.634903795555241e-6;1.4310746438701153e-9;6.937214630078787e6;940.9774755908334;5.9080337008003395e10;8.775217068846973e6
2.8310000000000004e-12;9.64184101018532e-6;1.4320156213457061e-9;6.937214630137867e6;940.9774755996086;5.899535208988713e10;8.762047174420752e6
2.832e-12;9.64877822481546e-6;1.4329565988213058e-9;6.937214630196863e6;940.9774756083707;5.891055041154559e10;8.748906854891876e6
2.833e-12;9.655715439445656e-6;1.4338975762969142e-9;6.937214630255774e6;940.9774756171196;5.882593144656852e10;8.735796021914009e6
2.8340000000000002e-12;9.662652654075911e-6;1.4348385537725312e-9;6.9372146303146e6;940.9774756258554;5.874149467043462e10;8.722714587469958e6
2.8350000000000003e-12;9.669589868706226e-6;1.4357795312481572e-9;6.937214630373341e6;940.9774756345781;5.865723956050348e10;8.709662463870237e6
2.836e-12;9.6765270833366e-6;1.4367205087237918e-9;6.9372146304319985e6;940.9774756432878;5.857316559600744e10;8.696639563751575e6
2.837e-12;9.683464297967032e-6;1.4376614861994351e-9;6.937214630490571e6;940.9774756519844;5.84892722580436e10;8.683645800075486e6
2.8380000000000002e-12;9.690401512597523e-6;1.4386024636750871e-9;6.93721463054906e6;940.977475660668;5.840555902956571e10;8.67068108612681e6
2.8390000000000003e-12;9.697338727228072e-6;1.4395434411507478e-9;6.937214630607465e6;940.9774756693387;5.832202539537633e10;8.65774533551227e6
2.8400000000000004e-12;9.70427594185868e-6;1.4404844186264172e-9;6.9372146306657875e6;940.9774756779964;5.823867084211871e10;8.644838462159049e6
2.841e-12;9.711213156489345e-6;1.4414253961020952e-9;6.937214630724026e6;940.9774756866412;5.8155494858269165e10;8.631960380313372e6
2.8420000000000002e-12;9.71815037112007e-6;1.442366373577782e-9;6.937214630782181e6;940.9774756952733;5.807249693412901e10;8.619111004539078e6
2.8430000000000003e-12;9.725087585750853e-6;1.4433073510534772e-9;6.937214630840254e6;940.9774757038924;5.798967656181693e10;8.60629024971623e6
2.8440000000000004e-12;9.732024800381693e-6;1.4442483285291811e-9;6.937214630898244e6;940.9774757124987;5.790703323526098e10;8.59349803103968e6
2.845e-12;9.73896201501259e-6;1.4451893060048937e-9;6.937214630956151e6;940.9774757210922;5.782456645019102e10;8.580734264017703e6
2.846e-12;9.745899229643547e-6;1.4461302834806148e-9;6.9372146310139755e6;940.977475729673;5.774227570413113e10;8.567998864470616e6
2.8470000000000003e-12;9.752836444274562e-6;1.4470712609563445e-9;6.9372146310717175e6;940.977475738241;5.766016049639159e10;8.555291748529358e6
2.8480000000000004e-12;9.759773658905634e-6;1.4480122384320828e-9;6.9372146311293775e6;940.9774757467962;5.757822032806168e10;8.542612832634171e6
2.849e-12;9.766710873536764e-6;1.4489532159078295e-9;6.937214631186956e6;940.9774757553389;5.749645470200178e10;8.529962033533182e6
2.85e-12;9.773648088167951e-6;1.4498941933835849e-9;6.937214631244452e6;940.9774757638688;5.741486312283608e10;8.517339268281097e6
2.8510000000000003e-12;9.780585302799196e-6;1.4508351708593488e-9;6.937214631301867e6;940.9774757723861;5.733344509694489e10;8.504744454237793e6
2.8520000000000004e-12;9.787522517430499e-6;1.4517761483351211e-9;6.9372146313592e6;940.9774757808909;5.7252200132457214e10;8.492177509067014e6
2.853e-12;9.794459732061857e-6;1.452717125810902e-9;6.937214631416452e6;940.9774757893831;5.717112773924343e10;8.479638350735027e6
2.854e-12;9.801396946693273e-6;1.4536581032866913e-9;6.937214631473623e6;940.9774757978628;5.709022742890775e10;8.467126897509273e6
2.8550000000000003e-12;9.808334161324747e-6;1.454599080762489e-9;6.937214631530713e6;940.97747580633;5.700949871478093e10;8.454643067957055e6
2.8560000000000004e-12;9.815271375956278e-6;1.4555400582382953e-9;6.937214631587722e6;940.9774758147846;5.6928941111913e10;8.442186780944226e6
2.857e-12;9.822208590587865e-6;1.45648103571411e-9;6.937214631644651e6;940.9774758232268;5.684855413706593e10;8.429757955633875e6
2.858e-12;9.82914580521951e-6;1.4574220131899333e-9;6.9372146317015e6;940.9774758316565;5.676833730870632e10;8.417356511485005e6
2.8590000000000002e-12;9.836083019851212e-6;1.458362990665765e-9;6.937214631758269e6;940.9774758400739;5.668829014699836e10;8.40498236825127e6
2.8600000000000003e-12;9.84302023448297e-6;1.459303968141605e-9;6.937214631814958e6;940.9774758484789;5.660841217379643e10;8.392635445979647e6
2.861e-12;9.849957449114785e-6;1.4602449456174534e-9;6.937214631871566e6;940.9774758568715;5.652870291263822e10;8.38031566500919e6
2.862e-12;9.856894663746656e-6;1.4611859230933104e-9;6.937214631928095e6;940.9774758652518;5.644916188873733e10;8.3680229459697055e6
2.8630000000000002e-12;9.863831878378584e-6;1.4621269005691756e-9;6.937214631984544e6;940.9774758736198;5.636978862897646e10;8.355757209780534e6
2.8640000000000003e-12;9.87076909301057e-6;1.4630678780450493e-9;6.937214632040914e6;940.9774758819756;5.629058266190027e10;8.343518377649247e6
2.8650000000000004e-12;9.87770630764261e-6;1.4640088555209312e-9;6.937214632097205e6;940.977475890319;5.621154351770829e10;8.331306371070399e6
2.866e-12;9.884643522274707e-6;1.4649498329968214e-9;6.937214632153417e6;940.9774758986504;5.6132670728248184e10;8.319121111824292e6
2.8670000000000002e-12;9.89158073690686e-6;1.4658908104727202e-9;6.93721463220955e6;940.9774759069695;5.605396382700853e10;8.306962521975701e6
2.8680000000000003e-12;9.89851795153907e-6;1.4668317879486271e-9;6.937214632265603e6;940.9774759152765;5.597542234911214e10;8.294830523872655e6
2.8690000000000004e-12;9.905455166171334e-6;1.4677727654245424e-9;6.937214632321578e6;940.9774759235713;5.589704583130908e10;8.282725040145198e6
2.87e-12;9.912392380803656e-6;1.468713742900466e-9;6.9372146323774755e6;940.9774759318541;5.581883381196996e10;8.270645993704169e6
2.871e-12;9.919329595436035e-6;1.4696547203763977e-9;6.937214632433294e6;940.9774759401247;5.5740785831079025e10;8.258593307739975e6
2.8720000000000003e-12;9.926266810068467e-6;1.4705956978523378e-9;6.937214632489035e6;940.9774759483832;5.566290143022739e10;8.246566905721377e6
2.8730000000000004e-12;9.933204024700956e-6;1.4715366753282861e-9;6.937214632544698e6;940.9774759566299;5.5585180152606316e10;8.234566711394276e6
2.874e-12;9.9401412393335e-6;1.4724776528042427e-9;6.937214632600283e6;940.9774759648644;5.5507621543000694e10;8.222592648780537e6
2.875e-12;9.9470784539661e-6;1.4734186302802076e-9;6.937214632655791e6;940.977475973087;5.543022514778201e10;8.210644642176744e6
2.8760000000000003e-12;9.954015668598756e-6;1.4743596077561808e-9;6.937214632711221e6;940.9774759812977;5.535299051490212e10;8.198722616153075e6
2.8770000000000004e-12;9.960952883231468e-6;1.475300585232162e-9;6.937214632766575e6;940.9774759894965;5.527591719388634e10;8.186826495552057e6
2.878e-12;9.967890097864234e-6;1.4762415627081515e-9;6.9372146328218505e6;940.9774759976833;5.5199004735827e10;8.174956205487428e6
2.879e-12;9.974827312497056e-6;1.4771825401841492e-9;6.937214632877049e6;940.9774760058583;5.512225269337697e10;8.16311167134295e6
2.8800000000000002e-12;9.981764527129933e-6;1.478123517660155e-9;6.937214632932171e6;940.9774760140214;5.504566062074303e10;8.151292818771244e6
2.8810000000000003e-12;9.988701741762865e-6;1.4790644951361692e-9;6.937214632987217e6;940.9774760221727;5.496922807367945e10;8.139499573692625e6
2.882e-12;9.995638956395851e-6;1.4800054726121913e-9;6.9372146330421865e6;940.9774760303122;5.489295460948158e10;8.127731862293965e6
2.883e-12;1.0002576171028894e-5;1.4809464500882215e-9;6.93721463309708e6;940.9774760384399;5.481683978697939e10;8.115989611027518e6
2.8840000000000002e-12;1.000951338566199e-5;1.48188742756426e-9;6.937214633151896e6;940.9774760465559;5.4740883166531136e10;8.104272746609807e6
2.8850000000000003e-12;1.0016450600295143e-5;1.4828284050403066e-9;6.937214633206638e6;940.9774760546602;5.466508431001689e10;8.092581196020452e6
2.8860000000000004e-12;1.002338781492835e-5;1.4837693825163612e-9;6.9372146332613025e6;940.9774760627528;5.458944278083252e10;8.080914886501086e6
2.887e-12;1.003032502956161e-5;1.484710359992424e-9;6.937214633315892e6;940.9774760708336;5.451395814388298e10;8.069273745554178e6
2.8880000000000002e-12;1.0037262244194925e-5;1.4856513374684947e-9;6.937214633370406e6;940.9774760789029;5.443862996557647e10;8.057657700941952e6
2.8890000000000003e-12;1.0044199458828296e-5;1.4865923149445735e-9;6.937214633424845e6;940.9774760869606;5.4363457813817825e10;8.046066680685244e6
2.8900000000000004e-12;1.0051136673461722e-5;1.4875332924206604e-9;6.937214633479208e6;940.9774760950066;5.428844125800264e10;8.03450061306241e6
2.891e-12;1.0058073888095201e-5;1.4884742698967554e-9;6.937214633533496e6;940.9774761030411;5.421357986901092e10;8.022959426608228e6
2.892e-12;1.0065011102728735e-5;1.4894152473728584e-9;6.93721463358771e6;940.9774761110641;5.413887321920104e10;8.011443050112786e6
2.8930000000000003e-12;1.0071948317362322e-5;1.4903562248489695e-9;6.937214633641848e6;940.9774761190755;5.406432088240355e10;7.999951412620389e6
2.8940000000000004e-12;1.0078885531995965e-5;1.4912972023250886e-9;6.937214633695913e6;940.9774761270754;5.3989922433915115e10;7.988484443428481e6
2.895e-12;1.008582274662966e-5;1.4922381798012156e-9;6.937214633749902e6;940.9774761350639;5.39156774504926e10;7.97704207208657e6
2.896e-12;1.0092759961263411e-5;1.4931791572773507e-9;6.937214633803818e6;940.9774761430409;5.384158551034678e10;7.965624228395121e6
2.8970000000000003e-12;1.0099697175897214e-5;1.4941201347534939e-9;6.93721463385766e6;940.9774761510065;5.376764619313668e10;7.95423084240453e6
2.8980000000000004e-12;1.0106634390531071e-5;1.4950611122296449e-9;6.937214633911428e6;940.9774761589607;5.369385907996335e10;7.942861844414022e6
2.899e-12;1.0113571605164983e-5;1.496002089705804e-9;6.937214633965122e6;940.9774761669036;5.362022375336396e10;7.931517164970594e6
2.9e-12;1.0120508819798948e-5;1.4969430671819708e-9;6.937214634018742e6;940.977476174835;5.3546739797306145e10;7.920196734867994e6
2.9010000000000003e-12;1.0127446034432967e-5;1.4978840446581456e-9;6.937214634072288e6;940.9774761827553;5.3473406797181816e10;7.908900485145631e6
2.9020000000000004e-12;1.0134383249067039e-5;1.4988250221343285e-9;6.937214634125762e6;940.9774761906641;5.3400224339801445e10;7.8976283470875425e6
2.903e-12;1.0141320463701165e-5;1.4997659996105192e-9;6.937214634179162e6;940.9774761985617;5.3327192013388245e10;7.886380252221368e6
2.904e-12;1.0148257678335344e-5;1.5007069770867177e-9;6.937214634232489e6;940.977476206448;5.3254309407572464e10;7.875156132317312e6
2.9050000000000002e-12;1.0155194892969578e-5;1.5016479545629241e-9;6.937214634285743e6;940.9774762143232;5.318157611338541e10;7.863955919387091e6
2.9060000000000003e-12;1.0162132107603864e-5;1.5025889320391384e-9;6.937214634338925e6;940.9774762221872;5.310899172325388e10;7.852779545682941e6
2.907e-12;1.0169069322238202e-5;1.5035299095153606e-9;6.937214634392033e6;940.97747623004;5.303655583099444e10;7.841626943696583e6
2.908e-12;1.0176006536872594e-5;1.5044708869915905e-9;6.93721463444507e6;940.9774762378817;5.2964268031807625e10;7.830498046158205e6
2.9090000000000002e-12;1.018294375150704e-5;1.5054118644678284e-9;6.937214634498035e6;940.9774762457122;5.289212792227245e10;7.819392786035464e6
2.9100000000000003e-12;1.0189880966141537e-5;1.5063528419440741e-9;6.937214634550926e6;940.9774762535316;5.282013510034066e10;7.808311096532483e6
2.9110000000000004e-12;1.0196818180776089e-5;1.5072938194203277e-9;6.937214634603746e6;940.9774762613399;5.274828916533111e10;7.797252911088825e6
2.912e-12;1.0203755395410693e-5;1.5082347968965891e-9;6.9372146346564945e6;940.9774762691371;5.267658971792436e10;7.786218163378549e6
2.9130000000000002e-12;1.021069261004535e-5;1.5091757743728582e-9;6.937214634709171e6;940.9774762769233;5.2605036360156906e10;7.775206787309168e6
2.9140000000000003e-12;1.0217629824680059e-5;1.5101167518491351e-9;6.937214634761776e6;940.9774762846985;5.253362869541587e10;7.764218717020709e6
2.9150000000000004e-12;1.022456703931482e-5;1.51105772932542e-9;6.93721463481431e6;940.9774762924627;5.246236632843325e10;7.753253886884688e6
2.916e-12;1.0231504253949635e-5;1.5119987068017124e-9;6.937214634866772e6;940.9774763002159;5.239124886528076e10;7.742312231503191e6
2.917e-12;1.0238441468584502e-5;1.5129396842780127e-9;6.937214634919164e6;940.9774763079582;5.232027591336409e10;7.731393685707846e6
2.9180000000000003e-12;1.0245378683219421e-5;1.5138806617543206e-9;6.937214634971484e6;940.9774763156896;5.2249447081417656e10;7.720498184558893e6
2.9190000000000004e-12;1.0252315897854393e-5;1.5148216392306362e-9;6.937214635023733e6;940.9774763234101;5.2178761979499245e10;7.709625663344228e6
2.92e-12;1.0259253112489418e-5;1.5157626167069597e-9;6.937214635075912e6;940.9774763311198;5.210822021898451e10;7.698776057578425e6
2.921e-12;1.0266190327124493e-5;1.5167035941832908e-9;6.93721463512802e6;940.9774763388185;5.203782141256168e10;7.687949303001795e6
2.9220000000000003e-12;1.027312754175962e-5;1.5176445716596296e-9;6.937214635180058e6;940.9774763465065;5.19675651742263e10;7.677145335579442e6
2.9230000000000004e-12;1.0280064756394801e-5;1.518585549135976e-9;6.937214635232026e6;940.9774763541836;5.189745111927589e10;7.666364091500316e6
2.924e-12;1.0287001971030034e-5;1.5195265266123303e-9;6.937214635283923e6;940.97747636185;5.182747886430462e10;7.655605507176278e6
2.925e-12;1.0293939185665317e-5;1.5204675040886922e-9;6.93721463533575e6;940.9774763695056;5.175764802719822e10;7.644869519241175e6
2.9260000000000003e-12;1.0300876400300653e-5;1.5214084815650618e-9;6.937214635387507e6;940.9774763771504;5.168795822712868e10;7.6341560645499e6
2.9270000000000004e-12;1.030781361493604e-5;1.522349459041439e-9;6.937214635439196e6;940.9774763847846;5.161840908454899e10;7.623465080177476e6
2.928e-12;1.031475082957148e-5;1.5232904365178239e-9;6.937214635490814e6;940.9774763924081;5.1549000221188095e10;7.61279650341813e6
2.929e-12;1.032168804420697e-5;1.5242314139942162e-9;6.937214635542363e6;940.9774764000209;5.147973126004562e10;7.602150271784378e6
2.9300000000000002e-12;1.0328625258842513e-5;1.5251723914706162e-9;6.937214635593843e6;940.977476407623;5.141060182538688e10;7.59152632300613e6
2.9310000000000003e-12;1.0335562473478106e-5;1.5261133689470238e-9;6.937214635645254e6;940.9774764152146;5.1341611542737785e10;7.580924595029776e6
2.932e-12;1.034249968811375e-5;1.5270543464234391e-9;6.937214635696596e6;940.9774764227956;5.1272760038879585e10;7.57034502601727e6
2.933e-12;1.0349436902749448e-5;1.5279953238998618e-9;6.937214635747869e6;940.9774764303659;5.1204046941844055e10;7.559787554345251e6
2.9340000000000002e-12;1.0356374117385196e-5;1.5289363013762922e-9;6.937214635799073e6;940.9774764379257;5.11354718809083e10;7.549252118604147e6
2.9350000000000003e-12;1.0363311332020994e-5;1.52987727885273e-9;6.937214635850208e6;940.977476445475;5.10670344865899e10;7.538738657597284e6
2.9360000000000004e-12;1.0370248546656844e-5;1.5308182563291755e-9;6.937214635901275e6;940.9774764530137;5.099873439064173e10;7.528247110339996e6
2.937e-12;1.0377185761292745e-5;1.5317592338056284e-9;6.937214635952273e6;940.9774764605419;5.093057122604724e10;7.517777416058757e6
2.9380000000000002e-12;1.0384122975928698e-5;1.532700211282089e-9;6.937214636003204e6;940.9774764680596;5.086254462701541e10;7.507329514190308e6
2.9390000000000003e-12;1.0391060190564702e-5;1.533641188758557e-9;6.937214636054066e6;940.977476475567;5.0794654228975815e10;7.496903344380764e6
2.9400000000000004e-12;1.0397997405200756e-5;1.5345821662350327e-9;6.93721463610486e6;940.9774764830638;5.0726899668573715e10;7.486498846484763e6
2.941e-12;1.0404934619836861e-5;1.5355231437115158e-9;6.937214636155588e6;940.9774764905503;5.065928058366537e10;7.476115960564609e6
2.942e-12;1.0411871834473017e-5;1.5364641211880063e-9;6.937214636206247e6;940.9774764980265;5.059179661331302e10;7.465754626889398e6
2.9430000000000003e-12;1.0418809049109224e-5;1.5374050986645043e-9;6.937214636256839e6;940.9774765054922;5.052444739778013e10;7.455414785934179e6
2.9440000000000004e-12;1.0425746263745482e-5;1.5383460761410098e-9;6.937214636307363e6;940.9774765129476;5.0457232578526596e10;7.44509637837908e6
2.945e-12;1.0432683478381789e-5;1.5392870536175227e-9;6.937214636357821e6;940.9774765203928;5.0390151798204e10;7.434799345108497e6
2.946e-12;1.0439620693018146e-5;1.540228031094043e-9;6.937214636408211e6;940.9774765278275;5.03232047006508e10;7.424523627210212e6
2.9470000000000003e-12;1.0446557907654555e-5;1.5411690085705708e-9;6.937214636458534e6;940.9774765352521;5.025639093088768e10;7.414269165974588e6
2.9480000000000004e-12;1.0453495122291014e-5;1.542109986047106e-9;6.93721463650879e6;940.9774765426664;5.018971013511274e10;7.404035902893715e6
2.949e-12;1.0460432336927522e-5;1.5430509635236487e-9;6.93721463655898e6;940.9774765500705;5.012316196069692e10;7.393823779660586e6
2.95e-12;1.0467369551564082e-5;1.5439919410001988e-9;6.937214636609103e6;940.9774765574643;5.005674605617929e10;7.383632738168272e6
2.9510000000000002e-12;1.047430676620069e-5;1.5449329184767564e-9;6.937214636659159e6;940.977476564848;4.999046207126239e10;7.373462720509098e6
2.9520000000000003e-12;1.048124398083735e-5;1.5458738959533211e-9;6.93721463670915e6;940.9774765722215;4.9924309656807655e10;7.363313668973824e6
2.953e-12;1.048818119547406e-5;1.5468148734298934e-9;6.937214636759074e6;940.9774765795847;4.985828846483076e10;7.3531855260508275e6
2.954e-12;1.0495118410110818e-5;1.547755850906473e-9;6.937214636808933e6;940.9774765869379;4.979239814849713e10;7.343078234425307e6
2.9550000000000002e-12;1.0502055624747627e-5;1.54869682838306e-9;6.937214636858725e6;940.9774765942809;4.972663836211729e10;7.332991736978455e6
2.9560000000000003e-12;1.0508992839384486e-5;1.5496378058596544e-9;6.937214636908452e6;940.977476601614;4.966100876114237e10;7.3229259767866675e6
2.9570000000000004e-12;1.0515930054021394e-5;1.550578783336256e-9;6.937214636958113e6;940.9774766089369;4.959550900215963e10;7.312880897120748e6
2.958e-12;1.0522867268658351e-5;1.5515197608128648e-9;6.937214637007709e6;940.9774766162498;4.953013874288793e10;7.302856441445103e6
2.9590000000000002e-12;1.052980448329536e-5;1.552460738289481e-9;6.937214637057239e6;940.9774766235527;4.946489764217319e10;7.29285255341695e6
2.9600000000000003e-12;1.0536741697932417e-5;1.5534017157661046e-9;6.9372146371067045e6;940.9774766308456;4.939978535998414e10;7.282869176885544e6
2.9610000000000004e-12;1.0543678912569523e-5;1.5543426932427354e-9;6.937214637156105e6;940.9774766381285;4.933480155740765e10;7.272906255891381e6
2.962e-12;1.0550616127206679e-5;1.5552836707193736e-9;6.93721463720544e6;940.9774766454013;4.9269945896644485e10;7.262963734665414e6
2.963e-12;1.0557553341843883e-5;1.556224648196019e-9;6.937214637254709e6;940.9774766526643;4.9205218041004845e10;7.253041557628294e6
2.9640000000000003e-12;1.0564490556481139e-5;1.5571656256726717e-9;6.937214637303915e6;940.9774766599173;4.914061765490399e10;7.243139669389577e6
2.9650000000000004e-12;1.0571427771118443e-5;1.5581066031493316e-9;6.937214637353055e6;940.9774766671604;4.907614440385792e10;7.233258014746966e6
2.966e-12;1.0578364985755797e-5;1.5590475806259988e-9;6.937214637402131e6;940.9774766743936;4.901179795447907e10;7.223396538685553e6
2.967e-12;1.05853022003932e-5;1.5599885581026732e-9;6.937214637451143e6;940.9774766816171;4.894757797447195e10;7.213555186377038e6
2.9680000000000003e-12;1.059223941503065e-5;1.5609295355793548e-9;6.9372146375000905e6;940.9774766888306;4.888348413262884e10;7.20373390317899e6
2.9690000000000004e-12;1.059917662966815e-5;1.5618705130560437e-9;6.937214637548974e6;940.9774766960344;4.88195160988256e10;7.193932634634078e6
2.97e-12;1.0606113844305698e-5;1.5628114905327398e-9;6.937214637597794e6;940.9774767032284;4.8755673544017334e10;7.18415132646932e6
2.971e-12;1.0613051058943296e-5;1.563752468009443e-9;6.937214637646549e6;940.9774767104125;4.86919561402342e10;7.174389924595349e6
2.9720000000000003e-12;1.0619988273580943e-5;1.5646934454861533e-9;6.937214637695242e6;940.9774767175869;4.8628363560577194e10;7.164648375105656e6
2.9730000000000004e-12;1.0626925488218639e-5;1.565634422962871e-9;6.93721463774387e6;940.9774767247516;4.856489547921394e10;7.154926624275858e6
2.974e-12;1.0633862702856382e-5;1.5665754004395958e-9;6.937214637792435e6;940.9774767319064;4.850155157137461e10;7.14522461856296e6
2.975e-12;1.0640799917494175e-5;1.5675163779163277e-9;6.937214637840936e6;940.9774767390517;4.843833151334757e10;7.135542304604609e6
2.9760000000000002e-12;1.0647737132132016e-5;1.5684573553930668e-9;6.937214637889374e6;940.9774767461872;4.837523498247545e10;7.125879629218374e6
2.9770000000000003e-12;1.0654674346769905e-5;1.569398332869813e-9;6.93721463793775e6;940.9774767533131;4.831226165715089e10;7.116236539401028e6
2.978e-12;1.0661611561407843e-5;1.5703393103465663e-9;6.937214637986062e6;940.9774767604293;4.824941121681258e10;7.106612982327819e6
2.979e-12;1.0668548776045829e-5;1.5712802878233268e-9;6.937214638034311e6;940.9774767675359;4.818668334194102e10;7.097008905351734e6
2.9800000000000002e-12;1.0675485990683864e-5;1.5722212653000942e-9;6.937214638082498e6;940.9774767746329;4.812407771405452e10;7.087424256002797e6
2.9810000000000003e-12;1.0682423205321946e-5;1.573162242776869e-9;6.937214638130622e6;940.9774767817204;4.806159401570521e10;7.077858981987361e6
2.9820000000000004e-12;1.0689360419960077e-5;1.5741032202536506e-9;6.937214638178684e6;940.9774767887983;4.7999231930475e10;7.068313031187392e6
2.983e-12;1.0696297634598256e-5;1.5750441977304394e-9;6.937214638226683e6;940.9774767958667;4.793699114297151e10;7.058786351659758e6
2.9840000000000002e-12;1.0703234849236482e-5;1.5759851752072352e-9;6.93721463827462e6;940.9774768029255;4.787487133882412e10;7.049278891635534e6
2.9850000000000003e-12;1.0710172063874758e-5;1.5769261526840382e-9;6.937214638322495e6;940.9774768099747;4.781287220468002e10;7.039790599519292e6
2.9860000000000004e-12;1.071710927851308e-5;1.5778671301608483e-9;6.937214638370308e6;940.9774768170146;4.775099342820025e10;7.030321423888418e6
2.987e-12;1.072404649315145e-5;1.5788081076376653e-9;6.937214638418059e6;940.9774768240449;4.768923469805578e10;7.020871313492414e6
2.988e-12;1.0730983707789868e-5;1.5797490851144895e-9;6.937214638465748e6;940.9774768310657;4.762759570392347e10;7.011440217252189e6
2.9890000000000003e-12;1.0737920922428333e-5;1.5806900625913206e-9;6.937214638513376e6;940.9774768380771;4.756607613648243e10;7.002028084259412e6
2.9900000000000004e-12;1.0744858137066847e-5;1.5816310400681588e-9;6.937214638560942e6;940.9774768450791;4.750467568740983e10;6.992634863775785e6
2.991e-12;1.0751795351705409e-5;1.5825720175450038e-9;6.937214638608447e6;940.9774768520717;4.74433940493773e10;6.9832605052323975e6
2.992e-12;1.0758732566344018e-5;1.5835129950218558e-9;6.937214638655891e6;940.977476859055;4.738223091604692e10;6.973904958229025e6
2.9930000000000003e-12;1.0765669780982674e-5;1.5844539724987149e-9;6.937214638703273e6;940.9774768660288;4.732118598206747e10;6.964568172533469e6
2.9940000000000004e-12;1.0772606995621378e-5;1.585394949975581e-9;6.937214638750594e6;940.9774768729934;4.726025894307061e10;6.9552500980808865e6
2.995e-12;1.077954421026013e-5;1.5863359274524539e-9;6.937214638797854e6;940.9774768799487;4.719944949566699e10;6.945950684973099e6
2.996e-12;1.0786481424898927e-5;1.5872769049293338e-9;6.9372146388450535e6;940.9774768868946;4.713875733744273e10;6.936669883477978e6
2.9970000000000003e-12;1.0793418639537771e-5;1.5882178824062208e-9;6.937214638892192e6;940.9774768938313;4.707818216695523e10;6.927407644028714e6
2.9980000000000004e-12;1.0800355854176663e-5;1.5891588598831146e-9;6.937214638939271e6;940.9774769007587;4.701772368372992e10;6.918163917223221e6
2.999e-12;1.0807293068815603e-5;1.5900998373600155e-9;6.937214638986289e6;940.9774769076769;4.695738158825617e10;6.908938653823446e6
3.0e-12;1.081423028345459e-5;1.5910408148369231e-9;6.937214639033246e6;940.9774769145858;4.68971555819837e10;6.899731804754723e6
3.0010000000000002e-12;1.0821167498093622e-5;1.5919817923138376e-9;6.937214639080143e6;940.9774769214856;4.6837045367318954e10;6.890543321105134e6
3.0020000000000003e-12;1.0828104712732702e-5;1.5929227697907591e-9;6.93721463912698e6;940.9774769283762;4.677705064762134e10;6.881373154124852e6
3.0030000000000004e-12;1.083504192737183e-5;1.5938637472676875e-9;6.937214639173756e6;940.9774769352575;4.671717112719958e10;6.872221255225498e6
3.004e-12;1.0841979142011003e-5;1.5948047247446226e-9;6.937214639220473e6;940.9774769421298;4.665740651130813e10;6.863087575979512e6
3.0050000000000002e-12;1.0848916356650223e-5;1.5957457022215648e-9;6.937214639267131e6;940.9774769489928;4.6597756506143394e10;6.85397206811949e6
3.0060000000000003e-12;1.085585357128949e-5;1.5966866796985139e-9;6.937214639313729e6;940.9774769558468;4.653822081884034e10;6.844874683537579e6
3.0070000000000004e-12;1.0862790785928803e-5;1.5976276571754697e-9;6.937214639360267e6;940.9774769626916;4.64787991574687e10;6.8357953742848225e6
3.008e-12;1.0869728000568163e-5;1.5985686346524324e-9;6.937214639406745e6;940.9774769695274;4.641949123102955e10;6.826734092570556e6
3.0090000000000002e-12;1.087666521520757e-5;1.5995096121294019e-9;6.937214639453165e6;940.9774769763542;4.636029674945162e10;6.817690790761752e6
3.0100000000000003e-12;1.0883602429847022e-5;1.6004505896063782e-9;6.937214639499526e6;940.9774769831719;4.630121542358785e10;6.808665421382421e6
3.0110000000000004e-12;1.0890539644486523e-5;1.6013915670833613e-9;6.937214639545827e6;940.9774769899806;4.624224696521172e10;6.7996579371129675e6
3.012e-12;1.0897476859126068e-5;1.6023325445603513e-9;6.937214639592069e6;940.9774769967802;4.618339108701401e10;6.790668290789615e6
3.013e-12;1.090441407376566e-5;1.603273522037348e-9;6.937214639638253e6;940.9774770035708;4.612464750259892e10;6.78169643540374e6
3.0140000000000003e-12;1.0911351288405299e-5;1.6042144995143517e-9;6.937214639684377e6;940.9774770103525;4.606601592648087e10;6.772742324101285e6
3.0150000000000004e-12;1.0918288503044984e-5;1.6051554769913621e-9;6.937214639730443e6;940.9774770171252;4.600749607408095e10;6.763805910182164e6
3.016e-12;1.0925225717684714e-5;1.6060964544683792e-9;6.937214639776451e6;940.977477023889;4.594908766172349e10;6.754887147099633e6
3.017e-12;1.093216293232449e-5;1.607037431945403e-9;6.937214639822399e6;940.977477030644;4.5890790406632484e10;6.745985988459689e6
3.0180000000000003e-12;1.0939100146964313e-5;1.6079784094224338e-9;6.93721463986829e6;940.9774770373899;4.583260402692843e10;6.737102388020495e6
3.0190000000000004e-12;1.094603736160418e-5;1.608919386899471e-9;6.937214639914122e6;940.977477044127;4.577452824162464e10;6.7282362996917395e6
3.02e-12;1.0952974576244094e-5;1.6098603643765152e-9;6.937214639959897e6;940.9774770508552;4.571656277062399e10;6.7193876775340745e6
3.021e-12;1.0959911790884053e-5;1.610801341853566e-9;6.937214640005614e6;940.9774770575746;4.565870733471564e10;6.710556475758526e6
3.0220000000000002e-12;1.0966849005524058e-5;1.6117423193306236e-9;6.937214640051273e6;940.9774770642852;4.5600961655571465e10;6.701742648725879e6
3.0230000000000003e-12;1.0973786220164109e-5;1.6126832968076878e-9;6.937214640096874e6;940.9774770709869;4.55433254557428e10;6.692946150946106e6
3.024e-12;1.0980723434804205e-5;1.6136242742847588e-9;6.9372146401424175e6;940.9774770776799;4.548579845865715e10;6.684166937077781e6
3.025e-12;1.0987660649444347e-5;1.6145652517618365e-9;6.937214640187903e6;940.9774770843641;4.542838038861484e10;6.675404961927504e6
3.0260000000000002e-12;1.0994597864084535e-5;1.6155062292389207e-9;6.937214640233331e6;940.9774770910394;4.5371070970785675e10;6.666660180449312e6
3.0270000000000003e-12;1.1001535078724769e-5;1.6164472067160118e-9;6.937214640278703e6;940.9774770977061;4.53138699312057e10;6.657932547744106e6
3.0280000000000004e-12;1.1008472293365048e-5;1.6173881841931095e-9;6.937214640324016e6;940.9774771043641;4.525677699677392e10;6.649222019059078e6
3.029e-12;1.1015409508005372e-5;1.6183291616702138e-9;6.937214640369273e6;940.9774771110133;4.5199791895249016e10;6.640528549787148e6
3.0300000000000002e-12;1.102234672264574e-5;1.6192701391473248e-9;6.937214640414473e6;940.9774771176538;4.514291435524607e10;6.6318520954663735e6
3.0310000000000003e-12;1.1029283937286156e-5;1.6202111166244423e-9;6.937214640459616e6;940.9774771242857;4.5086144106233444e10;6.623192611779412e6
3.0320000000000004e-12;1.1036221151926615e-5;1.6211520941015667e-9;6.937214640504702e6;940.9774771309088;4.5029480878529465e10;6.614550054552939e6
3.033e-12;1.104315836656712e-5;1.6220930715786977e-9;6.937214640549731e6;940.9774771375234;4.497292440329923e10;6.6059243797570905e6
3.034e-12;1.105009558120767e-5;1.6230340490558353e-9;6.937214640594704e6;940.9774771441292;4.491647441255151e10;6.597315543504912e6
3.0350000000000003e-12;1.1057032795848264e-5;1.6239750265329794e-9;6.937214640639621e6;940.9774771507266;4.486013063913542e10;6.588723502051789e6
3.0360000000000004e-12;1.1063970010488905e-5;1.62491600401013e-9;6.937214640684481e6;940.9774771573153;4.480389281673738e10;6.58014821179491e6
3.037e-12;1.1070907225129589e-5;1.6258569814872873e-9;6.937214640729285e6;940.9774771638955;4.474776067987793e10;6.571589629272705e6
3.038e-12;1.1077844439770319e-5;1.6267979589644512e-9;6.937214640774033e6;940.9774771704671;4.469173396390859e10;6.5630477111642985e6
3.0390000000000003e-12;1.1084781654411093e-5;1.6277389364416217e-9;6.937214640818724e6;940.9774771770301;4.4635812405008804e10;6.554522414288979e6
3.0400000000000004e-12;1.1091718869051911e-5;1.6286799139187988e-9;6.93721464086336e6;940.9774771835846;4.45799957401827e10;6.546013695605628e6
3.041e-12;1.1098656083692775e-5;1.6296208913959823e-9;6.9372146409079395e6;940.9774771901306;4.45242837072561e10;6.537521512212197e6
3.042e-12;1.1105593298333683e-5;1.6305618688731724e-9;6.937214640952464e6;940.9774771966681;4.446867604487344e10;6.529045821345176e6
3.0430000000000003e-12;1.1112530512974635e-5;1.6315028463503692e-9;6.937214640996933e6;940.9774772031972;4.44131724924947e10;6.52058658037904e6
3.0440000000000004e-12;1.1119467727615632e-5;1.6324438238275724e-9;6.937214641041346e6;940.9774772097178;4.4357772790392204e10;6.512143746825716e6
3.045e-12;1.1126404942256674e-5;1.6333848013047822e-9;6.937214641085704e6;940.9774772162299;4.4302476679647934e10;6.503717278334084e6
3.046e-12;1.113334215689776e-5;1.6343257787819984e-9;6.937214641130006e6;940.9774772227336;4.424728390215011e10;6.495307132689404e6
3.0470000000000002e-12;1.114027937153889e-5;1.6352667562592212e-9;6.937214641174253e6;940.9774772292288;4.4192194200590355e10;6.486913267812808e6
3.0480000000000003e-12;1.1147216586180064e-5;1.6362077337364504e-9;6.937214641218445e6;940.9774772357157;4.4137207318460846e10;6.4785356417608e6
3.0490000000000004e-12;1.1154153800821281e-5;1.637148711213686e-9;6.9372146412625825e6;940.9774772421943;4.408232300005102e10;6.470174212724691e6
3.05e-12;1.1161091015462543e-5;1.6380896886909283e-9;6.937214641306665e6;940.9774772486644;4.4027540990444786e10;6.461828939030106e6
3.0510000000000002e-12;1.116802823010385e-5;1.639030666168177e-9;6.937214641350692e6;940.9774772551262;4.397286103551758e10;6.453499779136469e6
3.0520000000000003e-12;1.11749654447452e-5;1.639971643645432e-9;6.937214641394665e6;940.9774772615798;4.3918282881933334e10;6.445186691636476e6
3.0530000000000004e-12;1.1181902659386594e-5;1.6409126211226935e-9;6.937214641438584e6;940.9774772680249;4.3863806277141594e10;6.436889635255589e6
3.054e-12;1.1188839874028032e-5;1.6418535985999616e-9;6.937214641482447e6;940.9774772744618;4.380943096937461e10;6.428608568851532e6
3.0550000000000002e-12;1.1195777088669514e-5;1.6427945760772362e-9;6.937214641526257e6;940.9774772808904;4.375515670764437e10;6.420343451413773e6
3.0560000000000003e-12;1.120271430331104e-5;1.643735553554517e-9;6.937214641570012e6;940.9774772873108;4.370098324173971e10;6.412094242063015e6
3.0570000000000004e-12;1.120965151795261e-5;1.6446765310318044e-9;6.937214641613713e6;940.9774772937228;4.364691032222347e10;6.403860900050705e6
3.058e-12;1.1216588732594225e-5;1.6456175085090982e-9;6.937214641657361e6;940.9774773001267;4.359293770042972e10;6.395643384758545e6
3.059e-12;1.1223525947235881e-5;1.6465584859863983e-9;6.937214641700954e6;940.9774773065224;4.3539065128460655e10;6.3874416556979595e6
3.0600000000000003e-12;1.1230463161877582e-5;1.6474994634637049e-9;6.9372146417444935e6;940.9774773129099;4.348529235918389e10;6.3792556725096125e6
3.0610000000000004e-12;1.1237400376519327e-5;1.6484404409410179e-9;6.937214641787979e6;940.9774773192892;4.3431619146229645e10;6.371085394962924e6
3.062e-12;1.1244337591161116e-5;1.6493814184183373e-9;6.93721464183141e6;940.9774773256603;4.337804524398796e10;6.362930782955581e6
3.063e-12;1.1251274805802947e-5;1.6503223958956629e-9;6.937214641874788e6;940.9774773320232;4.332457040760573e10;6.354791796513023e6
3.0640000000000003e-12;1.1258212020444822e-5;1.6512633733729949e-9;6.9372146419181125e6;940.977477338378;4.3271194392984024e10;6.346668395787974e6
3.0650000000000004e-12;1.126514923508674e-5;1.6522043508503333e-9;6.937214641961384e6;940.9774773447247;4.321791695677536e10;6.338560541059964e6
3.066e-12;1.1272086449728701e-5;1.653145328327678e-9;6.937214642004602e6;940.9774773510633;4.316473785638069e10;6.330468192734812e6
3.067e-12;1.1279023664370705e-5;1.6540863058050291e-9;6.937214642047767e6;940.9774773573937;4.311165684994692e10;6.322391311344183e6
3.0680000000000003e-12;1.1285960879012753e-5;1.6550272832823866e-9;6.937214642090878e6;940.977477363716;4.305867369636397e10;6.314329857545086e6
3.0690000000000004e-12;1.1292898093654843e-5;1.6559682607597502e-9;6.937214642133937e6;940.9774773700303;4.3005788155262146e10;6.306283792119411e6
3.07e-12;1.1299835308296978e-5;1.6569092382371203e-9;6.937214642176943e6;940.9774773763367;4.295299998700934e10;6.298253075973435e6
3.071e-12;1.1306772522939155e-5;1.6578502157144965e-9;6.9372146422198955e6;940.9774773826349;4.290030895270832e10;6.290237670137372e6
3.0720000000000002e-12;1.1313709737581374e-5;1.6587911931918792e-9;6.937214642262796e6;940.9774773889252;4.284771481419412e10;6.282237535764888e6
3.0730000000000003e-12;1.1320646952223637e-5;1.659732170669268e-9;6.937214642305643e6;940.9774773952074;4.279521733403123e10;6.274252634132635e6
3.0740000000000004e-12;1.1327584166865942e-5;1.6606731481466634e-9;6.9372146423484385e6;940.9774774014817;4.274281627551096e10;6.266282926639788e6
3.075e-12;1.133452138150829e-5;1.6616141256240648e-9;6.937214642391182e6;940.977477407748;4.26905114026488e10;6.258328374807572e6
3.0760000000000002e-12;1.1341458596150682e-5;1.6625551031014725e-9;6.937214642433872e6;940.9774774140063;4.2638302480181755e10;6.250388940278818e6
3.0770000000000003e-12;1.1348395810793116e-5;1.6634960805788866e-9;6.937214642476511e6;940.9774774202567;4.2586189273565636e10;6.242464584817478e6
3.0780000000000004e-12;1.1355333025435593e-5;1.664437058056307e-9;6.937214642519098e6;940.9774774264991;4.2534171548972496e10;6.234555270308185e6
3.079e-12;1.1362270240078112e-5;1.6653780355337335e-9;6.937214642561632e6;940.9774774327337;4.248224907328805e10;6.226660958755795e6
3.0800000000000002e-12;1.1369207454720673e-5;1.6663190130111662e-9;6.9372146426041145e6;940.9774774389604;4.243042161410887e10;6.21878161228492e6
3.0810000000000003e-12;1.1376144669363277e-5;1.667259990488605e-9;6.937214642646545e6;940.9774774451791;4.237868893974007e10;6.210917193139493e6
3.0820000000000004e-12;1.1383081884005923e-5;1.6682009679660502e-9;6.9372146426889235e6;940.9774774513901;4.2327050819192406e10;6.203067663682303e6
3.083e-12;1.1390019098648611e-5;1.6691419454435015e-9;6.93721464273125e6;940.9774774575932;4.2275507022179955e10;6.195232986394555e6
3.084e-12;1.1396956313291342e-5;1.670082922920959e-9;6.937214642773526e6;940.9774774637884;4.2224057319117386e10;6.1874131238754215e6
3.0850000000000003e-12;1.1403893527934115e-5;1.6710239003984228e-9;6.93721464281575e6;940.9774774699758;4.217270148111756e10;6.179608038841605e6
3.0860000000000004e-12;1.141083074257693e-5;1.6719648778758927e-9;6.937214642857923e6;940.9774774761554;4.212143927998876e10;6.171817694126878e6
3.087e-12;1.1417767957219788e-5;1.6729058553533689e-9;6.937214642900045e6;940.9774774823272;4.207027048823234e10;6.164042052681657e6
3.088e-12;1.1424705171862688e-5;1.6738468328308512e-9;6.937214642942116e6;940.9774774884912;4.201919487904013e10;6.156281077572562e6
3.0890000000000003e-12;1.143164238650563e-5;1.6747878103083398e-9;6.937214642984135e6;940.9774774946475;4.196821222629198e10;6.148534731981981e6
3.0900000000000004e-12;1.1438579601148615e-5;1.6757287877858343e-9;6.937214643026103e6;940.977477500796;4.191732230455318e10;6.1408029792076275e6
3.091e-12;1.1445516815791641e-5;1.676669765263335e-9;6.93721464306802e6;940.9774775069368;4.186652488907201e10;6.133085782662121e6
3.092e-12;1.1452454030434709e-5;1.677610742740842e-9;6.937214643109887e6;940.9774775130699;4.18158197557772e10;6.125383105872533e6
3.0930000000000003e-12;1.1459391245077819e-5;1.6785517202183552e-9;6.937214643151702e6;940.9774775191952;4.176520668127557e10;6.117694912479986e6
3.0940000000000003e-12;1.1466328459720971e-5;1.6794926976958743e-9;6.9372146431934675e6;940.9774775253129;4.1714685442849525e10;6.1100211662392095e6
3.095e-12;1.1473265674364165e-5;1.6804336751733997e-9;6.937214643235182e6;940.9774775314229;4.166425581845454e10;6.102361831018121e6
3.096e-12;1.14802028890074e-5;1.681374652650931e-9;6.937214643276847e6;940.9774775375253;4.161391758671672e10;6.094716870797386e6
3.0970000000000002e-12;1.1487140103650676e-5;1.6823156301284686e-9;6.937214643318461e6;940.97747754362;4.1563670526930565e10;6.087086249670035e6
3.0980000000000003e-12;1.1494077318293995e-5;1.6832566076060122e-9;6.937214643360025e6;940.9774775497071;4.151351441905626e10;6.079469931840994e6
3.0990000000000004e-12;1.1501014532937354e-5;1.684197585083562e-9;6.937214643401539e6;940.9774775557867;4.1463449043717514e10;6.071867881626711e6
3.1e-12;1.1507951747580756e-5;1.6851385625611177e-9;6.937214643443002e6;940.9774775618586;4.141347418219898e10;6.064280063454709e6
3.1010000000000002e-12;1.1514888962224198e-5;1.6860795400386796e-9;6.9372146434844155e6;940.9774775679228;4.136358961644401e10;6.056706441863188e6
3.1020000000000003e-12;1.1521826176867682e-5;1.6870205175162476e-9;6.937214643525779e6;940.9774775739795;4.131379512905214e10;6.049146981500603e6
3.1030000000000004e-12;1.1528763391511208e-5;1.6879614949938216e-9;6.937214643567093e6;940.9774775800287;4.126409050327686e10;6.041601647125266e6
3.104e-12;1.1535700606154775e-5;1.6889024724714015e-9;6.937214643608357e6;940.9774775860702;4.121447552302317e10;6.034070403604922e6
3.105e-12;1.1542637820798383e-5;1.6898434499489877e-9;6.937214643649572e6;940.9774775921043;4.116494997284521e10;6.026553215916354e6
3.1060000000000003e-12;1.1549575035442032e-5;1.6907844274265798e-9;6.937214643690737e6;940.9774775981308;4.1115513637944e10;6.019050049144969e6
3.1070000000000004e-12;1.1556512250085724e-5;1.691725404904178e-9;6.937214643731852e6;940.9774776041498;4.106616630416508e10;6.011560868484404e6
3.108e-12;1.1563449464729455e-5;1.6926663823817821e-9;6.937214643772918e6;940.9774776101614;4.101690775799613e10;6.004085639236107e6
3.109e-12;1.1570386679373228e-5;1.6936073598593923e-9;6.937214643813935e6;940.9774776161654;4.096773778656474e10;5.996624326808955e6
3.1100000000000003e-12;1.1577323894017041e-5;1.6945483373370084e-9;6.937214643854903e6;940.977477622162;4.091865617763613e10;5.989176896718854e6
3.1110000000000004e-12;1.1584261108660897e-5;1.6954893148146305e-9;6.937214643895822e6;940.9774776281512;4.0869662719610695e10;5.9817433145883195e6
3.112e-12;1.1591198323304793e-5;1.6964302922922587e-9;6.937214643936691e6;940.9774776341329;4.082075720152196e10;5.974323546146117e6
3.113e-12;1.159813553794873e-5;1.6973712697698928e-9;6.937214643977512e6;940.9774776401073;4.077193941303415e10;5.966917557226846e6
3.1140000000000003e-12;1.1605072752592707e-5;1.698312247247533e-9;6.937214644018284e6;940.9774776460742;4.07232091444399e10;5.959525313770541e6
3.1150000000000004e-12;1.1612009967236726e-5;1.699253224725179e-9;6.937214644059007e6;940.9774776520338;4.067456618665823e10;5.952146781822315e6
3.116e-12;1.1618947181880784e-5;1.7001942022028312e-9;6.937214644099682e6;940.977477657986;4.062601033123198e10;5.94478192753193e6
3.117e-12;1.1625884396524884e-5;1.701135179680489e-9;6.937214644140308e6;940.9774776639308;4.057754137032581e10;5.937430717153436e6
3.1180000000000002e-12;1.1632821611169024e-5;1.702076157158153e-9;6.9372146441808855e6;940.9774776698682;4.052915909672394e10;5.930093117044787e6
3.1190000000000003e-12;1.1639758825813205e-5;1.703017134635823e-9;6.937214644221415e6;940.9774776757984;4.0480863303827805e10;5.92276909366744e6
3.1200000000000004e-12;1.1646696040457426e-5;1.7039581121134986e-9;6.937214644261896e6;940.9774776817211;4.043265378565408e10;5.915458613585999e6
3.121e-12;1.1653633255101689e-5;1.7048990895911803e-9;6.937214644302328e6;940.9774776876366;4.038453033683222e10;5.908161643467804e6
3.1220000000000002e-12;1.1660570469745991e-5;1.705840067068868e-9;6.937214644342713e6;940.9774776935448;4.033649275260247e10;5.900878150082583e6
3.1230000000000003e-12;1.1667507684390335e-5;1.7067810445465615e-9;6.93721464438305e6;940.9774776994457;4.028854082881365e10;5.8936081003020555e6
3.1240000000000004e-12;1.1674444899034717e-5;1.707722022024261e-9;6.937214644423338e6;940.9774777053393;4.024067436192089e10;5.886351461099567e6
3.125e-12;1.168138211367914e-5;1.7086629995019662e-9;6.937214644463578e6;940.9774777112257;4.019289314898355e10;5.879108199549702e6
3.1260000000000002e-12;1.1688319328323604e-5;1.7096039769796775e-9;6.937214644503771e6;940.9774777171048;4.0145196987663055e10;5.871878282827931e6
3.1270000000000003e-12;1.1695256542968108e-5;1.7105449544573946e-9;6.937214644543917e6;940.9774777229767;4.00975856762208e10;5.864661678210236e6
3.1280000000000004e-12;1.1702193757612652e-5;1.7114859319351176e-9;6.937214644584014e6;940.9774777288413;4.005005901351591e10;5.857458353072725e6
3.129e-12;1.1709130972257236e-5;1.7124269094128465e-9;6.937214644624064e6;940.9774777346988;4.00026167990032e10;5.850268274891285e6
3.13e-12;1.171606818690186e-5;1.713367886890581e-9;6.937214644664066e6;940.9774777405491;3.9955258832731026e10;5.8430914112412045e6
3.1310000000000003e-12;1.1723005401546524e-5;1.7143088643683217e-9;6.9372146447040215e6;940.9774777463922;3.990798491533921e10;5.835927729796822e6
3.1320000000000004e-12;1.1729942616191228e-5;1.7152498418460681e-9;6.93721464474393e6;940.9774777522281;3.9860794848056885e10;5.82877719833114e6
3.133e-12;1.1736879830835972e-5;1.7161908193238204e-9;6.93721464478379e6;940.9774777580568;3.981368843270046e10;5.821639784715492e6
3.134e-12;1.1743817045480756e-5;1.7171317968015784e-9;6.937214644823604e6;940.9774777638785;3.976666547167152e10;5.814515456919163e6
3.1350000000000003e-12;1.1750754260125578e-5;1.7180727742793422e-9;6.937214644863371e6;940.977477769693;3.971972576795475e10;5.807404183009048e6
3.1360000000000004e-12;1.1757691474770442e-5;1.719013751757112e-9;6.937214644903091e6;940.9774777755003;3.967286912511583e10;5.800305931149274e6
3.137e-12;1.1764628689415344e-5;1.7199547292348875e-9;6.937214644942763e6;940.9774777813006;3.962609534729952e10;5.793220669600872e6
3.138e-12;1.1771565904060288e-5;1.7208957067126689e-9;6.937214644982389e6;940.9774777870939;3.9579404239227394e10;5.78614836672139e6
3.1390000000000003e-12;1.177850311870527e-5;1.721836684190456e-9;6.9372146450219685e6;940.97747779288;3.9532795606196045e10;5.779088990964582e6
3.1400000000000004e-12;1.1785440333350293e-5;1.722777661668249e-9;6.937214645061501e6;940.977477798659;3.948626925407485e10;5.772042510880025e6
3.141e-12;1.1792377547995354e-5;1.7237186391460477e-9;6.9372146451009875e6;940.977477804431;3.9439824989304085e10;5.7650088951127855e6
3.142e-12;1.1799314762640455e-5;1.7246596166238523e-9;6.937214645140427e6;940.9774778101961;3.93934626188928e10;5.757988112403064e6
3.1430000000000002e-12;1.1806251977285595e-5;1.7256005941016624e-9;6.93721464517982e6;940.9774778159541;3.934718195041696e10;5.750980131585859e6
3.1440000000000003e-12;1.1813189191930775e-5;1.7265415715794783e-9;6.937214645219168e6;940.9774778217051;3.930098279201728e10;5.74398492159061e6
3.1450000000000004e-12;1.1820126406575994e-5;1.7274825490573e-9;6.937214645258469e6;940.9774778274491;3.925486495239736e10;5.737002451440873e6
3.146e-12;1.1827063621221253e-5;1.7284235265351275e-9;6.937214645297724e6;940.9774778331861;3.920882824082167e10;5.730032690253954e6
3.1470000000000002e-12;1.183400083586655e-5;1.7293645040129608e-9;6.9372146453369325e6;940.9774778389161;3.916287246711355e10;5.723075607240594e6
3.1480000000000003e-12;1.1840938050511886e-5;1.7303054814907996e-9;6.937214645376096e6;940.9774778446392;3.911699744165328e10;5.716131171704615e6
3.1490000000000004e-12;1.1847875265157263e-5;1.7312464589686443e-9;6.937214645415213e6;940.9774778503554;3.907120297537611e10;5.709199353042582e6
3.15e-12;1.1854812479802679e-5;1.7321874364464947e-9;6.937214645454284e6;940.9774778560646;3.9025488879770294e10;5.702280120743477e6
3.1510000000000002e-12;1.1861749694448133e-5;1.7331284139243507e-9;6.937214645493309e6;940.9774778617669;3.897985496687521e10;5.695373444388363e6
3.1520000000000003e-12;1.1868686909093627e-5;1.7340693914022125e-9;6.937214645532289e6;940.9774778674623;3.8934301049279366e10;5.68847929365004e6
3.1530000000000004e-12;1.187562412373916e-5;1.73501036888008e-9;6.9372146455712225e6;940.9774778731507;3.8888826940118515e10;5.681597638292733e6
3.154e-12;1.1882561338384731e-5;1.7359513463579531e-9;6.937214645610112e6;940.9774778788324;3.884343245307367e10;5.674728448171736e6
3.155e-12;1.1889498553030342e-5;1.736892323835832e-9;6.937214645648955e6;940.977477884507;3.879811740236931e10;5.667871693233106e6
3.1560000000000003e-12;1.1896435767675992e-5;1.7378333013137165e-9;6.937214645687753e6;940.9774778901749;3.875288160277137e10;5.661027343513328e6
3.1570000000000004e-12;1.190337298232168e-5;1.7387742787916066e-9;6.937214645726507e6;940.9774778958359;3.870772486958543e10;5.654195369138984e6
3.158e-12;1.1910310196967406e-5;1.7397152562695025e-9;6.937214645765214e6;940.9774779014901;3.8662647018654755e10;5.6473757403264325e6
3.159e-12;1.191724741161317e-5;1.740656233747404e-9;6.937214645803877e6;940.9774779071375;3.8617647866358475e10;5.6405684273814885e6
3.1600000000000003e-12;1.1924184626258974e-5;1.7415972112253112e-9;6.937214645842494e6;940.9774779127781;3.857272722960973e10;5.633773400699099e6
3.1610000000000004e-12;1.1931121840904817e-5;1.7425381887032239e-9;6.937214645881067e6;940.9774779184119;3.852788492585374e10;5.626990630763017e6
3.162e-12;1.1938059055550699e-5;1.7434791661811423e-9;6.937214645919595e6;940.9774779240389;3.848312077306594e10;5.620220088145489e6
3.163e-12;1.1944996270196618e-5;1.7444201436590664e-9;6.937214645958078e6;940.9774779296591;3.8438434589750244e10;5.6134617435069345e6
3.1640000000000003e-12;1.1951933484842576e-5;1.745361121136996e-9;6.937214645996517e6;940.9774779352726;3.839382619493716e10;5.60671556759564e6
3.1650000000000003e-12;1.1958870699488573e-5;1.7463020986149313e-9;6.93721464603491e6;940.9774779408793;3.834929540818185e10;5.599981531247418e6
3.1660000000000004e-12;1.1965807914134607e-5;1.747243076092872e-9;6.937214646073259e6;940.9774779464793;3.830484204956247e10;5.593259605385325e6
3.167e-12;1.197274512878068e-5;1.7481840535708185e-9;6.937214646111565e6;940.9774779520726;3.826046593967821e10;5.5865497610193165e6
3.1680000000000002e-12;1.1979682343426792e-5;1.7491250310487704e-9;6.937214646149825e6;940.9774779576592;3.8216166899647575e10;5.579851969245962e6
3.1690000000000003e-12;1.1986619558072941e-5;1.750066008526728e-9;6.937214646188041e6;940.977477963239;3.817194475110659e10;5.573166201248128e6
3.1700000000000004e-12;1.199355677271913e-5;1.7510069860046911e-9;6.937214646226213e6;940.9774779688122;3.812779931620695e10;5.566492428294666e6
3.171e-12;1.2000493987365355e-5;1.7519479634826599e-9;6.937214646264341e6;940.9774779743786;3.8083730417614204e10;5.559830621740098e6
3.1720000000000002e-12;1.200743120201162e-5;1.7528889409606342e-9;6.937214646302424e6;940.9774779799385;3.8039737878506035e10;5.553180753024316e6
3.1730000000000003e-12;1.2014368416657921e-5;1.753829918438614e-9;6.937214646340464e6;940.9774779854916;3.799582152257056e10;5.546542793672299e6
3.1740000000000004e-12;1.2021305631304262e-5;1.7547708959165995e-9;6.93721464637846e6;940.9774779910382;3.79519811740044e10;5.539916715293772e6
3.175e-12;1.202824284595064e-5;1.7557118733945906e-9;6.937214646416413e6;940.9774779965782;3.790821665751097e10;5.5333024895829195e6
3.176e-12;1.2035180060597057e-5;1.7566528508725873e-9;6.937214646454321e6;940.9774780021114;3.786452779829882e10;5.526700088318097e6
3.1770000000000003e-12;1.2042117275243511e-5;1.7575938283505893e-9;6.937214646492186e6;940.9774780076381;3.7820914422079865e10;5.520109483361525e6
3.1780000000000004e-12;1.2049054489890003e-5;1.7585348058285969e-9;6.937214646530007e6;940.9774780131581;3.777737635506744e10;5.513530646658965e6
3.179e-12;1.2055991704536533e-5;1.75947578330661e-9;6.937214646567784e6;940.9774780186717;3.7733913423974846e10;5.506963550239457e6
3.18e-12;1.2062928919183101e-5;1.7604167607846288e-9;6.937214646605518e6;940.9774780241787;3.769052545601355e10;5.500408166215013e6
3.1810000000000003e-12;1.2069866133829706e-5;1.761357738262653e-9;6.937214646643208e6;940.9774780296791;3.764721227889134e10;5.493864466780308e6
3.1820000000000004e-12;1.207680334847635e-5;1.7622987157406827e-9;6.937214646680855e6;940.977478035173;3.76039737208108e10;5.487332424212408e6
3.183e-12;1.2083740563123031e-5;1.7632396932187178e-9;6.937214646718459e6;940.9774780406603;3.75608096104674e10;5.480812010870453e6
3.184e-12;1.209067777776975e-5;1.7641806706967585e-9;6.93721464675602e6;940.9774780461412;3.751771977704803e10;5.474303199195396e6
3.1850000000000003e-12;1.2097614992416506e-5;1.7651216481748046e-9;6.937214646793538e6;940.9774780516154;3.74747040502291e10;5.467805961709684e6
3.1860000000000004e-12;1.2104552207063299e-5;1.7660626256528562e-9;6.937214646831012e6;940.9774780570832;3.7431762260175e10;5.461320271016984e6
3.187e-12;1.211148942171013e-5;1.7670036031309133e-9;6.937214646868444e6;940.9774780625445;3.738889423753637e10;5.454846099801894e6
3.188e-12;1.2118426636356997e-5;1.7679445806089759e-9;6.937214646905833e6;940.9774780679993;3.734609981344839e10;5.448383420829656e6
3.1890000000000002e-12;1.2125363851003903e-5;1.7688855580870439e-9;6.937214646943179e6;940.9774780734476;3.730337881952921e10;5.441932206945869e6
3.1900000000000003e-12;1.2132301065650847e-5;1.7698265355651172e-9;6.937214646980482e6;940.9774780788896;3.726073108787822e10;5.435492431076206e6
3.1910000000000004e-12;1.2139238280297828e-5;1.7707675130431962e-9;6.9372146470177425e6;940.9774780843251;3.7218156451074425e10;5.429064066226132e6
3.192e-12;1.2146175494944847e-5;1.7717084905212805e-9;6.937214647054961e6;940.9774780897542;3.717565474217483e10;5.422647085480624e6
3.1930000000000002e-12;1.2153112709591902e-5;1.7726494679993702e-9;6.937214647092137e6;940.9774780951768;3.71332257947127e10;5.416241462003877e6
3.1940000000000003e-12;1.2160049924238995e-5;1.7735904454774653e-9;6.937214647129269e6;940.9774781005931;3.709086944269608e10;5.409847169039051e6
3.1950000000000004e-12;1.2166987138886124e-5;1.774531422955566e-9;6.93721464716636e6;940.977478106003;3.7048585520606094e10;5.403464179907969e6
3.196e-12;1.217392435353329e-5;1.775472400433672e-9;6.937214647203409e6;940.9774781114064;3.700637386339528e10;5.397092468010845e6
3.1970000000000002e-12;1.2180861568180493e-5;1.7764133779117834e-9;6.937214647240415e6;940.9774781168035;3.6964234306486046e10;5.390732006826014e6
3.1980000000000003e-12;1.2187798782827733e-5;1.7773543553899002e-9;6.937214647277379e6;940.9774781221942;3.692216668576905e10;5.384382769909655e6
3.1990000000000004e-12;1.219473599747501e-5;1.7782953328680224e-9;6.937214647314302e6;940.9774781275786;3.688017083760165e10;5.378044730895516e6
3.2e-12;1.2201673212122325e-5;1.77923631034615e-9;6.937214647351182e6;940.9774781329567;3.6838246598806175e10;5.371717863494638e6
3.201e-12;1.2208610426769676e-5;1.7801772878242828e-9;6.9372146473880205e6;940.9774781383284;3.679639380666851e10;5.365402141495096e6
3.2020000000000003e-12;1.2215547641417063e-5;1.7811182653024211e-9;6.937214647424817e6;940.9774781436938;3.675461229893637e10;5.359097538761708e6
3.2030000000000004e-12;1.2222484856064488e-5;1.7820592427805648e-9;6.937214647461572e6;940.9774781490529;3.671290191381784e10;5.352804029235787e6
3.204e-12;1.222942207071195e-5;1.7830002202587139e-9;6.9372146474982845e6;940.9774781544057;3.667126248997977e10;5.346521586934858e6
3.205e-12;1.2236359285359448e-5;1.7839411977368683e-9;6.937214647534955e6;940.9774781597523;3.6629693866546165e10;5.340250185952401e6
3.2060000000000003e-12;1.2243296500006984e-5;1.784882175215028e-9;6.937214647571585e6;940.9774781650925;3.658819588309667e10;5.333989800457571e6
3.2070000000000004e-12;1.2250233714654556e-5;1.7858231526931933e-9;6.937214647608173e6;940.9774781704265;3.654676837966507e10;5.327740404694949e6
3.208e-12;1.2257170929302164e-5;1.7867641301713636e-9;6.93721464764472e6;940.9774781757542;3.6505411196737686e10;5.321501972984277e6
3.209e-12;1.2264108143949809e-5;1.7877051076495394e-9;6.937214647681225e6;940.9774781810756;3.646412417525183e10;5.3152744797201725e6
3.2100000000000003e-12;1.227104535859749e-5;1.7886460851277205e-9;6.937214647717689e6;940.977478186391;3.642290715659437e10;5.309057899371904e6
3.2110000000000004e-12;1.2277982573245208e-5;1.789587062605907e-9;6.937214647754112e6;940.9774781917;3.6381759982600044e10;5.302852206483095e6
3.2120000000000004e-12;1.2284919787892961e-5;1.7905280400840986e-9;6.937214647790494e6;940.9774781970028;3.634068249555013e10;5.296657375671491e6
3.213e-12;1.2291857002540752e-5;1.7914690175622956e-9;6.9372146478268355e6;940.9774782022995;3.629967453817077e10;5.290473381628673e6
3.2140000000000002e-12;1.2298794217188579e-5;1.7924099950404978e-9;6.937214647863135e6;940.9774782075899;3.62587359536316e10;5.284300199119839e6
3.2150000000000003e-12;1.2305731431836442e-5;1.7933509725187054e-9;6.937214647899394e6;940.9774782128742;3.621786658554413e10;5.278137802983507e6
3.2160000000000004e-12;1.2312668646484342e-5;1.7942919499969184e-9;6.937214647935612e6;940.9774782181523;3.617706627796036e10;5.271986168131288e6
3.217e-12;1.2319605861132277e-5;1.7952329274751365e-9;6.937214647971789e6;940.9774782234243;3.613633487537121e10;5.26584526954762e6
3.2180000000000002e-12;1.2326543075780249e-5;1.79617390495336e-9;6.937214648007926e6;940.9774782286902;3.609567222270506e10;5.259715082289509e6
3.2190000000000003e-12;1.2333480290428256e-5;1.7971148824315886e-9;6.937214648044021e6;940.9774782339499;3.6055078165326324e10;5.253595581486292e6
3.2200000000000004e-12;1.23404175050763e-5;1.7980558599098227e-9;6.937214648080076e6;940.9774782392035;3.601455254903391e10;5.247486742339378e6
3.221e-12;1.234735471972438e-5;1.798996837388062e-9;6.93721464811609e6;940.9774782444509;3.597409522005977e10;5.241388540121989e6
3.2220000000000002e-12;1.2354291934372496e-5;1.7999378148663063e-9;6.9372146481520645e6;940.9774782496924;3.593370602506749e10;5.235300950178929e6
3.2230000000000003e-12;1.2361229149020648e-5;1.800878792344556e-9;6.937214648187999e6;940.9774782549276;3.589338481115079e10;5.22922394792632e6
3.2240000000000004e-12;1.2368166363668836e-5;1.801819769822811e-9;6.937214648223892e6;940.9774782601569;3.585313142583209e10;5.223157508851366e6
3.225e-12;1.237510357831706e-5;1.802760747301071e-9;6.937214648259745e6;940.97747826538;3.581294571706105e10;5.2171016085120905e6
3.226e-12;1.238204079296532e-5;1.8037017247793366e-9;6.937214648295558e6;940.9774782705971;3.5772827533213165e10;5.211056222537115e6
3.2270000000000003e-12;1.2388978007613616e-5;1.8046427022576072e-9;6.937214648331331e6;940.9774782758082;3.573277672308835e10;5.2050213266253965e6
3.2280000000000004e-12;1.2395915222261947e-5;1.805583679735883e-9;6.937214648367064e6;940.9774782810132;3.569279313590946e10;5.198996896545991e6
3.229e-12;1.2402852436910314e-5;1.806524657214164e-9;6.937214648402757e6;940.9774782862122;3.565287662132087e10;5.192982908137804e6
3.23e-12;1.2409789651558716e-5;1.8074656346924502e-9;6.93721464843841e6;940.9774782914052;3.561302702938715e10;5.186979337309364e6
3.2310000000000003e-12;1.2416726866207155e-5;1.8084066121707415e-9;6.937214648474023e6;940.9774782965922;3.557324421059157e10;5.18098616003857e6
3.2320000000000004e-12;1.2423664080855628e-5;1.809347589649038e-9;6.937214648509596e6;940.9774783017731;3.553352801583471e10;5.175003352372452e6
3.233e-12;1.2430601295504137e-5;1.8102885671273399e-9;6.937214648545129e6;940.9774783069481;3.54938782964331e10;5.169030890426943e6
3.234e-12;1.2437538510152682e-5;1.811229544605647e-9;6.937214648580623e6;940.9774783121171;3.545429490411778e10;5.163068750386627e6
3.2350000000000003e-12;1.2444475724801262e-5;1.8121705220839591e-9;6.937214648616077e6;940.9774783172802;3.541477769103298e10;5.157116908504517e6
3.2360000000000003e-12;1.2451412939449878e-5;1.8131114995622765e-9;6.937214648651492e6;940.9774783224373;3.537532650973467e10;5.1511753411018085e6
3.2370000000000004e-12;1.245835015409853e-5;1.8140524770405989e-9;6.937214648686867e6;940.9774783275884;3.533594121318922e10;5.145244024567647e6
3.238e-12;1.2465287368747217e-5;1.8149934545189264e-9;6.937214648722203e6;940.9774783327337;3.5296621654772e10;5.1393229353589015e6
3.2390000000000002e-12;1.247222458339594e-5;1.815934431997259e-9;6.9372146487575e6;940.977478337873;3.5257367688266075e10;5.1334120499999225e6
3.2400000000000003e-12;1.2479161798044698e-5;1.816875409475597e-9;6.937214648792757e6;940.9774783430064;3.52181791678608e10;5.127511345082317e6
3.2410000000000004e-12;1.248609901269349e-5;1.81781638695394e-9;6.937214648827975e6;940.9774783481339;3.517905594815049e10;5.1216207972647175e6
3.242e-12;1.2493036227342317e-5;1.8187573644322881e-9;6.9372146488631535e6;940.9774783532555;3.5139997884133026e10;5.115740383272544e6
3.2430000000000002e-12;1.249997344199118e-5;1.8196983419106413e-9;6.937214648898293e6;940.9774783583713;3.5101004831208565e10;5.109870079897782e6
3.2440000000000003e-12;1.250691065664008e-5;1.8206393193889996e-9;6.937214648933394e6;940.9774783634812;3.506207664517815e10;5.104009863998752e6
3.2450000000000004e-12;1.2513847871289012e-5;1.8215802968673631e-9;6.937214648968456e6;940.9774783685851;3.502321318224245e10;5.09815971249989e6
3.246e-12;1.252078508593798e-5;1.8225212743457318e-9;6.93721464900348e6;940.9774783736833;3.4984414299000336e10;5.092319602391502e6
3.247e-12;1.2527722300586984e-5;1.8234622518241054e-9;6.937214649038464e6;940.9774783787757;3.494567985244767e10;5.086489510729561e6
3.2480000000000003e-12;1.2534659515236022e-5;1.8244032293024842e-9;6.93721464907341e6;940.9774783838621;3.4907009699975876e10;5.08066941463547e6
3.2490000000000004e-12;1.2541596729885095e-5;1.825344206780868e-9;6.937214649108317e6;940.9774783889428;3.48684036993707e10;5.0748592912958395e6
3.25e-12;1.2548533944534204e-5;1.826285184259257e-9;6.9372146491431855e6;940.9774783940177;3.4829861708810905e10;5.069059117962271e6
3.251e-12;1.2555471159183347e-5;1.827226161737651e-9;6.937214649178015e6;940.9774783990867;3.4791383586866875e10;5.06326887195112e6
3.2520000000000003e-12;1.2562408373832525e-5;1.8281671392160501e-9;6.9372146492128065e6;940.97747840415;3.475296919249949e10;5.057488530643297e6
3.2530000000000004e-12;1.2569345588481737e-5;1.8291081166944543e-9;6.93721464924756e6;940.9774784092075;3.471461838505862e10;5.051718071484029e6
3.254e-12;1.2576282803130985e-5;1.8300490941728635e-9;6.937214649282275e6;940.9774784142592;3.467633102428205e10;5.045957471982652e6
3.255e-12;1.2583220017780267e-5;1.8309900716512777e-9;6.937214649316951e6;940.9774784193052;3.463810697029402e10;5.040206709712382e6
3.2560000000000003e-12;1.2590157232429584e-5;1.831931049129697e-9;6.937214649351588e6;940.9774784243453;3.4599946083604034e10;5.034465762310105e6
3.2570000000000004e-12;1.2597094447078935e-5;1.8328720266081213e-9;6.937214649386188e6;940.9774784293799;3.456184822510565e10;5.028734607476167e6
3.258e-12;1.2604031661728322e-5;1.8338130040865508e-9;6.93721464942075e6;940.9774784344086;3.452381325607502e10;5.023013222974136e6
3.259e-12;1.2610968876377742e-5;1.8347539815649852e-9;6.937214649455274e6;940.9774784394316;3.448584103816986e10;5.017301586630612e6
3.2600000000000002e-12;1.2617906091027197e-5;1.8356949590434246e-9;6.93721464948976e6;940.9774784444489;3.4447931433428024e10;5.011599676335003e6
3.2610000000000003e-12;1.2624843305676687e-5;1.836635936521869e-9;6.937214649524208e6;940.9774784494605;3.44100843042663e10;5.005907470039302e6
3.2620000000000004e-12;1.263178052032621e-5;1.8375769140003185e-9;6.937214649558619e6;940.9774784544663;3.437229951347916e10;5.000224945757888e6
3.263e-12;1.2638717734975768e-5;1.838517891478773e-9;6.937214649592991e6;940.9774784594665;3.433457692423754e10;4.994552081567313e6
3.2640000000000002e-12;1.2645654949625362e-5;1.8394588689572324e-9;6.937214649627325e6;940.9774784644611;3.4296916400087635e10;4.988888855606089e6
3.2650000000000003e-12;1.2652592164274989e-5;1.8403998464356969e-9;6.937214649661622e6;940.97747846945;3.4259317804949512e10;4.983235246074473e6
3.2660000000000004e-12;1.265952937892465e-5;1.8413408239141662e-9;6.937214649695882e6;940.9774784744333;3.4221781003116062e10;4.977591231234265e6
3.267e-12;1.2666466593574347e-5;1.8422818013926406e-9;6.937214649730103e6;940.9774784794108;3.4184305859251675e10;4.971956789408599e6
3.2680000000000002e-12;1.2673403808224077e-5;1.84322277887112e-9;6.937214649764287e6;940.9774784843828;3.4146892238391018e10;4.96633189898173e6
3.2690000000000003e-12;1.2680341022873842e-5;1.8441637563496046e-9;6.937214649798434e6;940.9774784893491;3.410954000593789e10;4.96071653839884e6
3.2700000000000004e-12;1.268727823752364e-5;1.845104733828094e-9;6.937214649832544e6;940.9774784943098;3.4072249027663933e10;4.955110686165816e6
3.271e-12;1.2694215452173472e-5;1.8460457113065884e-9;6.937214649866616e6;940.977478499265;3.403501916970745e10;4.9495143208490545e6
3.272e-12;1.2701152666823339e-5;1.8469866887850878e-9;6.937214649900652e6;940.9774785042144;3.3997850298572243e10;4.943927421075259e6
3.2730000000000003e-12;1.2708089881473239e-5;1.8479276662635919e-9;6.9372146499346495e6;940.9774785091583;3.3960742281126385e10;4.938349965531233e6
3.2740000000000004e-12;1.2715027096123172e-5;1.848868643742101e-9;6.93721464996861e6;940.9774785140967;3.3923694984600986e10;4.932781932963673e6
3.275e-12;1.2721964310773142e-5;1.849809621220615e-9;6.937214650002534e6;940.9774785190294;3.3886708276589096e10;4.927223302178979e6
3.276e-12;1.2728901525423145e-5;1.850750598699134e-9;6.937214650036421e6;940.9774785239566;3.3849782025044453e10;4.921674052043043e6
3.2770000000000003e-12;1.2735838740073182e-5;1.851691576177658e-9;6.9372146500702705e6;940.9774785288784;3.3812916098280293e10;4.91613416148105e6
3.2780000000000004e-12;1.2742775954723253e-5;1.852632553656187e-9;6.937214650104083e6;940.9774785337945;3.3776110364968277e10;4.910603609477286e6
3.279e-12;1.2749713169373357e-5;1.8535735311347206e-9;6.937214650137859e6;940.9774785387051;3.373936469413721e10;4.905082375074934e6
3.28e-12;1.2756650384023494e-5;1.8545145086132593e-9;6.937214650171598e6;940.9774785436102;3.370267895517193e10;4.899570437375875e6
3.2810000000000003e-12;1.2763587598673665e-5;1.8554554860918029e-9;6.937214650205301e6;940.9774785485098;3.3666053017812107e10;4.894067775540487e6
3.2820000000000004e-12;1.277052481332387e-5;1.8563964635703515e-9;6.9372146502389675e6;940.9774785534039;3.362948675215118e10;4.8885743687874675e6
3.2830000000000005e-12;1.2777462027974109e-5;1.8573374410489048e-9;6.937214650272597e6;940.9774785582924;3.3592980028635056e10;4.883090196393611e6
3.284e-12;1.2784399242624381e-5;1.8582784185274631e-9;6.937214650306189e6;940.9774785631755;3.3556532718061115e10;4.877615237693638e6
3.2850000000000002e-12;1.2791336457274688e-5;1.8592193960060264e-9;6.937214650339746e6;940.9774785680531;3.3520144691576954e10;4.872149472079983e6
3.2860000000000003e-12;1.2798273671925028e-5;1.8601603734845944e-9;6.937214650373266e6;940.9774785729253;3.348381582067932e10;4.866692879002618e6
3.2870000000000004e-12;1.2805210886575401e-5;1.8611013509631674e-9;6.93721465040675e6;940.977478577792;3.3447545977212994e10;4.861245437968852e6
3.288e-12;1.2812148101225808e-5;1.8620423284417451e-9;6.937214650440197e6;940.9774785826532;3.3411335033369488e10;4.855807128543127e6
3.2890000000000002e-12;1.2819085315876248e-5;1.8629833059203276e-9;6.937214650473609e6;940.977478587509;3.3375182861686146e10;4.850377930346849e6
3.2900000000000003e-12;1.2826022530526722e-5;1.8639242833989153e-9;6.9372146505069835e6;940.9774785923594;3.3339089335044918e10;4.844957823058187e6
3.2910000000000004e-12;1.2832959745177229e-5;1.8648652608775075e-9;6.937214650540323e6;940.9774785972044;3.3303054326671192e10;4.8395467864118805e6
3.292e-12;1.2839896959827769e-5;1.8658062383561047e-9;6.937214650573626e6;940.9774786020439;3.3267077710132816e10;4.83414480019906e6
3.2930000000000002e-12;1.2846834174478343e-5;1.866747215834707e-9;6.937214650606893e6;940.9774786068781;3.3231159359338833e10;4.828751844267047e6
3.2940000000000003e-12;1.285377138912895e-5;1.8676881933133135e-9;6.937214650640124e6;940.9774786117068;3.3195299148538498e10;4.823367898519178e6
3.2950000000000004e-12;1.286070860377959e-5;1.868629170791925e-9;6.93721465067332e6;940.9774786165302;3.3159496952320095e10;4.817992942914609e6
3.296e-12;1.2867645818430262e-5;1.8695701482705418e-9;6.937214650706479e6;940.9774786213483;3.312375264560993e10;4.812626957468143e6
3.297e-12;1.2874583033080969e-5;1.870511125749163e-9;6.937214650739603e6;940.9774786261609;3.3088066103671143e10;4.807269922250024e6
3.2980000000000003e-12;1.2881520247731709e-5;1.871452103227789e-9;6.937214650772691e6;940.9774786309681;3.3052437202102654e10;4.801921817385769e6
3.2990000000000004e-12;1.2888457462382482e-5;1.87239308070642e-9;6.937214650805743e6;940.97747863577;3.3016865816838123e10;4.796582623055984e6
3.3e-12;1.2895394677033288e-5;1.873334058185056e-9;6.937214650838761e6;940.9774786405666;3.2981351824144844e10;4.791252319496173e6
3.301e-12;1.2902331891684126e-5;1.8742750356636964e-9;6.937214650871742e6;940.9774786453578;3.2945895100622574e10;4.785930886996557e6
3.3020000000000003e-12;1.2909269106334999e-5;1.8752160131423416e-9;6.937214650904687e6;940.9774786501437;3.2910495523202675e10;4.780618305901904e6
3.3030000000000004e-12;1.2916206320985903e-5;1.8761569906209917e-9;6.937214650937597e6;940.9774786549243;3.287515296914681e10;4.775314556611328e6
3.304e-12;1.292314353563684e-5;1.8770979680996468e-9;6.937214650970472e6;940.9774786596996;3.2839867316046032e10;4.77001961957813e6
3.305e-12;1.293008075028781e-5;1.8780389455783064e-9;6.937214651003312e6;940.9774786644697;3.280463844181967e10;4.7647334753096e6
3.3060000000000003e-12;1.2937017964938814e-5;1.878979923056971e-9;6.937214651036117e6;940.9774786692344;3.276946622471429e10;4.759456104366852e6
3.3070000000000003e-12;1.294395517958985e-5;1.87992090053564e-9;6.937214651068887e6;940.9774786739939;3.273435054330262e10;4.7541874873646395e6
3.3080000000000004e-12;1.2950892394240919e-5;1.8808618780143142e-9;6.937214651101621e6;940.9774786787481;3.269929127648254e10;4.7489276049711825e6
3.309e-12;1.295782960889202e-5;1.881802855492993e-9;6.937214651134321e6;940.977478683497;3.2664288303475983e10;4.743676437907982e6
3.3100000000000002e-12;1.2964766823543155e-5;1.8827438329716765e-9;6.937214651166985e6;940.9774786882407;3.2629341503827957e10;4.738433966949654e6
3.3110000000000003e-12;1.2971704038194322e-5;1.8836848104503647e-9;6.937214651199614e6;940.9774786929792;3.2594450757405445e10;4.7332001729237465e6
3.3120000000000004e-12;1.2978641252845522e-5;1.884625787929058e-9;6.937214651232208e6;940.9774786977124;3.2559615944396446e10;4.727975036710573e6
3.313e-12;1.2985578467496753e-5;1.8855667654077555e-9;6.937214651264768e6;940.9774787024404;3.2524836945308887e10;4.722758539243032e6
3.3140000000000002e-12;1.2992515682148019e-5;1.886507742886458e-9;6.937214651297293e6;940.9774787071632;3.2490113640969585e10;4.71755066150643e6
3.3150000000000003e-12;1.2999452896799316e-5;1.8874487203651653e-9;6.937214651329783e6;940.9774787118807;3.2455445912523323e10;4.712351384538324e6
3.3160000000000004e-12;1.3006390111450646e-5;1.888389697843877e-9;6.937214651362238e6;940.977478716593;3.2420833641431713e10;4.70716068942833e6
3.317e-12;1.3013327326102008e-5;1.8893306753225938e-9;6.93721465139466e6;940.9774787213003;3.2386276709472275e10;4.70197855731797e6
3.318e-12;1.3020264540753402e-5;1.890271652801315e-9;6.937214651427045e6;940.9774787260022;3.2351774998737373e10;4.696804969400489e6
3.3190000000000003e-12;1.3027201755404828e-5;1.891212630280041e-9;6.937214651459397e6;940.9774787306991;3.2317328391633217e10;4.691639906920685e6
3.3200000000000004e-12;1.3034138970056289e-5;1.8921536077587716e-9;6.937214651491714e6;940.9774787353907;3.2282936770878872e10;4.686483351174748e6
3.321e-12;1.3041076184707781e-5;1.893094585237507e-9;6.937214651523997e6;940.9774787400772;3.2248600019505306e10;4.681335283510088e6
3.322e-12;1.3048013399359306e-5;1.894035562716247e-9;6.937214651556246e6;940.9774787447585;3.2214318020854267e10;4.67619568532516e6
3.3230000000000003e-12;1.3054950614010863e-5;1.894976540194992e-9;6.93721465158846e6;940.9774787494347;3.2180090658577477e10;4.6710645380693115e6
3.3240000000000004e-12;1.3061887828662451e-5;1.8959175176737414e-9;6.93721465162064e6;940.9774787541057;3.2145917816635418e10;4.665941823242593e6
3.325e-12;1.3068825043314073e-5;1.8968584951524953e-9;6.937214651652786e6;940.9774787587717;3.2111799379296562e10;4.6608275223956155e6
3.326e-12;1.3075762257965726e-5;1.897799472631254e-9;6.937214651684898e6;940.9774787634325;3.2077735231136284e10;4.655721617129375e6
3.3270000000000003e-12;1.3082699472617412e-5;1.8987404501100176e-9;6.9372146517169755e6;940.9774787680882;3.2043725257035896e10;4.650624089095083e6
3.3280000000000004e-12;1.308963668726913e-5;1.8996814275887856e-9;6.9372146517490195e6;940.9774787727388;3.200976934218164e10;4.645534919994003e6
3.3290000000000005e-12;1.3096573901920877e-5;1.900622405067558e-9;6.937214651781029e6;940.9774787773844;3.1975867372063843e10;4.640454091577302e6
3.33e-12;1.3103511116572658e-5;1.9015633825463357e-9;6.937214651813005e6;940.9774787820248;3.1942019232475784e10;4.635381585645863e6
3.3310000000000002e-12;1.311044833122447e-5;1.9025043600251177e-9;6.937214651844947e6;940.9774787866602;3.190822480951289e10;4.630317384050148e6
3.3320000000000003e-12;1.3117385545876315e-5;1.9034453375039043e-9;6.937214651876855e6;940.9774787912905;3.1874483989571636e10;4.625261468690009e6
3.3330000000000004e-12;1.3124322760528192e-5;1.9043863149826955e-9;6.937214651908729e6;940.9774787959158;3.18407966593487e10;4.620213821514553e6
3.334e-12;1.3131259975180101e-5;1.9053272924614916e-9;6.93721465194057e6;940.977478800536;3.180716270583998e10;4.6151744245219715e6
3.3350000000000002e-12;1.3138197189832043e-5;1.9062682699402923e-9;6.937214651972378e6;940.9774788051512;3.1773582016339592e10;4.610143259759367e6
3.3360000000000003e-12;1.3145134404484015e-5;1.9072092474190975e-9;6.937214652004152e6;940.9774788097614;3.1740054478439014e10;4.60512030932262e6
3.3370000000000004e-12;1.3152071619136019e-5;1.9081502248979072e-9;6.937214652035892e6;940.9774788143665;3.170657998002607e10;4.600105555356202e6
3.338e-12;1.3159008833788055e-5;1.9090912023767216e-9;6.937214652067599e6;940.9774788189666;3.1673158409284058e10;4.595098980053042e6
3.3390000000000002e-12;1.3165946048440123e-5;1.9100321798555404e-9;6.937214652099272e6;940.9774788235617;3.163978965469076e10;4.590100565654358e6
3.3400000000000003e-12;1.3172883263092222e-5;1.910973157334364e-9;6.937214652130912e6;940.9774788281518;3.1606473605017536e10;4.585110294449494e6
3.3410000000000004e-12;1.3179820477744353e-5;1.9119141348131918e-9;6.937214652162518e6;940.9774788327369;3.1573210149328392e10;4.580128148775774e6
3.342e-12;1.3186757692396516e-5;1.9128551122920247e-9;6.937214652194091e6;940.977478837317;3.1539999176979065e10;4.575154111018342e6
3.343e-12;1.319369490704871e-5;1.913796089770862e-9;6.937214652225631e6;940.9774788418921;3.150684057761612e10;4.570188163610008e6
3.3440000000000003e-12;1.3200632121700936e-5;1.9147370672497042e-9;6.937214652257138e6;940.9774788464623;3.1473734241175972e10;4.565230289031092e6
3.3450000000000004e-12;1.3207569336353193e-5;1.9156780447285508e-9;6.937214652288612e6;940.9774788510275;3.1440680057884033e10;4.560280469809269e6
3.346e-12;1.3214506551005481e-5;1.916619022207402e-9;6.9372146523200525e6;940.9774788555878;3.1407677918253784e10;4.555338688519419e6
3.347e-12;1.3221443765657802e-5;1.9175599996862576e-9;6.93721465235146e6;940.9774788601432;3.137472771308585e10;4.5504049277834715e6
3.3480000000000003e-12;1.3228380980310153e-5;1.918500977165118e-9;6.937214652382835e6;940.9774788646936;3.1341829333467136e10;4.545479170270258e6
3.3490000000000004e-12;1.3235318194962537e-5;1.9194419546439826e-9;6.937214652414177e6;940.977478869239;3.1308982670769882e10;4.540561398695351e6
3.35e-12;1.324225540961495e-5;1.920382932122852e-9;6.937214652445486e6;940.9774788737795;3.127618761665079e10;4.535651595820921e6
3.351e-12;1.3249192624267397e-5;1.9213239096017258e-9;6.937214652476762e6;940.9774788783152;3.1243444063050144e10;4.530749744455585e6
3.3520000000000003e-12;1.3256129838919874e-5;1.922264887080604e-9;6.9372146525080055e6;940.977478882846;3.1210751902190872e10;4.525855827454251e6
3.3530000000000004e-12;1.3263067053572382e-5;1.923205864559487e-9;6.937214652539216e6;940.9774788873718;3.117811102657773e10;4.520969827717977e6
3.3540000000000005e-12;1.3270004268224922e-5;1.9241468420383747e-9;6.937214652570394e6;940.9774788918928;3.1145521328996365e10;4.516091728193816e6
3.355e-12;1.3276941482877492e-5;1.9250878195172667e-9;6.937214652601539e6;940.9774788964089;3.1112982702512424e10;4.511221511874666e6
3.3560000000000002e-12;1.3283878697530094e-5;1.926028796996163e-9;6.937214652632652e6;940.9774789009201;3.108049504047073e10;4.506359161799131e6
3.3570000000000003e-12;1.3290815912182726e-5;1.9269697744750637e-9;6.937214652663732e6;940.9774789054264;3.104805823649437e10;4.501504661051366e6
3.3580000000000004e-12;1.329775312683539e-5;1.927910751953969e-9;6.93721465269478e6;940.977478909928;3.101567218448385e10;4.496657992760934e6
3.359e-12;1.3304690341488084e-5;1.928851729432879e-9;6.937214652725796e6;940.9774789144246;3.098333677861616e10;4.491819140102655e6
3.3600000000000002e-12;1.331162755614081e-5;1.9297927069117932e-9;6.937214652756779e6;940.9774789189164;3.0951051913344032e10;4.486988086296471e6
3.3610000000000003e-12;1.3318564770793566e-5;1.930733684390712e-9;6.93721465278773e6;940.9774789234034;3.0918817483394974e10;4.4821648146072915e6
3.3620000000000004e-12;1.3325501985446355e-5;1.9316746618696357e-9;6.937214652818649e6;940.9774789278856;3.088663338377039e10;4.477349308344843e6
3.363e-12;1.3332439200099174e-5;1.9326156393485637e-9;6.937214652849535e6;940.9774789323629;3.085449950974491e10;4.472541550863555e6
3.3640000000000002e-12;1.3339376414752023e-5;1.933556616827496e-9;6.93721465288039e6;940.9774789368355;3.082241575686529e10;4.467741525562374e6
3.3650000000000003e-12;1.3346313629404903e-5;1.9344975943064327e-9;6.937214652911212e6;940.9774789413033;3.079038202094973e10;4.462949215884655e6
3.3660000000000004e-12;1.3353250844057815e-5;1.935438571785374e-9;6.937214652942003e6;940.9774789457663;3.075839819808697e10;4.458164605318001e6
3.367e-12;1.3360188058710757e-5;1.9363795492643198e-9;6.937214652972762e6;940.9774789502244;3.072646418463547e10;4.45338767739413e6
3.368e-12;1.336712527336373e-5;1.93732052674327e-9;6.937214653003488e6;940.9774789546777;3.0694579877222534e10;4.44861841568873e6
3.3690000000000003e-12;1.3374062488016734e-5;1.9382615042222247e-9;6.937214653034182e6;940.9774789591263;3.0662745172743523e10;4.443856803821318e6
3.3700000000000004e-12;1.3380999702669768e-5;1.9392024817011838e-9;6.937214653064845e6;940.9774789635702;3.0630959968360992e10;4.439102825455102e6
3.371e-12;1.3387936917322832e-5;1.9401434591801474e-9;6.937214653095476e6;940.9774789680093;3.0599224161503845e10;4.434356464296841e6
3.372e-12;1.3394874131975927e-5;1.9410844366591155e-9;6.937214653126076e6;940.9774789724437;3.0567537649866528e10;4.429617704096699e6
3.3730000000000003e-12;1.3401811346629053e-5;1.942025414138088e-9;6.937214653156644e6;940.9774789768733;3.053590033140821e10;4.424886528648119e6
3.3740000000000004e-12;1.3408748561282209e-5;1.9429663916170647e-9;6.93721465318718e6;940.9774789812982;3.0504312104351974e10;4.420162921787679e6
3.3750000000000005e-12;1.3415685775935395e-5;1.943907369096046e-9;6.9372146532176845e6;940.9774789857183;3.047277286718393e10;4.4154468673949465e6
3.376e-12;1.3422622990588612e-5;1.9448483465750316e-9;6.937214653248157e6;940.9774789901338;3.044128251865248e10;4.410738349392355e6
3.3770000000000003e-12;1.342956020524186e-5;1.9457893240540217e-9;6.937214653278599e6;940.9774789945445;3.040984095776746e10;4.406037351745057e6
3.3780000000000003e-12;1.3436497419895138e-5;1.9467303015330164e-9;6.937214653309008e6;940.9774789989506;3.0378448083799377e10;4.4013438584608e6
3.3790000000000004e-12;1.3443434634548446e-5;1.947671279012015e-9;6.937214653339387e6;940.977479003352;3.0347103796278503e10;4.3966578535897685e6
3.38e-12;1.3450371849201785e-5;1.9486122564910185e-9;6.937214653369734e6;940.9774790077486;3.031580799499419e10;4.391979321224478e6
3.3810000000000002e-12;1.3457309063855155e-5;1.9495532339700263e-9;6.93721465340005e6;940.9774790121405;3.0284560579994007e10;4.38730824549962e6
3.3820000000000003e-12;1.3464246278508554e-5;1.9504942114490383e-9;6.937214653430334e6;940.9774790165278;3.0253361451582928e10;4.382644610591931e6
3.3830000000000004e-12;1.3471183493161985e-5;1.951435188928055e-9;6.937214653460587e6;940.9774790209104;3.0222210510322586e10;4.377988400720066e6
3.384e-12;1.3478120707815446e-5;1.952376166407076e-9;6.93721465349081e6;940.9774790252884;3.0191107657030415e10;4.373339600144459e6
3.3850000000000002e-12;1.3485057922468937e-5;1.9533171438861012e-9;6.937214653521e6;940.9774790296617;3.0160052792778946e10;4.368698193167194e6
3.3860000000000003e-12;1.3491995137122457e-5;1.954258121365131e-9;6.93721465355116e6;940.9774790340304;3.0129045818894955e10;4.364064164131873e6
3.3870000000000004e-12;1.3498932351776008e-5;1.955199098844165e-9;6.93721465358129e6;940.9774790383944;3.0098086636958694e10;4.359437497423479e6
3.388e-12;1.350586956642959e-5;1.9561400763232034e-9;6.937214653611388e6;940.9774790427539;3.0067175148803104e10;4.354818177468251e6
3.389e-12;1.3512806781083201e-5;1.957081053802246e-9;6.937214653641455e6;940.9774790471087;3.003631125651307e10;4.3502061887335535e6
3.3900000000000003e-12;1.3519743995736843e-5;1.9580220312812932e-9;6.937214653671491e6;940.9774790514589;3.0005494862424603e10;4.345601515727739e6
3.3910000000000004e-12;1.3526681210390514e-5;1.9589630087603445e-9;6.937214653701496e6;940.9774790558045;2.9974725869124107e10;4.341004143000031e6
3.392e-12;1.3533618425044216e-5;1.9599039862394004e-9;6.937214653731471e6;940.9774790601455;2.9944004179447536e10;4.336414055140376e6
3.393e-12;1.3540555639697948e-5;1.9608449637184604e-9;6.937214653761415e6;940.9774790644819;2.991332969647977e10;4.33183123677934e6
3.3940000000000003e-12;1.3547492854351708e-5;1.961785941197525e-9;6.937214653791328e6;940.9774790688138;2.9882702323553684e10;4.327255672587955e6
3.3950000000000004e-12;1.35544300690055e-5;1.9627269186765936e-9;6.93721465382121e6;940.977479073141;2.9852121964249496e10;4.3226873472776115e6
3.396e-12;1.3561367283659321e-5;1.9636678961556668e-9;6.937214653851062e6;940.9774790774637;2.982158852239397e10;4.318126245599915e6
3.397e-12;1.3568304498313172e-5;1.964608873634744e-9;6.937214653880884e6;940.9774790817819;2.979110190205965e10;4.313572352346569e6
3.3980000000000003e-12;1.3575241712967053e-5;1.965549851113826e-9;6.937214653910675e6;940.9774790860955;2.976066200756413e10;4.309025652349248e6
3.3990000000000004e-12;1.3582178927620963e-5;1.966490828592912e-9;6.9372146539404355e6;940.9774790904046;2.9730268743469322e10;4.304486130479469e6
3.4000000000000005e-12;1.3589116142274903e-5;1.9674318060720027e-9;6.937214653970166e6;940.9774790947091;2.9699922014580654e10;4.299953771648468e6
3.401e-12;1.3596053356928874e-5;1.9683727835510974e-9;6.937214653999866e6;940.9774790990091;2.9669621725946323e10;4.295428560807067e6
3.4020000000000002e-12;1.3602990571582874e-5;1.9693137610301963e-9;6.937214654029536e6;940.9774791033045;2.9639367782856636e10;4.290910482945564e6
3.4030000000000003e-12;1.3609927786236904e-5;1.9702547385092997e-9;6.937214654059175e6;940.9774791075954;2.960916009084319e10;4.286399523093603e6
3.4040000000000004e-12;1.3616865000890963e-5;1.9711957159884072e-9;6.937214654088785e6;940.9774791118818;2.9578998555678165e10;4.281895666320043e6
3.405e-12;1.3623802215545052e-5;1.972136693467519e-9;6.937214654118364e6;940.9774791161637;2.954888308337356e10;4.277398897732841e6
3.4060000000000002e-12;1.363073943019917e-5;1.973077670946635e-9;6.937214654147913e6;940.9774791204411;2.9518813580180515e10;4.272909202478932e6
3.4070000000000003e-12;1.3637676644853319e-5;1.9740186484257555e-9;6.937214654177432e6;940.977479124714;2.9488789952588516e10;4.268426565744101e6
3.4080000000000004e-12;1.3644613859507497e-5;1.9749596259048804e-9;6.93721465420692e6;940.9774791289824;2.9458812107324738e10;4.263950972752865e6
3.409e-12;1.3651551074161703e-5;1.9759006033840095e-9;6.937214654236379e6;940.9774791332463;2.9428879951353283e10;4.259482408768356e6
3.4100000000000002e-12;1.365848828881594e-5;1.9768415808631427e-9;6.937214654265808e6;940.9774791375058;2.9398993391874413e10;4.255020859092182e6
3.4110000000000003e-12;1.3665425503470205e-5;1.97778255834228e-9;6.937214654295207e6;940.9774791417609;2.9369152336323925e10;4.250566309064328e6
3.4120000000000004e-12;1.36723627181245e-5;1.978723535821422e-9;6.937214654324576e6;940.9774791460114;2.93393566923724e10;4.246118744063031e6
3.413e-12;1.3679299932778825e-5;1.979664513300568e-9;6.937214654353916e6;940.9774791502575;2.930960636792439e10;4.241678149504642e6
3.414e-12;1.3686237147433178e-5;1.980605490779718e-9;6.937214654383225e6;940.9774791544992;2.9279901271117916e10;4.237244510843541e6
3.4150000000000003e-12;1.369317436208756e-5;1.9815464682588727e-9;6.937214654412505e6;940.9774791587364;2.9250241310323536e10;4.232817813571981e6
3.4160000000000004e-12;1.3700111576741974e-5;1.9824874457380316e-9;6.937214654441755e6;940.9774791629692;2.922062639414377e10;4.228398043219997e6
3.417e-12;1.3707048791396416e-5;1.9834284232171945e-9;6.9372146544709755e6;940.9774791671975;2.919105643141237e10;4.223985185355275e6
3.418e-12;1.3713986006050886e-5;1.9843694006963616e-9;6.937214654500167e6;940.9774791714216;2.9161531331193604e10;4.219579225583038e6
3.4190000000000003e-12;1.3720923220705385e-5;1.985310378175533e-9;6.937214654529328e6;940.9774791756412;2.9132051002781567e10;4.215180149545932e6
3.4200000000000004e-12;1.3727860435359915e-5;1.9862513556547087e-9;6.93721465455846e6;940.9774791798563;2.9102615355699486e10;4.210787942923905e6
3.421e-12;1.3734797650014474e-5;1.9871923331338886e-9;6.937214654587563e6;940.9774791840671;2.9073224299699013e10;4.206402591434091e6
3.422e-12;1.3741734864669061e-5;1.9881333106130727e-9;6.937214654616636e6;940.9774791882735;2.904387774475956e10;4.202024080830698e6
3.4230000000000003e-12;1.3748672079323678e-5;1.989074288092261e-9;6.93721465464568e6;940.9774791924755;2.9014575601087566e10;4.197652396904888e6
3.4240000000000004e-12;1.3755609293978323e-5;1.990015265571453e-9;6.937214654674695e6;940.9774791966731;2.8985317779115852e10;4.193287525484663e6
3.4250000000000005e-12;1.3762546508632997e-5;1.9909562430506497e-9;6.93721465470368e6;940.9774792008665;2.895610418950293e10;4.188929452434759e6
3.426e-12;1.3769483723287701e-5;1.9918972205298507e-9;6.937214654732636e6;940.9774792050554;2.892693474313225e10;4.1845781636565137e6
3.4270000000000002e-12;1.3776420937942434e-5;1.992838198009056e-9;6.937214654761563e6;940.97747920924;2.889780935111168e10;4.180233645087775e6
3.4280000000000003e-12;1.3783358152597196e-5;1.993779175488265e-9;6.937214654790461e6;940.9774792134202;2.8868727924772663e10;4.1758958827027706e6
3.4290000000000004e-12;1.3790295367251987e-5;1.9947201529674786e-9;6.93721465481933e6;940.9774792175962;2.8839690375669632e10;4.171564862512003e6
3.43e-12;1.3797232581906807e-5;1.995661130446696e-9;6.93721465484817e6;940.9774792217677;2.881069661557931e10;4.167240570562136e6
3.4310000000000002e-12;1.3804169796561655e-5;1.996602107925918e-9;6.93721465487698e6;940.9774792259349;2.8781746556500034e10;4.162922992935878e6
3.4320000000000003e-12;1.3811107011216532e-5;1.9975430854051437e-9;6.937214654905762e6;940.9774792300977;2.875284011065114e10;4.158612115751883e6
3.4330000000000004e-12;1.3818044225871438e-5;1.9984840628843736e-9;6.937214654934514e6;940.9774792342564;2.872397719047218e10;4.154307925164619e6
3.434e-12;1.3824981440526373e-5;1.9994250403636077e-9;6.937214654963238e6;940.9774792384108;2.8695157708622402e10;4.150010407364278e6
3.4350000000000002e-12;1.3831918655181336e-5;2.000366017842846e-9;6.937214654991933e6;940.9774792425608;2.866638157798001e10;4.145719548576656e6
3.4360000000000003e-12;1.3838855869836329e-5;2.0013069953220884e-9;6.937214655020599e6;940.9774792467065;2.8637648711641495e10;4.141435335063039e6
3.4370000000000004e-12;1.384579308449135e-5;2.002247972801335e-9;6.9372146550492365e6;940.9774792508479;2.8608959022921024e10;4.1371577531201025e6
3.438e-12;1.38527302991464e-5;2.0031889502805855e-9;6.937214655077846e6;940.977479254985;2.8580312425349743e10;4.1328867890797937e6
3.439e-12;1.3859667513801477e-5;2.0041299277598403e-9;6.937214655106426e6;940.9774792591179;2.8551708832675163e10;4.1286224293092303e6
3.4400000000000003e-12;1.3866604728456583e-5;2.0050709052390992e-9;6.937214655134978e6;940.9774792632466;2.8523148158860508e10;4.1243646602105894e6
3.4410000000000004e-12;1.3873541943111717e-5;2.0060118827183623e-9;6.9372146551635e6;940.9774792673709;2.8494630318083992e10;4.1201134682209906e6
3.442e-12;1.388047915776688e-5;2.0069528601976295e-9;6.937214655191995e6;940.977479271491;2.846615522473832e10;4.1158688398124073e6
3.443e-12;1.3887416372422073e-5;2.007893837676901e-9;6.937214655220461e6;940.9774792756069;2.843772279342988e10;4.111630761491536e6
3.4440000000000003e-12;1.3894353587077294e-5;2.0088348151561763e-9;6.937214655248899e6;940.9774792797185;2.8409332938978264e10;4.1073992197997165e6
3.4450000000000004e-12;1.3901290801732542e-5;2.009775792635456e-9;6.937214655277308e6;940.9774792838259;2.8380985576415485e10;4.1031742013127985e6
3.4460000000000005e-12;1.390822801638782e-5;2.0107167701147396e-9;6.937214655305689e6;940.9774792879291;2.8352680620985455e10;4.098955692641054e6
3.447e-12;1.3915165231043125e-5;2.0116577475940275e-9;6.937214655334041e6;940.9774792920281;2.832441798814326e10;4.094743680429061e6
3.4480000000000003e-12;1.392210244569846e-5;2.0125987250733195e-9;6.937214655362366e6;940.9774792961229;2.82961975935546e10;4.0905381513556046e6
3.4490000000000003e-12;1.3929039660353821e-5;2.0135397025526156e-9;6.937214655390662e6;940.9774793002134;2.8268019353095142e10;4.0863390921335737e6
3.4500000000000004e-12;1.3935976875009212e-5;2.014480680031916e-9;6.937214655418931e6;940.9774793042998;2.8239883182849842e10;4.0821464895098438e6
3.451e-12;1.3942914089664631e-5;2.0154216575112203e-9;6.93721465544717e6;940.9774793083819;2.82117889991124e10;4.077960330265188e6
3.4520000000000002e-12;1.3949851304320077e-5;2.016362634990529e-9;6.937214655475382e6;940.9774793124599;2.8183736718384563e10;4.0737806012141635e6
3.4530000000000003e-12;1.3956788518975552e-5;2.017303612469841e-9;6.937214655503565e6;940.9774793165336;2.8155726257375607e10;4.069607289205015e6
3.4540000000000004e-12;1.3963725733631056e-5;2.0182445899491576e-9;6.937214655531721e6;940.9774793206033;2.8127757533001553e10;4.06544038111956e6
3.455e-12;1.3970662948286587e-5;2.019185567428478e-9;6.937214655559849e6;940.9774793246687;2.809983046238475e10;4.0612798638731055e6
3.4560000000000002e-12;1.3977600162942147e-5;2.020126544907803e-9;6.937214655587949e6;940.9774793287299;2.8071944962853054e10;4.057125724414318e6
3.4570000000000003e-12;1.3984537377597736e-5;2.0210675223871316e-9;6.937214655616021e6;940.9774793327871;2.804410095193945e10;4.052977949725155e6
3.4580000000000004e-12;1.3991474592253352e-5;2.0220084998664646e-9;6.937214655644065e6;940.97747933684;2.8016298347381207e10;4.0488365268207323e6
3.459e-12;1.3998411806908996e-5;2.0229494773458013e-9;6.937214655672081e6;940.9774793408889;2.7988537067119434e10;4.0447014427492423e6
3.46e-12;1.4005349021564668e-5;2.023890454825142e-9;6.937214655700069e6;940.9774793449336;2.7960817029298397e10;4.0405726845918437e6
3.4610000000000003e-12;1.4012286236220368e-5;2.024831432304487e-9;6.93721465572803e6;940.9774793489742;2.7933138152264954e10;4.0364502394625684e6
3.4620000000000004e-12;1.4019223450876096e-5;2.025772409783836e-9;6.937214655755963e6;940.9774793530106;2.7905500354567936e10;4.032334094508214e6
3.463e-12;1.4026160665531852e-5;2.026713387263189e-9;6.937214655783868e6;940.977479357043;2.787790355495752e10;4.028224236908242e6
3.464e-12;1.4033097880187636e-5;2.027654364742546e-9;6.937214655811747e6;940.9774793610712;2.78503476723847e10;4.0241206538746934e6
3.4650000000000003e-12;1.4040035094843448e-5;2.028595342221907e-9;6.937214655839597e6;940.9774793650954;2.7822832626000645e10;4.0200233326520724e6
3.4660000000000004e-12;1.4046972309499288e-5;2.029536319701272e-9;6.93721465586742e6;940.9774793691154;2.7795358335156075e10;4.0159322605172535e6
3.467e-12;1.4053909524155156e-5;2.030477297180641e-9;6.937214655895215e6;940.9774793731314;2.7767924719400787e10;4.011847424779391e6
3.468e-12;1.4060846738811051e-5;2.031418274660014e-9;6.937214655922984e6;940.9774793771433;2.774053169848289e10;4.007768812779804e6
3.4690000000000003e-12;1.4067783953466973e-5;2.0323592521393914e-9;6.937214655950724e6;940.977479381151;2.771317919234841e10;4.0036964118918995e6
3.4700000000000004e-12;1.4074721168122925e-5;2.0333002296187727e-9;6.9372146559784375e6;940.9774793851548;2.7685867121140545e10;3.9996302095210534e6
3.4710000000000005e-12;1.4081658382778903e-5;2.0342412070981578e-9;6.937214656006123e6;940.9774793891544;2.765859540519919e10;3.995570193104533e6
3.472e-12;1.4088595597434908e-5;2.035182184577547e-9;6.937214656033781e6;940.9774793931499;2.7631363965060272e10;3.9915163501113825e6
3.4730000000000002e-12;1.4095532812090943e-5;2.0361231620569403e-9;6.937214656061413e6;940.9774793971415;2.7604172721455265e10;3.9874686680423445e6
3.4740000000000003e-12;1.4102470026747004e-5;2.0370641395363374e-9;6.937214656089017e6;940.9774794011289;2.757702159531052e10;3.9834271344297472e6
3.4750000000000004e-12;1.4109407241403092e-5;2.0380051170157386e-9;6.937214656116595e6;940.9774794051124;2.7549910507746746e10;3.979391736837421e6
3.476e-12;1.411634445605921e-5;2.0389460944951435e-9;6.937214656144144e6;940.9774794090918;2.752283938007845e10;3.975362462860598e6
3.4770000000000002e-12;1.4123281670715354e-5;2.0398870719745526e-9;6.937214656171666e6;940.9774794130672;2.7495808133813286e10;3.9713393001258154e6
3.4780000000000003e-12;1.4130218885371525e-5;2.0408280494539657e-9;6.937214656199162e6;940.9774794170385;2.7468816690651573e10;3.967322236290823e6
3.4790000000000004e-12;1.4137156100027724e-5;2.0417690269333827e-9;6.93721465622663e6;940.9774794210058;2.744186497248569e10;3.9633112590444917e6
3.48e-12;1.4144093314683951e-5;2.0427100044128037e-9;6.937214656254072e6;940.9774794249691;2.741495290139953e10;3.9593063561067125e6
3.4810000000000002e-12;1.4151030529340206e-5;2.0436509818922285e-9;6.937214656281487e6;940.9774794289284;2.738808039966788e10;3.9553075152283097e6
3.4820000000000003e-12;1.4157967743996487e-5;2.0445919593716574e-9;6.937214656308875e6;940.9774794328837;2.7361247389755947e10;3.9513147241909443e6
3.4830000000000004e-12;1.4164904958652796e-5;2.0455329368510904e-9;6.937214656336237e6;940.977479436835;2.7334453794318733e10;3.94732797080702e6
3.484e-12;1.4171842173309131e-5;2.046473914330527e-9;6.937214656363571e6;940.9774794407823;2.7307699536200497e10;3.9433472429195913e6
3.485e-12;1.4178779387965494e-5;2.047414891809968e-9;6.937214656390878e6;940.9774794447256;2.728098453843419e10;3.9393725284022717e6
3.4860000000000003e-12;1.4185716602621886e-5;2.0483558692894127e-9;6.93721465641816e6;940.977479448665;2.7254308724240944e10;3.935403815159144e6
3.4870000000000004e-12;1.4192653817278305e-5;2.0492968467688615e-9;6.937214656445414e6;940.9774794526004;2.7227672017029465e10;3.931441091124664e6
3.488e-12;1.419959103193475e-5;2.050237824248314e-9;6.937214656472641e6;940.9774794565318;2.7201074340395504e10;3.92748434426357e6
3.489e-12;1.4206528246591224e-5;2.0511788017277706e-9;6.937214656499842e6;940.9774794604593;2.717451561812132e10;3.9235335625707936e6
3.4900000000000003e-12;1.4213465461247724e-5;2.052119779207231e-9;6.937214656527016e6;940.9774794643829;2.714799577417514e10;3.9195887340713716e6
3.4910000000000004e-12;1.422040267590425e-5;2.0530607566866954e-9;6.937214656554164e6;940.9774794683025;2.712151473271058e10;3.9156498468203475e6
3.4920000000000005e-12;1.4227339890560805e-5;2.0540017341661636e-9;6.937214656581286e6;940.9774794722181;2.709507241806613e10;3.9117168889026875e6
3.493e-12;1.4234277105217386e-5;2.054942711645636e-9;6.937214656608381e6;940.9774794761298;2.70686687547646e10;3.9077898484331886e6
3.4940000000000003e-12;1.4241214319873995e-5;2.055883689125112e-9;6.93721465663545e6;940.9774794800376;2.7042303667512596e10;3.9038687135563907e6
3.4950000000000004e-12;1.424815153453063e-5;2.056824666604592e-9;6.937214656662492e6;940.9774794839415;2.7015977081199978e10;3.8999534724464854e6
3.4960000000000005e-12;1.4255088749187293e-5;2.057765644084076e-9;6.937214656689508e6;940.9774794878414;2.698968892089933e10;3.896044113307229e6
3.497e-12;1.4262025963843983e-5;2.0587066215635637e-9;6.937214656716498e6;940.9774794917374;2.6963439111865383e10;3.892140624371849e6
3.4980000000000002e-12;1.42689631785007e-5;2.0596475990430555e-9;6.937214656743461e6;940.9774794956296;2.693722757953456e10;3.8882429939029654e6
3.4990000000000003e-12;1.4275900393157444e-5;2.060588576522551e-9;6.937214656770399e6;940.9774794995178;2.6911054249524406e10;3.8843512101924955e6
3.5000000000000004e-12;1.4282837607814215e-5;2.0615295540020506e-9;6.93721465679731e6;940.9774795034022;2.6884919047633026e10;3.880465261561566e6
3.501e-12;1.4289774822471012e-5;2.062470531481554e-9;6.937214656824195e6;940.9774795072826;2.685882189983863e10;3.876585136360427e6
3.5020000000000002e-12;1.4296712037127835e-5;2.063411508961061e-9;6.937214656851053e6;940.9774795111592;2.683276273229897e10;3.87271082296837e6
3.5030000000000003e-12;1.4303649251784686e-5;2.0643524864405723e-9;6.937214656877886e6;940.977479515032;2.680674147135078e10;3.86884230979363e6
3.5040000000000004e-12;1.4310586466441564e-5;2.0652934639200872e-9;6.937214656904693e6;940.9774795189009;2.6780758043509335e10;3.864979585273308e6
3.505e-12;1.4317523681098469e-5;2.0662344413996063e-9;6.937214656931474e6;940.9774795227659;2.675481237546789e10;3.861122637873287e6
3.5060000000000002e-12;1.4324460895755401e-5;2.067175418879129e-9;6.937214656958229e6;940.977479526627;2.6728904394097157e10;3.857271456088134e6
3.5070000000000003e-12;1.4331398110412358e-5;2.0681163963586556e-9;6.937214656984958e6;940.9774795304843;2.6703034026444794e10;3.8534260284410296e6
3.5080000000000004e-12;1.4338335325069343e-5;2.0690573738381862e-9;6.937214657011661e6;940.9774795343377;2.6677201199734936e10;3.8495863434836725e6
3.509e-12;1.4345272539726355e-5;2.0699983513177206e-9;6.937214657038338e6;940.9774795381873;2.6651405841367565e10;3.8457523897961928e6
3.51e-12;1.4352209754383393e-5;2.0709393287972587e-9;6.937214657064989e6;940.977479542033;2.6625647878918156e10;3.841924155987078e6
3.5110000000000003e-12;1.4359146969040458e-5;2.071880306276801e-9;6.937214657091615e6;940.977479545875;2.659992724013705e10;3.8381016306930794e6
3.5120000000000004e-12;1.4366084183697549e-5;2.072821283756347e-9;6.937214657118214e6;940.977479549713;2.657424385294901e10;3.834284802579134e6
3.513e-12;1.4373021398354667e-5;2.0737622612358966e-9;6.937214657144789e6;940.9774795535474;2.6548597645452663e10;3.830473660338272e6
3.514e-12;1.4379958613011813e-5;2.07470323871545e-9;6.937214657171337e6;940.9774795573778;2.652298854592005e10;3.8266681926915445e6
3.5150000000000003e-12;1.4386895827668984e-5;2.0756442161950075e-9;6.93721465719786e6;940.9774795612045;2.6497416482796124e10;3.822868388387935e6
3.5160000000000004e-12;1.4393833042326182e-5;2.0765851936745688e-9;6.937214657224357e6;940.9774795650274;2.647188138469817e10;3.819074236204271e6
3.5170000000000005e-12;1.4400770256983407e-5;2.0775261711541337e-9;6.937214657250829e6;940.9774795688464;2.6446383180415455e10;3.8152857249451578e6
3.518e-12;1.4407707471640657e-5;2.0784671486337024e-9;6.937214657277276e6;940.9774795726618;2.6420921798908535e10;3.8115028434428703e6
3.5190000000000003e-12;1.4414644686297935e-5;2.0794081261132753e-9;6.9372146573036965e6;940.9774795764732;2.6395497169308945e10;3.807725580557298e6
3.5200000000000003e-12;1.4421581900955238e-5;2.080349103592852e-9;6.937214657330092e6;940.9774795802809;2.637010922091862e10;3.8039539251758484e6
3.5210000000000004e-12;1.4428519115612568e-5;2.081290081072432e-9;6.937214657356462e6;940.9774795840849;2.634475788320937e10;3.8001878662133617e6
3.522e-12;1.4435456330269926e-5;2.082231058552016e-9;6.937214657382807e6;940.9774795878851;2.6319443085822468e10;3.7964273926120424e6
3.5230000000000002e-12;1.4442393544927308e-5;2.083172036031604e-9;6.937214657409126e6;940.9774795916816;2.6294164758568123e10;3.792672493341373e6
3.5240000000000003e-12;1.4449330759584718e-5;2.0841130135111957e-9;6.93721465743542e6;940.9774795954743;2.626892283142498e10;3.788923157398028e6
3.5250000000000004e-12;1.4456267974242153e-5;2.0850539909907913e-9;6.937214657461689e6;940.9774795992632;2.6243717234539677e10;3.785179373805801e6
3.526e-12;1.4463205188899616e-5;2.0859949684703906e-9;6.937214657487933e6;940.9774796030484;2.6218547898226295e10;3.7814411316155177e6
3.5270000000000002e-12;1.4470142403557103e-5;2.0869359459499936e-9;6.937214657514151e6;940.9774796068299;2.6193414752965973e10;3.777708419904967e6
3.5280000000000003e-12;1.4477079618214618e-5;2.0878769234296004e-9;6.937214657540345e6;940.9774796106076;2.616831772940633e10;3.7739812277788077e6
3.5290000000000004e-12;1.4484016832872158e-5;2.088817900909211e-9;6.937214657566513e6;940.9774796143815;2.6143256758361023e10;3.770259544368496e6
3.53e-12;1.4490954047529726e-5;2.089758878388825e-9;6.937214657592656e6;940.9774796181518;2.6118231770809322e10;3.766543358832213e6
3.531e-12;1.4497891262187318e-5;2.0906998558684434e-9;6.937214657618774e6;940.9774796219184;2.609324269789557e10;3.762832660354777e6
3.5320000000000003e-12;1.4504828476844937e-5;2.0916408333480654e-9;6.937214657644867e6;940.9774796256812;2.6068289470928696e10;3.759127438147561e6
3.5330000000000004e-12;1.4511765691502582e-5;2.0925818108276912e-9;6.937214657670936e6;940.9774796294404;2.6043372021381794e10;3.755427681448425e6
3.534e-12;1.4518702906160252e-5;2.0935227883073207e-9;6.937214657696979e6;940.9774796331958;2.6018490280891674e10;3.7517333795216405e6
3.535e-12;1.452564012081795e-5;2.094463765786954e-9;6.9372146577229975e6;940.9774796369476;2.599364418125828e10;3.7480445216577933e6
3.5360000000000003e-12;1.4532577335475673e-5;2.095404743266591e-9;6.937214657748991e6;940.9774796406956;2.5968833654444363e10;3.7443610971737313e6
3.5370000000000004e-12;1.4539514550133422e-5;2.0963457207462315e-9;6.93721465777496e6;940.97747964444;2.594405863257491e10;3.7406830954124704e6
3.5380000000000005e-12;1.4546451764791198e-5;2.097286698225876e-9;6.937214657800904e6;940.9774796481806;2.5919319047936718e10;3.7370105057431203e6
3.539e-12;1.4553388979448999e-5;2.098227675705524e-9;6.937214657826823e6;940.9774796519176;2.5894614832977943e10;3.7333433175608125e6
3.5400000000000003e-12;1.4560326194106825e-5;2.099168653185176e-9;6.937214657852718e6;940.977479655651;2.5869945920307636e10;3.7296815202866257e6
3.5410000000000004e-12;1.4567263408764677e-5;2.1001096306648314e-9;6.937214657878588e6;940.9774796593807;2.5845312242695255e10;3.726025103367498e6
3.5420000000000005e-12;1.4574200623422556e-5;2.1010506081444907e-9;6.937214657904433e6;940.9774796631067;2.5820713733070225e10;3.7223740562761626e6
3.543e-12;1.458113783808046e-5;2.1019915856241537e-9;6.937214657930254e6;940.977479666829;2.57961503245215e10;3.718728368511069e6
3.5440000000000002e-12;1.458807505273839e-5;2.1029325631038204e-9;6.93721465795605e6;940.9774796705477;2.5771621950297073e10;3.715088029596307e6
3.5450000000000003e-12;1.4595012267396346e-5;2.103873540583491e-9;6.937214657981821e6;940.9774796742628;2.5747128543803566e10;3.7114530290815304e6
3.5460000000000004e-12;1.4601949482054328e-5;2.104814518063165e-9;6.937214658007569e6;940.9774796779742;2.572267003860571e10;3.7078233565418827e6
3.547e-12;1.4608886696712336e-5;2.105755495542843e-9;6.937214658033292e6;940.977479681682;2.569824636842597e10;3.704199001577927e6
3.5480000000000002e-12;1.461582391137037e-5;2.1066964730225245e-9;6.93721465805899e6;940.9774796853861;2.5673857467144066e10;3.700579953815566e6
3.5490000000000003e-12;1.4622761126028428e-5;2.10763745050221e-9;6.937214658084664e6;940.9774796890867;2.5649503268796494e10;3.696966202905969e6
3.5500000000000004e-12;1.4629698340686512e-5;2.108578427981899e-9;6.937214658110313e6;940.9774796927837;2.562518370757613e10;3.6933577385255033e6
3.551e-12;1.4636635555344623e-5;2.1095194054615917e-9;6.937214658135938e6;940.9774796964771;2.5600898717831753e10;3.689754550375651e6
3.5520000000000002e-12;1.464357277000276e-5;2.1104603829412882e-9;6.93721465816154e6;940.9774797001668;2.557664823406761e10;3.6861566281829444e6
3.5530000000000003e-12;1.4650509984660922e-5;2.1114013604209884e-9;6.9372146581871165e6;940.977479703853;2.5552432190943012e10;3.6825639616988944e6
3.5540000000000004e-12;1.4657447199319109e-5;2.1123423379006924e-9;6.937214658212669e6;940.9774797075355;2.5528250523271812e10;3.6789765406999066e6
3.555e-12;1.4664384413977322e-5;2.1132833153804e-9;6.937214658238198e6;940.9774797112145;2.550410316602202e10;3.6753943549872166e6
3.556e-12;1.467132162863556e-5;2.1142242928601114e-9;6.937214658263702e6;940.9774797148899;2.547999005431539e10;3.671817394386821e6
3.5570000000000003e-12;1.4678258843293823e-5;2.115165270339826e-9;6.937214658289182e6;940.9774797185618;2.5455911123426933e10;3.668245648749396e6
3.5580000000000004e-12;1.4685196057952112e-5;2.1161062478195446e-9;6.937214658314638e6;940.97747972223;2.5431866308784492e10;3.6646791079502343e6
3.559e-12;1.4692133272610427e-5;2.1170472252992667e-9;6.937214658340069e6;940.9774797258947;2.540785554596833e10;3.661117761889166e6
3.56e-12;1.4699070487268767e-5;2.1179882027789926e-9;6.937214658365477e6;940.9774797295559;2.5383878770710697e10;3.657561600490496e6
3.5610000000000003e-12;1.4706007701927132e-5;2.118929180258722e-9;6.937214658390861e6;940.9774797332134;2.535993591889539e10;3.654010613702927e6
3.5620000000000004e-12;1.4712944916585523e-5;2.1198701577384555e-9;6.937214658416221e6;940.9774797368674;2.5336026926557297e10;3.6504647914994843e6
3.5630000000000005e-12;1.4719882131243939e-5;2.1208111352181925e-9;6.937214658441557e6;940.9774797405179;2.531215172988204e10;3.6469241238774583e6
3.564e-12;1.472681934590238e-5;2.121752112697933e-9;6.937214658466869e6;940.9774797441648;2.528831026520548e10;3.6433886008583223e6
3.5650000000000003e-12;1.4733756560560847e-5;2.122693090177677e-9;6.937214658492157e6;940.9774797478083;2.526450246901333e10;3.639858212487668e6
3.5660000000000004e-12;1.474069377521934e-5;2.1236340676574247e-9;6.937214658517422e6;940.9774797514482;2.5240728277940723e10;3.6363329488351336e6
3.5670000000000005e-12;1.4747630989877857e-5;2.124575045137176e-9;6.937214658542663e6;940.9774797550846;2.5216987628771782e10;3.6328127999943364e6
3.568e-12;1.47545682045364e-5;2.1255160226169314e-9;6.93721465856788e6;940.9774797587174;2.519328045843921e10;3.6292977560827998e6
3.5690000000000002e-12;1.4761505419194969e-5;2.12645700009669e-9;6.9372146585930735e6;940.9774797623468;2.5169606704023895e10;3.625787807241889e6
3.5700000000000003e-12;1.4768442633853561e-5;2.1273979775764522e-9;6.937214658618243e6;940.9774797659726;2.514596630275442e10;3.622282943636738e6
3.5710000000000004e-12;1.4775379848512179e-5;2.128338955056218e-9;6.937214658643389e6;940.9774797695949;2.5122359192006718e10;3.61878315545618e6
3.572e-12;1.4782317063170822e-5;2.129279932535988e-9;6.937214658668512e6;940.9774797732136;2.5098785309303642e10;3.6152884329126864e6
3.5730000000000002e-12;1.478925427782949e-5;2.130220910015761e-9;6.937214658693611e6;940.9774797768289;2.5075244592314503e10;3.6117987662422853e6
3.5740000000000003e-12;1.4796191492488184e-5;2.1311618874955377e-9;6.937214658718686e6;940.9774797804407;2.5051736978854744e10;3.608314145704509e6
3.5750000000000004e-12;1.4803128707146903e-5;2.132102864975318e-9;6.937214658743737e6;940.977479784049;2.502826240688546e10;3.604834561582318e6
3.576e-12;1.4810065921805646e-5;2.1330438424551023e-9;6.937214658768766e6;940.9774797876538;2.5004820814512997e10;3.60136000418203e6
3.5770000000000002e-12;1.4817003136464415e-5;2.13398481993489e-9;6.937214658793771e6;940.9774797912552;2.49814121399886e10;3.5978904638332613e6
3.5780000000000003e-12;1.4823940351123209e-5;2.134925797414681e-9;6.9372146588187525e6;940.977479794853;2.4958036321707905e10;3.5944259308888493e6
3.5790000000000004e-12;1.4830877565782028e-5;2.135866774894476e-9;6.93721465884371e6;940.9774797984475;2.493469329821064e10;3.590966395724799e6
3.58e-12;1.483781478044087e-5;2.136807752374274e-9;6.937214658868644e6;940.9774798020384;2.4911383008180172e10;3.5875118487402042e6
3.581e-12;1.484475199509974e-5;2.137748729854076e-9;6.937214658893555e6;940.9774798056259;2.488810539044308e10;3.5840622803571876e6
3.5820000000000003e-12;1.4851689209758633e-5;2.138689707333882e-9;6.937214658918443e6;940.97747980921;2.486486038396878e10;3.5806176810208284e6
3.5830000000000004e-12;1.4858626424417552e-5;2.1396306848136913e-9;6.937214658943308e6;940.9774798127905;2.4841647927869164e10;3.5771780411991095e6
3.584e-12;1.4865563639076495e-5;2.140571662293504e-9;6.93721465896815e6;940.9774798163677;2.4818467961398117e10;3.5737433513828344e6
3.585e-12;1.4872500853735463e-5;2.1415126397733204e-9;6.9372146589929685e6;940.9774798199414;2.4795320423951195e10;3.570313602085575e6
3.5860000000000003e-12;1.4879438068394457e-5;2.14245361725314e-9;6.937214659017764e6;940.9774798235118;2.4772205255065186e10;3.5668887838435993e6
3.5870000000000004e-12;1.4886375283053475e-5;2.1433945947329636e-9;6.937214659042536e6;940.9774798270787;2.4749122394417713e10;3.563468887215808e6
3.5880000000000005e-12;1.4893312497712517e-5;2.144335572212791e-9;6.937214659067285e6;940.9774798306422;2.4726071781826897e10;3.5600539027836747e6
3.589e-12;1.4900249712371584e-5;2.1452765496926213e-9;6.937214659092011e6;940.9774798342023;2.4703053357250896e10;3.556643821151173e6
3.5900000000000003e-12;1.4907186927030676e-5;2.1462175271724556e-9;6.937214659116714e6;940.977479837759;2.4680067060787514e10;3.553238632944711e6
3.5910000000000003e-12;1.4914124141689793e-5;2.1471585046522935e-9;6.937214659141394e6;940.9774798413123;2.465711283267389e10;3.5498383288130825e6
3.5920000000000004e-12;1.4921061356348935e-5;2.1480994821321348e-9;6.937214659166051e6;940.9774798448622;2.4634190613286037e10;3.5464428994273855e6
3.593e-12;1.4927998571008101e-5;2.1490404596119797e-9;6.9372146591906855e6;940.9774798484086;2.461130034313846e10;3.543052335480964e6
3.5940000000000002e-12;1.4934935785667291e-5;2.149981437091828e-9;6.937214659215297e6;940.9774798519517;2.4588441962883812e10;3.539666627689351e6
3.5950000000000003e-12;1.4941873000326507e-5;2.15092241457168e-9;6.937214659239885e6;940.9774798554913;2.4565615413312454e10;3.536285766790193e6
3.5960000000000004e-12;1.4948810214985746e-5;2.1518633920515354e-9;6.937214659264451e6;940.9774798590275;2.454282063535213e10;3.5329097435431993e6
3.597e-12;1.4955747429645011e-5;2.1528043695313944e-9;6.937214659288994e6;940.9774798625605;2.452005757006752e10;3.529538548730069e6
3.5980000000000002e-12;1.49626846443043e-5;2.153745347011257e-9;6.937214659313514e6;940.97747986609;2.449732615865994e10;3.526172173154436e6
3.5990000000000003e-12;1.4969621858963614e-5;2.1546863244911232e-9;6.937214659338011e6;940.9774798696162;2.447462634246689e10;3.5228106076418017e6
3.6000000000000004e-12;1.4976559073622951e-5;2.155627301970993e-9;6.937214659362486e6;940.977479873139;2.44519580629617e10;3.519453843039474e6
3.601e-12;1.4983496288282314e-5;2.156568279450866e-9;6.9372146593869375e6;940.9774798766584;2.442932126175316e10;3.5161018702165023e6
3.602e-12;1.4990433502941701e-5;2.157509256930743e-9;6.937214659411367e6;940.9774798801745;2.4406715880585144e10;3.5127546800636244e6
3.6030000000000003e-12;1.4997370717601113e-5;2.158450234410623e-9;6.937214659435774e6;940.9774798836874;2.4384141861336224e10;3.509412263493194e6
3.6040000000000004e-12;1.5004307932260549e-5;2.159391211890507e-9;6.937214659460158e6;940.9774798871968;2.436159914601929e10;3.5060746114391214e6
3.605e-12;1.5011245146920009e-5;2.160332189370394e-9;6.93721465948452e6;940.9774798907029;2.4339087676781235e10;3.502741714856825e6
3.606e-12;1.5018182361579494e-5;2.161273166850285e-9;6.937214659508859e6;940.9774798942055;2.431660739590247e10;3.499413564723147e6
3.6070000000000003e-12;1.5025119576239002e-5;2.1622141443301792e-9;6.937214659533176e6;940.9774798977049;2.4294158245796688e10;3.4960901520363167e6
3.6080000000000004e-12;1.5032056790898535e-5;2.1631551218100767e-9;6.93721465955747e6;940.977479901201;2.4271740169010406e10;3.4927714678158727e6
3.6090000000000005e-12;1.5038994005558093e-5;2.164096099289978e-9;6.937214659581742e6;940.9774799046938;2.4249353108222603e10;3.4894575031026085e6
3.61e-12;1.5045931220217674e-5;2.1650370767698825e-9;6.937214659605992e6;940.9774799081833;2.4226997006244396e10;3.486148248958513e6
3.6110000000000003e-12;1.505286843487728e-5;2.1659780542497907e-9;6.937214659630219e6;940.9774799116694;2.4204671806018654e10;3.48284369646671e6
3.6120000000000004e-12;1.505980564953691e-5;2.1669190317297023e-9;6.9372146596544245e6;940.9774799151522;2.4182377450619595e10;3.4795438367313948e6
3.6130000000000005e-12;1.5066742864196565e-5;2.1678600092096176e-9;6.937214659678607e6;940.9774799186317;2.416011388325251e10;3.476248660877783e6
3.614e-12;1.5073680078856243e-5;2.168800986689536e-9;6.937214659702768e6;940.9774799221079;2.4137881047253307e10;3.472958160052038e6
3.6150000000000002e-12;1.5080617293515946e-5;2.169741964169458e-9;6.937214659726906e6;940.9774799255808;2.4115678886088226e10;3.469672325421224e6
3.6160000000000003e-12;1.5087554508175674e-5;2.1706829416493837e-9;6.937214659751021e6;940.9774799290506;2.409350734335343e10;3.466391148173243e6
3.6170000000000004e-12;1.5094491722835425e-5;2.1716239191293127e-9;6.937214659775115e6;940.977479932517;2.4071366362774673e10;3.4631146195167704e6
3.618e-12;1.51014289374952e-5;2.1725648966092453e-9;6.937214659799186e6;940.9774799359801;2.4049255888206913e10;3.459842730681204e6
3.6190000000000002e-12;1.5108366152154998e-5;2.1735058740891813e-9;6.937214659823235e6;940.97747993944;2.4027175863634007e10;3.4565754729166e6
3.6200000000000003e-12;1.5115303366814822e-5;2.1744468515691206e-9;6.937214659847262e6;940.9774799428965;2.400512623316831e10;3.453312837493618e6
3.6210000000000004e-12;1.512224058147467e-5;2.1753878290490636e-9;6.937214659871267e6;940.9774799463498;2.398310694105032e10;3.4500548157034605e6
3.622e-12;1.512917779613454e-5;2.17632880652901e-9;6.937214659895251e6;940.9774799497999;2.3961117931648396e10;3.4468013988578203e6
3.6230000000000002e-12;1.5136115010794435e-5;2.1772697840089595e-9;6.937214659919212e6;940.9774799532466;2.39391591494583e10;3.443552578288813e6
3.6240000000000003e-12;1.5143052225454354e-5;2.178210761488913e-9;6.93721465994315e6;940.9774799566902;2.3917230539102936e10;3.440308345348929e6
3.6250000000000004e-12;1.5149989440114297e-5;2.1791517389688695e-9;6.937214659967068e6;940.9774799601305;2.389533204533194e10;3.4370686914109695e6
3.626e-12;1.5156926654774264e-5;2.1800927164488294e-9;6.937214659990963e6;940.9774799635676;2.3873463613021374e10;3.4338336078679925e6
3.627e-12;1.5163863869434256e-5;2.181033693928793e-9;6.937214660014836e6;940.9774799670014;2.385162518717335e10;3.430603086133256e6
3.6280000000000003e-12;1.5170801084094271e-5;2.18197467140876e-9;6.937214660038687e6;940.977479970432;2.3829816712915718e10;3.4273771176401614e6
3.6290000000000004e-12;1.517773829875431e-5;2.1829156488887304e-9;6.937214660062517e6;940.9774799738594;2.3808038135501682e10;3.424155693842193e6
3.63e-12;1.5184675513414373e-5;2.1838566263687044e-9;6.937214660086325e6;940.9774799772836;2.3786289400309464e10;3.4209388062128657e6
3.631e-12;1.519161272807446e-5;2.1847976038486818e-9;6.937214660110111e6;940.9774799807045;2.376457045284202e10;3.417726446245671e6
3.6320000000000003e-12;1.519854994273457e-5;2.1857385813286624e-9;6.937214660133876e6;940.9774799841223;2.374288123872657e10;3.414518605454007e6
3.6330000000000004e-12;1.5205487157394703e-5;2.1866795588086463e-9;6.937214660157619e6;940.9774799875368;2.372122170371443e10;3.4113152753711473e6
3.6340000000000005e-12;1.521242437205486e-5;2.187620536288634e-9;6.93721466018134e6;940.977479990948;2.3699591793680527e10;3.4081164475501613e6
3.635e-12;1.5219361586715042e-5;2.188561513768625e-9;6.937214660205039e6;940.9774799943561;2.3677991454623108e10;3.4049221135638678e6
3.6360000000000003e-12;1.5226298801375247e-5;2.1895024912486193e-9;6.937214660228717e6;940.9774799977611;2.365642063266345e10;3.4017322650047843e6
3.6370000000000004e-12;1.5233236016035476e-5;2.190443468728617e-9;6.937214660252374e6;940.9774800011628;2.363487927404543e10;3.398546893485064e6
3.6380000000000005e-12;1.5240173230695728e-5;2.191384446208618e-9;6.937214660276009e6;940.9774800045614;2.3613367325135303e10;3.3953659906364502e6
3.639e-12;1.5247110445356004e-5;2.192325423688623e-9;6.937214660299622e6;940.9774800079567;2.359188473242127e10;3.3921895481102075e6
3.640000000000001e-12;1.5254047660016304e-5;2.1932664011686307e-9;6.937214660323215e6;940.9774800113489;2.3570431442513184e10;3.38901755757708e6
3.641e-12;1.5260984874676628e-5;2.194207378648642e-9;6.937214660346786e6;940.9774800147379;2.3549007402142254e10;3.3858500107272347e6
3.642e-12;1.5267922089336975e-5;2.1951483561286565e-9;6.937214660370335e6;940.9774800181237;2.352761255816064e10;3.382686899270199e6
3.6430000000000005e-12;1.5274859303997346e-5;2.196089333608675e-9;6.937214660393863e6;940.9774800215064;2.3506246857541187e10;3.379528214934817e6
3.644e-12;1.528179651865774e-5;2.1970303110886964e-9;6.93721466041737e6;940.977480024886;2.3484910247377037e10;3.3763739494691854e6
3.645e-12;1.528873373331816e-5;2.1979712885687213e-9;6.937214660440855e6;940.9774800282623;2.3463602674881393e10;3.3732240946406135e6
3.6460000000000004e-12;1.52956709479786e-5;2.1989122660487495e-9;6.9372146604643185e6;940.9774800316355;2.3442324087387108e10;3.370078642235556e6
3.647e-12;1.5302608162639067e-5;2.199853243528781e-9;6.937214660487761e6;940.9774800350057;2.3421074432346363e10;3.3669375840595644e6
3.648000000000001e-12;1.5309545377299554e-5;2.200794221008816e-9;6.937214660511182e6;940.9774800383726;2.339985365733038e10;3.3638009119372345e6
3.649e-12;1.5316482591960063e-5;2.2017351984888544e-9;6.937214660534581e6;940.9774800417364;2.3378661710029144e10;3.3606686177121606e6
3.65e-12;1.5323419806620597e-5;2.202676175968896e-9;6.93721466055796e6;940.9774800450971;2.3357498538250916e10;3.3575406932468615e6
3.6510000000000005e-12;1.5330357021281154e-5;2.2036171534489414e-9;6.937214660581318e6;940.9774800484546;2.333636408992208e10;3.35441713042275e6
3.652e-12;1.5337294235941736e-5;2.20455813092899e-9;6.937214660604654e6;940.977480051809;2.331525831308679e10;3.3512979211400757e6
3.653e-12;1.534423145060234e-5;2.2054991084090416e-9;6.93721466062797e6;940.9774800551603;2.3294181155906548e10;3.3481830573178586e6
3.654e-12;1.535116866526297e-5;2.2064400858890967e-9;6.937214660651264e6;940.9774800585085;2.327313256666e10;3.3450725308938543e6
3.655e-12;1.535810587992362e-5;2.207381063369155e-9;6.937214660674537e6;940.9774800618536;2.3252112493742584e10;3.341966333824492e6
3.6560000000000006e-12;1.5365043094584297e-5;2.2083220408492168e-9;6.937214660697789e6;940.9774800651956;2.3231120885666214e10;3.3388644580848315e6
3.657e-12;1.5371980309244993e-5;2.2092630183292818e-9;6.93721466072102e6;940.9774800685344;2.321015769105891e10;3.3357668956684945e6
3.658e-12;1.5378917523905713e-5;2.2102039958093505e-9;6.93721466074423e6;940.9774800718702;2.3189222858664597e10;3.3326736385876364e6
3.6590000000000005e-12;1.5385854738566457e-5;2.2111449732894226e-9;6.937214660767419e6;940.977480075203;2.316831633734264e10;3.3295846788728675e6
3.66e-12;1.5392791953227224e-5;2.212085950769498e-9;6.937214660790588e6;940.9774800785325;2.3147438076067722e10;3.326500008573232e6
3.661000000000001e-12;1.5399729167888016e-5;2.2130269282495766e-9;6.937214660813735e6;940.977480081859;2.3126588023929348e10;3.3234196197561324e6
3.662e-12;1.540666638254883e-5;2.2139679057296585e-9;6.9372146608368615e6;940.9774800851824;2.3105766130131664e10;3.320343504507292e6
3.663e-12;1.5413603597209666e-5;2.214908883209744e-9;6.937214660859968e6;940.9774800885027;2.308497234399307e10;3.3172716549307005e6
3.6640000000000005e-12;1.5420540811870524e-5;2.2158498606898324e-9;6.937214660883052e6;940.97748009182;2.3064206614945942e10;3.3142040631485595e6
3.665e-12;1.5427478026531407e-5;2.2167908381699243e-9;6.9372146609061165e6;940.9774800951342;2.3043468892536327e10;3.311140721301237e6
3.666e-12;1.5434415241192313e-5;2.2177318156500195e-9;6.93721466092916e6;940.9774800984453;2.3022759126423656e10;3.3080816215472203e6
3.6670000000000004e-12;1.5441352455853243e-5;2.218672793130118e-9;6.9372146609521825e6;940.9774801017534;2.3002077266380375e10;3.3050267560630552e6
3.668e-12;1.5448289670514197e-5;2.21961377061022e-9;6.937214660975184e6;940.9774801050584;2.2981423262291725e10;3.3019761170433103e6
3.669000000000001e-12;1.545522688517517e-5;2.220554748090325e-9;6.937214660998166e6;940.9774801083603;2.296079706415535e10;3.298929696700514e6
3.67e-12;1.546216409983617e-5;2.2214957255704334e-9;6.937214661021126e6;940.9774801116592;2.294019862208107e10;3.2958874872651114e6
3.671e-12;1.546910131449719e-5;2.222436703050545e-9;6.937214661044067e6;940.9774801149551;2.2919627886290524e10;3.2928494809854133e6
3.6720000000000005e-12;1.5476038529158236e-5;2.22337768053066e-9;6.937214661066987e6;940.977480118248;2.289908480711694e10;3.2898156701275534e6
3.673e-12;1.54829757438193e-5;2.2243186580107785e-9;6.937214661089886e6;940.9774801215378;2.287856933500471e10;3.286786046975425e6
3.674e-12;1.548991295848039e-5;2.2252596354909002e-9;6.937214661112765e6;940.9774801248246;2.285808142050924e10;3.2837606038306453e6
3.675e-12;1.5496850173141504e-5;2.226200612971025e-9;6.937214661135623e6;940.9774801281084;2.2837621014296547e10;3.2807393330125017e6
3.676e-12;1.550378738780264e-5;2.2271415904511535e-9;6.937214661158461e6;940.9774801313891;2.2817188067142998e10;3.277722226857903e6
3.6770000000000006e-12;1.5510724602463798e-5;2.2280825679312847e-9;6.9372146611812785e6;940.9774801346668;2.2796782529935024e10;3.274709277721329e6
3.678e-12;1.551766181712498e-5;2.229023545411419e-9;6.937214661204075e6;940.9774801379416;2.2776404353668816e10;3.2717004779747906e6
3.679e-12;1.5524599031786183e-5;2.229964522891557e-9;6.937214661226852e6;940.9774801412133;2.2756053489450016e10;3.268695820007769e6
3.6800000000000005e-12;1.553153624644741e-5;2.230905500371698e-9;6.937214661249608e6;940.977480144482;2.273572988849344e10;3.2656952962271776e6
3.681e-12;1.553847346110866e-5;2.2318464778518425e-9;6.937214661272343e6;940.9774801477477;2.2715433502122776e10;3.26269889905731e6
3.682000000000001e-12;1.5545410675769932e-5;2.2327874553319902e-9;6.937214661295059e6;940.9774801510104;2.269516428177031e10;3.259706620939794e6
3.683e-12;1.5552347890431228e-5;2.2337284328121413e-9;6.937214661317755e6;940.9774801542701;2.2674922178976593e10;3.2567184543335377e6
3.684e-12;1.5559285105092544e-5;2.2346694102922956e-9;6.937214661340429e6;940.9774801575268;2.2654707145390236e10;3.2537343917146986e6
3.6850000000000006e-12;1.5566222319753884e-5;2.2356103877724533e-9;6.937214661363084e6;940.9774801607805;2.2634519132767525e10;3.2507544255766147e6
3.686e-12;1.5573159534415248e-5;2.2365513652526142e-9;6.937214661385719e6;940.9774801640312;2.261435809297217e10;3.247778548429772e6
3.687e-12;1.5580096749076632e-5;2.237492342732778e-9;6.937214661408333e6;940.977480167279;2.2594223977975063e10;3.2448067528017554e6
3.6880000000000004e-12;1.558703396373804e-5;2.2384333202129452e-9;6.937214661430927e6;940.9774801705239;2.257411673985392e10;3.2418390312371985e6
3.689e-12;1.559397117839947e-5;2.2393742976931157e-9;6.937214661453501e6;940.9774801737658;2.255403633079305e10;3.2388753762977403e6
3.690000000000001e-12;1.5600908393060923e-5;2.2403152751732895e-9;6.937214661476055e6;940.9774801770046;2.2533982703083023e10;3.2359157805619743e6
3.691e-12;1.56078456077224e-5;2.2412562526534666e-9;6.937214661498589e6;940.9774801802405;2.251395580912041e10;3.2329602366254027e6
3.692e-12;1.5614782822383898e-5;2.242197230133647e-9;6.937214661521103e6;940.9774801834734;2.2493955601407543e10;3.230008737100399e6
3.6930000000000005e-12;1.5621720037045418e-5;2.2431382076138303e-9;6.9372146615435975e6;940.9774801867034;2.247398203255216e10;3.2270612746161525e6
3.694e-12;1.562865725170696e-5;2.244079185094017e-9;6.937214661566071e6;940.9774801899305;2.245403505526716e10;3.224117841818623e6
3.695e-12;1.5635594466368528e-5;2.245020162574207e-9;6.937214661588525e6;940.9774801931546;2.243411462237033e10;3.221178431370499e6
3.6960000000000004e-12;1.5642531681030115e-5;2.2459611400544e-9;6.937214661610959e6;940.9774801963758;2.2414220686784058e10;3.2182430359511524e6
3.697e-12;1.5649468895691726e-5;2.2469021175345966e-9;6.937214661633373e6;940.9774801995941;2.2394353201535027e10;3.2153116482565855e6
3.698000000000001e-12;1.565640611035336e-5;2.247843095014796e-9;6.937214661655768e6;940.9774802028094;2.237451211975401e10;3.212384260999397e6
3.699e-12;1.5663343325015016e-5;2.2487840724949987e-9;6.937214661678142e6;940.9774802060217;2.235469739467553e10;3.2094608669087305e6
3.7e-12;1.5670280539676695e-5;2.2497250499752048e-9;6.937214661700496e6;940.9774802092312;2.2334908979637558e10;3.2065414587302245e6
3.7010000000000005e-12;1.5677217754338394e-5;2.250666027455414e-9;6.937214661722831e6;940.9774802124377;2.2315146828081352e10;3.2036260292259795e6
3.702e-12;1.5684154969000117e-5;2.2516070049356264e-9;6.937214661745147e6;940.9774802156413;2.2295410893551083e10;3.2007145711745047e6
3.703000000000001e-12;1.5691092183661864e-5;2.252547982415842e-9;6.937214661767443e6;940.9774802188421;2.2275701129693558e10;3.1978070773706706e6
3.704e-12;1.569802939832363e-5;2.2534889598960608e-9;6.937214661789718e6;940.9774802220398;2.225601749025807e10;3.194903540625681e6
3.705e-12;1.570496661298542e-5;2.254429937376283e-9;6.937214661811974e6;940.9774802252348;2.2236359929095924e10;3.1920039537670016e6
3.7060000000000006e-12;1.5711903827647232e-5;2.255370914856508e-9;6.93721466183421e6;940.9774802284268;2.2216728400160393e10;3.1891083096383447e6
3.707e-12;1.5718841042309067e-5;2.2563118923367364e-9;6.937214661856427e6;940.9774802316159;2.2197122857506256e10;3.1862166010996047e6
3.708e-12;1.5725778256970922e-5;2.257252869816968e-9;6.937214661878624e6;940.9774802348021;2.2177543255289654e10;3.1833288210268244e6
3.7090000000000005e-12;1.57327154716328e-5;2.258193847297203e-9;6.937214661900802e6;940.9774802379854;2.2157989547767773e10;3.180444962312147e6
3.71e-12;1.5739652686294703e-5;2.259134824777441e-9;6.93721466192296e6;940.9774802411658;2.2138461689298542e10;3.17756501786377e6
3.711000000000001e-12;1.5746589900956626e-5;2.260075802257682e-9;6.937214661945098e6;940.9774802443434;2.211895963434047e10;3.174688980605911e6
3.712e-12;1.5753527115618572e-5;2.2610167797379267e-9;6.937214661967217e6;940.9774802475181;2.2099483337452263e10;3.1718168434787556e6
3.713e-12;1.576046433028054e-5;2.261957757218174e-9;6.937214661989316e6;940.97748025069;2.2080032753292652e10;3.168948599438419e6
3.7140000000000005e-12;1.576740154494253e-5;2.262898734698425e-9;6.937214662011396e6;940.9774802538589;2.2060607836620056e10;3.166084241456897e6
3.715e-12;1.577433875960454e-5;2.263839712178679e-9;6.937214662033456e6;940.9774802570249;2.2041208542292397e10;3.1632237625220357e6
3.716e-12;1.5781275974266575e-5;2.2647806896589357e-9;6.937214662055498e6;940.9774802601881;2.202183482526675e10;3.16036715563747e6
3.7170000000000004e-12;1.578821318892863e-5;2.265721667139196e-9;6.93721466207752e6;940.9774802633485;2.2002486640599163e10;3.1575144138225997e6
3.718e-12;1.579515040359071e-5;2.2666626446194595e-9;6.937214662099523e6;940.9774802665061;2.198316394344431e10;3.1546655301125296e6
3.719000000000001e-12;1.5802087618252808e-5;2.267603622099726e-9;6.9372146621215055e6;940.9774802696608;2.196386668905535e10;3.151820497558048e6
3.72e-12;1.580902483291493e-5;2.2685445995799957e-9;6.93721466214347e6;940.9774802728126;2.194459483278352e10;3.148979309225557e6
3.721e-12;1.5815962047577073e-5;2.2694855770602683e-9;6.937214662165415e6;940.9774802759616;2.1925348330078045e10;3.146141958197063e6
3.7220000000000005e-12;1.582289926223924e-5;2.2704265545405442e-9;6.93721466218734e6;940.9774802791078;2.1906127136485676e10;3.1433084375700983e6
3.723e-12;1.5829836476901427e-5;2.2713675320208235e-9;6.937214662209246e6;940.9774802822511;2.188693120765065e10;3.1404787404577155e6
3.724000000000001e-12;1.5836773691563638e-5;2.2723085095011056e-9;6.937214662231133e6;940.9774802853916;2.18677604993143e10;3.1376528599884207e6
3.725e-12;1.584371090622587e-5;2.273249486981391e-9;6.937214662253001e6;940.9774802885293;2.18486149673148e10;3.134830789306138e6
3.726e-12;1.585064812088812e-5;2.2741904644616794e-9;6.93721466227485e6;940.977480291664;2.182949456758698e10;3.132012521570174e6
3.7270000000000006e-12;1.5857585335550396e-5;2.275131441941971e-9;6.937214662296679e6;940.977480294796;2.181039925616202e10;3.1291980499551697e6
3.728e-12;1.586452255021269e-5;2.276072419422266e-9;6.9372146623184895e6;940.9774802979252;2.1791328989167213e10;3.126387367651063e6
3.729e-12;1.587145976487501e-5;2.277013396902564e-9;6.937214662340281e6;940.9774803010516;2.177228372282571e10;3.1235804678630447e6
3.7300000000000005e-12;1.587839697953735e-5;2.277954374382865e-9;6.937214662362053e6;940.9774803041752;2.1753263413456284e10;3.1207773438115227e6
3.731e-12;1.5885334194199713e-5;2.278895351863169e-9;6.937214662383806e6;940.977480307296;2.1734268017473034e10;3.1179779887320725e6
3.732000000000001e-12;1.5892271408862096e-5;2.2798363293434765e-9;6.93721466240554e6;940.977480310414;2.1715297491385223e10;3.1151823958754097e6
3.733e-12;1.58992086235245e-5;2.2807773068237868e-9;6.937214662427256e6;940.9774803135291;2.1696351791796932e10;3.1123905585073344e6
3.734e-12;1.5906145838186928e-5;2.2817182843041004e-9;6.937214662448952e6;940.9774803166415;2.167743087540685e10;3.1096024699086994e6
3.7350000000000005e-12;1.5913083052849376e-5;2.282659261784417e-9;6.937214662470629e6;940.9774803197511;2.1658534699008045e10;3.1068181233753683e6
3.736e-12;1.5920020267511848e-5;2.2836002392647366e-9;6.937214662492288e6;940.9774803228579;2.163966321948769e10;3.1040375122181755e6
3.737e-12;1.592695748217434e-5;2.2845412167450593e-9;6.937214662513928e6;940.9774803259619;2.1620816393826847e10;3.1012606297628866e6
3.7380000000000004e-12;1.5933894696836852e-5;2.2854821942253853e-9;6.937214662535548e6;940.9774803290632;2.160199417910022e10;3.098487469350161e6
3.739e-12;1.5940831911499388e-5;2.286423171705714e-9;6.93721466255715e6;940.9774803321617;2.158319653247584e10;3.0957180243355003e6
3.740000000000001e-12;1.5947769126161944e-5;2.2873641491860463e-9;6.937214662578734e6;940.9774803352574;2.1564423411214935e10;3.092952288089227e6
3.741e-12;1.5954706340824524e-5;2.2883051266663814e-9;6.937214662600298e6;940.9774803383503;2.1545674772671574e10;3.0901902539964234e6
3.742e-12;1.5961643555487125e-5;2.28924610414672e-9;6.937214662621844e6;940.9774803414406;2.1526950574292522e10;3.0874319154569157e6
3.7430000000000005e-12;1.5968580770149745e-5;2.290187081627061e-9;6.93721466264337e6;940.977480344528;2.1508250773616943e10;3.0846772658852166e6
3.744e-12;1.597551798481239e-5;2.2911280591074057e-9;6.937214662664878e6;940.9774803476126;2.1489575328276165e10;3.081926298710493e6
3.745e-12;1.5982455199475055e-5;2.292069036587753e-9;6.9372146626863675e6;940.9774803506946;2.147092419599346e10;3.079179007376528e6
3.746e-12;1.598939241413774e-5;2.293010014068104e-9;6.937214662707838e6;940.9774803537738;2.1452297334583763e10;3.076435385341673e6
3.747e-12;1.599632962880045e-5;2.2939509915484577e-9;6.93721466272929e6;940.9774803568503;2.1433694701953503e10;3.073695426078827e6
3.7480000000000006e-12;1.6003266843463178e-5;2.2948919690288147e-9;6.937214662750724e6;940.977480359924;2.1415116256100296e10;3.07095912307538e6
3.749e-12;1.6010204058125927e-5;2.2958329465091746e-9;6.937214662772139e6;940.9774803629949;2.139656195511276e10;3.0682264698331836e6
3.75e-12;1.60171412727887e-5;2.2967739239895374e-9;6.937214662793535e6;940.9774803660631;2.1378031757170204e10;3.065497459868505e6
3.7510000000000005e-12;1.6024078487451494e-5;2.2977149014699035e-9;6.937214662814912e6;940.9774803691286;2.1359525620542507e10;3.0627720867120014e6
3.752e-12;1.6031015702114308e-5;2.2986558789502725e-9;6.937214662836272e6;940.9774803721913;2.1341043503589798e10;3.0600503439086718e6
3.753000000000001e-12;1.6037952916777145e-5;2.299596856430645e-9;6.9372146628576135e6;940.9774803752513;2.1322585364762196e10;3.0573322250178144e6
3.754e-12;1.6044890131440003e-5;2.30053783391102e-9;6.937214662878936e6;940.9774803783087;2.13041511625997e10;3.054617723613006e6
3.755e-12;1.605182734610288e-5;2.3014788113913985e-9;6.93721466290024e6;940.9774803813633;2.128574085573183e10;3.051906833282048e6
3.7560000000000006e-12;1.605876456076578e-5;2.30241978887178e-9;6.937214662921526e6;940.9774803844152;2.126735440287748e10;3.049199547626936e6
3.757e-12;1.6065701775428702e-5;2.3033607663521642e-9;6.937214662942793e6;940.9774803874644;2.1248991762844593e10;3.0464958602638138e6
3.758e-12;1.6072638990091645e-5;2.304301743832552e-9;6.937214662964042e6;940.9774803905109;2.123065289453006e10;3.043795764822954e6
3.7590000000000004e-12;1.6079576204754608e-5;2.3052427213129423e-9;6.937214662985273e6;940.9774803935547;2.1212337756919357e10;3.041099254948698e6
3.76e-12;1.6086513419417595e-5;2.3061836987933357e-9;6.937214663006485e6;940.9774803965959;2.1194046309086403e10;3.0384063242994333e6
3.761000000000001e-12;1.60934506340806e-5;2.3071246762737324e-9;6.93721466302768e6;940.9774803996343;2.117577851019332e10;3.035716966547557e6
3.762e-12;1.610038784874363e-5;2.308065653754132e-9;6.937214663048855e6;940.9774804026699;2.11575343194902e10;3.033031175379433e6
3.763e-12;1.6107325063406677e-5;2.3090066312345345e-9;6.937214663070013e6;940.977480405703;2.1139313696314804e10;3.030348944495349e6
3.7640000000000005e-12;1.6114262278069748e-5;2.3099476087149404e-9;6.937214663091152e6;940.9774804087333;2.112111660009246e10;3.0276702676094943e6
3.765e-12;1.612119949273284e-5;2.310888586195349e-9;6.937214663112273e6;940.977480411761;2.110294299033576e10;3.024995138449914e6
3.766e-12;1.612813670739595e-5;2.3118295636757607e-9;6.937214663133376e6;940.977480414786;2.108479282664433e10;3.022323550758471e6
3.7670000000000004e-12;1.6135073922059084e-5;2.3127705411561756e-9;6.937214663154461e6;940.9774804178084;2.10666660687047e10;3.0196554982908242e6
3.768e-12;1.614201113672224e-5;2.3137115186365934e-9;6.937214663175528e6;940.977480420828;2.1048562676289875e10;3.0169909748163596e6
3.769000000000001e-12;1.6148948351385416e-5;2.314652496117014e-9;6.937214663196577e6;940.977480423845;2.1030482609259407e10;3.0143299741181997e6
3.77e-12;1.6155885566048613e-5;2.315593473597438e-9;6.937214663217607e6;940.9774804268593;2.101242582755887e10;3.0116724899931215e6
3.771e-12;1.616282278071183e-5;2.316534451077865e-9;6.937214663238619e6;940.977480429871;2.0994392291219856e10;3.0090185162515556e6
3.7720000000000005e-12;1.6169759995375067e-5;2.3174754285582948e-9;6.937214663259614e6;940.97748043288;2.097638196035965e10;3.006368046717528e6
3.773e-12;1.617669721003833e-5;2.3184164060387275e-9;6.93721466328059e6;940.9774804358864;2.095839479518104e10;3.0037210752286357e6
3.774000000000001e-12;1.618363442470161e-5;2.3193573835191635e-9;6.937214663301549e6;940.9774804388901;2.0940430755972103e10;3.00107759563601e6
3.775e-12;1.6190571639364912e-5;2.3202983609996024e-9;6.93721466332249e6;940.9774804418912;2.0922489803105938e10;2.998437601804273e6
3.776e-12;1.6197508854028234e-5;2.321239338480044e-9;6.937214663343412e6;940.9774804448897;2.090457189704054e10;2.9958010876115137e6
3.7770000000000006e-12;1.6204446068691576e-5;2.322180315960489e-9;6.937214663364316e6;940.9774804478855;2.0886676998318474e10;2.993168046949241e6
3.778e-12;1.621138328335494e-5;2.323121293440937e-9;6.937214663385203e6;940.9774804508786;2.0868805067566746e10;2.9905384737223582e6
3.779e-12;1.6218320498018325e-5;2.3240622709213877e-9;6.937214663406072e6;940.9774804538691;2.0850956065496544e10;2.9879123618491227e6
3.7800000000000005e-12;1.6225257712681732e-5;2.3250032484018415e-9;6.937214663426924e6;940.977480456857;2.0833129952903e10;2.985289705261109e6
3.781e-12;1.623219492734516e-5;2.325944225882298e-9;6.937214663447756e6;940.9774804598424;2.0815326690665043e10;2.9826704979031794e6
3.782000000000001e-12;1.6239132142008607e-5;2.326885203362758e-9;6.937214663468571e6;940.977480462825;2.0797546239745136e10;2.9800547337334477e6
3.783e-12;1.6246069356672074e-5;2.327826180843221e-9;6.937214663489369e6;940.9774804658051;2.0779788561189053e10;2.9774424067232395e6
3.784e-12;1.6253006571335563e-5;2.328767158323687e-9;6.937214663510148e6;940.9774804687826;2.076205361612571e10;2.9748335108570633e6
3.7850000000000005e-12;1.6259943785999074e-5;2.3297081358041555e-9;6.93721466353091e6;940.9774804717574;2.074434136576688e10;2.97222804013257e6
3.786e-12;1.6266881000662607e-5;2.330649113284627e-9;6.937214663551655e6;940.9774804747296;2.0726651771407093e10;2.969625988560529e6
3.787e-12;1.627381821532616e-5;2.331590090765102e-9;6.937214663572381e6;940.9774804776993;2.07089847944233e10;2.9670273501647827e6
3.7880000000000004e-12;1.6280755429989732e-5;2.3325310682455797e-9;6.93721466359309e6;940.9774804806663;2.069134039627476e10;2.9644321189822163e6
3.789e-12;1.6287692644653325e-5;2.3334720457260604e-9;6.937214663613781e6;940.9774804836306;2.067371853850277e10;2.9618402890627263e6
3.790000000000001e-12;1.629462985931694e-5;2.334413023206544e-9;6.937214663634455e6;940.9774804865925;2.065611918273047e10;2.9592518544691796e6
3.791e-12;1.6301567073980572e-5;2.3353540006870304e-9;6.937214663655111e6;940.9774804895518;2.0638542290662663e10;2.9566668092773915e6
3.792e-12;1.6308504288644226e-5;2.3362949781675198e-9;6.937214663675749e6;940.9774804925084;2.0620987824085575e10;2.9540851475760792e6
3.7930000000000005e-12;1.63154415033079e-5;2.3372359556480124e-9;6.93721466369637e6;940.9774804954625;2.0603455744866634e10;2.9515068634668333e6
3.794e-12;1.6322378717971595e-5;2.338176933128508e-9;6.937214663716974e6;940.977480498414;2.0585946014954323e10;2.9489319510640884e6
3.795000000000001e-12;1.6329315932635314e-5;2.3391179106090064e-9;6.93721466373756e6;940.977480501363;2.0568458596377888e10;2.9463604044950777e6
3.796e-12;1.6336253147299053e-5;2.3400588880895078e-9;6.937214663758128e6;940.9774805043093;2.055099345124724e10;2.943792217899819e6
3.797e-12;1.6343190361962812e-5;2.340999865570012e-9;6.9372146637786785e6;940.9774805072531;2.0533550541752617e10;2.9412273854310564e6
3.7980000000000006e-12;1.635012757662659e-5;2.341940843050519e-9;6.937214663799212e6;940.9774805101943;2.0516129830164528e10;2.938665901254254e6
3.799e-12;1.635706479129039e-5;2.342881820531029e-9;6.937214663819728e6;940.977480513133;2.049873127883341e10;2.936107759547539e6
3.8e-12;1.636400200595421e-5;2.343822798011542e-9;6.937214663840227e6;940.977480516069;2.0481354850189537e10;2.933552954501687e6
3.8010000000000005e-12;1.6370939220618052e-5;2.3447637754920584e-9;6.9372146638607085e6;940.9774805190026;2.046400050674272e10;2.9310014803200737e6
3.802e-12;1.6377876435281913e-5;2.3457047529725775e-9;6.937214663881172e6;940.9774805219336;2.0446668211082184e10;2.9284533312186524e6
3.803000000000001e-12;1.6384813649945794e-5;2.3466457304530995e-9;6.937214663901619e6;940.977480524862;2.0429357925876328e10;2.925908501425921e6
3.804e-12;1.6391750864609695e-5;2.3475867079336244e-9;6.937214663922048e6;940.977480527788;2.0412069613872517e10;2.9233669851828828e6
3.805e-12;1.6398688079273617e-5;2.3485276854141523e-9;6.93721466394246e6;940.9774805307113;2.0394803237896927e10;2.9208287767430213e6
3.8060000000000005e-12;1.640562529393756e-5;2.349468662894683e-9;6.937214663962855e6;940.9774805336322;2.0377558760854275e10;2.918293870372263e6
3.807e-12;1.641256250860152e-5;2.3504096403752166e-9;6.937214663983232e6;940.9774805365505;2.0360336145727673e10;2.915762260348944e6
3.808e-12;1.6419499723265504e-5;2.351350617855753e-9;6.937214664003593e6;940.9774805394662;2.0343135355578434e10;2.9132339409637866e6
3.8090000000000004e-12;1.6426436937929507e-5;2.3522915953362925e-9;6.937214664023936e6;940.9774805423795;2.0325956353545807e10;2.910708906519853e6
3.81e-12;1.643337415259353e-5;2.3532325728168348e-9;6.937214664044262e6;940.9774805452902;2.0308799102846893e10;2.9081871513325307e6
3.811000000000001e-12;1.6440311367257574e-5;2.35417355029738e-9;6.93721466406457e6;940.9774805481984;2.029166356677633e10;2.9056686697294833e6
3.812e-12;1.644724858192164e-5;2.355114527777928e-9;6.937214664084862e6;940.9774805511041;2.027454970870616e10;2.90315345605063e6
3.813e-12;1.6454185796585723e-5;2.356055505258479e-9;6.937214664105137e6;940.9774805540072;2.025745749208562e10;2.9006415046481085e6
3.8140000000000005e-12;1.6461123011249828e-5;2.356996482739033e-9;6.937214664125394e6;940.9774805569078;2.024038688044098e10;2.898132809886249e6
3.815e-12;1.6468060225913953e-5;2.3579374602195897e-9;6.9372146641456345e6;940.9774805598059;2.0223337837375263e10;2.895627366141533e6
3.816e-12;1.6474997440578098e-5;2.3588784377001493e-9;6.937214664165858e6;940.9774805627015;2.0206310326568165e10;2.893125167802575e6
3.817e-12;1.6481934655242264e-5;2.359819415180712e-9;6.937214664186064e6;940.9774805655946;2.0189304311775738e10;2.8906262092700764e6
3.818e-12;1.648887186990645e-5;2.3607603926612773e-9;6.937214664206253e6;940.9774805684852;2.017231975683031e10;2.888130484956807e6
3.8190000000000006e-12;1.6495809084570656e-5;2.3617013701418457e-9;6.937214664226426e6;940.9774805713733;2.0155356625640247e10;2.88563798928757e6
3.82e-12;1.6502746299234883e-5;2.362642347622417e-9;6.9372146642465815e6;940.977480574259;2.01384148821897e10;2.8831487166991616e6
3.821e-12;1.650968351389913e-5;2.363583325102991e-9;6.9372146642667195e6;940.977480577142;2.0121494490538532e10;2.8806626616403563e6
3.8220000000000005e-12;1.6516620728563397e-5;2.364524302583568e-9;6.937214664286841e6;940.9774805800228;2.0104595414822052e10;2.8781798185718656e6
3.823e-12;1.6523557943227685e-5;2.365465280064148e-9;6.937214664306945e6;940.977480582901;2.0087717619250805e10;2.8757001819663043e6
3.824000000000001e-12;1.6530495157891993e-5;2.366406257544731e-9;6.937214664327033e6;940.9774805857767;2.0070861068110477e10;2.8732237463081735e6
3.825e-12;1.653743237255632e-5;2.3673472350253166e-9;6.937214664347104e6;940.9774805886499;2.0054025725761597e10;2.8707505060938145e6
3.826e-12;1.654436958722067e-5;2.368288212505905e-9;6.937214664367158e6;940.9774805915206;2.0037211556639423e10;2.8682804558313875e6
3.8270000000000006e-12;1.6551306801885036e-5;2.3692291899864967e-9;6.937214664387195e6;940.9774805943889;2.0020418525253723e10;2.86581359004084e6
3.828e-12;1.6558244016549422e-5;2.370170167467091e-9;6.937214664407216e6;940.9774805972547;2.0003646596188595e10;2.8633499032538743e6
3.829e-12;1.6565181231213828e-5;2.3711111449476884e-9;6.93721466442722e6;940.977480600118;1.9986895734102272e10;2.8608893900139164e6
3.8300000000000004e-12;1.6572118445878255e-5;2.3720521224282886e-9;6.937214664447207e6;940.977480602979;1.9970165903726955e10;2.8584320448760907e6
3.831e-12;1.65790556605427e-5;2.3729930999088917e-9;6.937214664467177e6;940.9774806058374;1.99534570698686e10;2.8559778624071837e6
3.832000000000001e-12;1.658599287520717e-5;2.3739340773894977e-9;6.937214664487131e6;940.9774806086933;1.993676919740675e10;2.8535268371856203e6
3.833e-12;1.6592930089871656e-5;2.3748750548701066e-9;6.937214664507068e6;940.9774806115469;1.992010225129438e10;2.8510789638014315e6
3.834e-12;1.6599867304536164e-5;2.375816032350718e-9;6.937214664526988e6;940.9774806143979;1.9903456196557636e10;2.8486342368562194e6
3.8350000000000005e-12;1.6606804519200693e-5;2.376757009831332e-9;6.937214664546891e6;940.9774806172466;1.9886830998295753e10;2.846192650963139e6
3.836e-12;1.661374173386524e-5;2.3776979873119493e-9;6.937214664566778e6;940.9774806200927;1.987022662168074e10;2.843754200746855e6
3.837e-12;1.6620678948529807e-5;2.3786389647925694e-9;6.937214664586647e6;940.9774806229365;1.9853643031957367e10;2.841318880843527e6
3.8380000000000004e-12;1.6627616163194392e-5;2.3795799422731923e-9;6.937214664606501e6;940.9774806257778;1.983708019444279e10;2.8388866859007617e6
3.839e-12;1.6634553377859e-5;2.380520919753818e-9;6.9372146646263385e6;940.9774806286167;1.982053807452657e10;2.8364576105776047e6
3.840000000000001e-12;1.6641490592523625e-5;2.381461897234447e-9;6.937214664646159e6;940.9774806314532;1.980401663767032e10;2.8340316495444938e6
3.841e-12;1.6648427807188272e-5;2.3824028747150785e-9;6.937214664665963e6;940.9774806342872;1.97875158494076e10;2.831608797483236e6
3.842e-12;1.665536502185294e-5;2.3833438521957126e-9;6.93721466468575e6;940.9774806371188;1.977103567534378e10;2.8291890490869824e6
3.8430000000000005e-12;1.6662302236517623e-5;2.3842848296763496e-9;6.937214664705521e6;940.977480639948;1.975457608115578e10;2.8267723990601967e6
3.844e-12;1.6669239451182328e-5;2.3852258071569895e-9;6.937214664725276e6;940.9774806427748;1.973813703259193e10;2.824358842118621e6
3.845000000000001e-12;1.6676176665847052e-5;2.3861667846376323e-9;6.937214664745014e6;940.9774806455991;1.97217184954718e10;2.8219483729892555e6
3.846e-12;1.6683113880511798e-5;2.387107762118278e-9;6.937214664764736e6;940.9774806484211;1.9705320435686005e10;2.819540986410323e6
3.847e-12;1.6690051095176563e-5;2.3880487395989266e-9;6.937214664784441e6;940.9774806512406;1.9688942819196022e10;2.817136677131245e6
3.8480000000000006e-12;1.669698830984135e-5;2.3889897170795777e-9;6.93721466480413e6;940.9774806540578;1.967258561203403e10;2.814735439912607e6
3.849e-12;1.670392552450615e-5;2.3899306945602316e-9;6.937214664823802e6;940.9774806568726;1.9656248780302746e10;2.812337269526141e6
3.85e-12;1.6710862739170974e-5;2.3908716720408885e-9;6.937214664843459e6;940.9774806596849;1.963993229017519e10;2.809942160754682e6
3.8510000000000005e-12;1.6717799953835818e-5;2.3918126495215482e-9;6.937214664863098e6;940.9774806624949;1.962363610789462e10;2.807550108392157e6
3.852e-12;1.672473716850068e-5;2.392753627002211e-9;6.937214664882722e6;940.9774806653024;1.9607360199774204e10;2.8051611072435384e6
3.853000000000001e-12;1.6731674383165565e-5;2.393694604482876e-9;6.937214664902329e6;940.9774806681075;1.9591104532197e10;2.802775152124829e6
3.854e-12;1.6738611597830466e-5;2.394635581963544e-9;6.937214664921921e6;940.9774806709103;1.9574869071615692e10;2.8003922378630354e6
3.855e-12;1.6745548812495388e-5;2.395576559444215e-9;6.937214664941495e6;940.9774806737107;1.9558653784552425e10;2.7980123592961268e6
3.8560000000000005e-12;1.675248602716033e-5;2.3965175369248888e-9;6.937214664961054e6;940.9774806765088;1.9542458637598637e10;2.7956355112730144e6
3.857e-12;1.675942324182529e-5;2.3974585144055655e-9;6.937214664980597e6;940.9774806793044;1.952628359741494e10;2.7932616886535333e6
3.858e-12;1.6766360456490273e-5;2.3983994918862447e-9;6.937214665000123e6;940.9774806820977;1.951012863073085e10;2.790890886308394e6
3.8590000000000004e-12;1.6773297671155273e-5;2.3993404693669268e-9;6.937214665019633e6;940.9774806848886;1.9493993704344734e10;2.788523099119179e6
3.86e-12;1.6780234885820292e-5;2.4002814468476117e-9;6.937214665039128e6;940.9774806876771;1.9477878785123505e10;2.7861583219782915e6
3.861000000000001e-12;1.6787172100485332e-5;2.4012224243282996e-9;6.937214665058605e6;940.9774806904633;1.946178384000256e10;2.783796549788943e6
3.862e-12;1.6794109315150392e-5;2.40216340180899e-9;6.937214665078067e6;940.9774806932471;1.9445708835985588e10;2.781437777465126e6
3.863e-12;1.680104652981547e-5;2.4031043792896832e-9;6.937214665097513e6;940.9774806960286;1.942965374014435e10;2.7790819999315767e6
3.8640000000000005e-12;1.6807983744480567e-5;2.4040453567703794e-9;6.9372146651169425e6;940.9774806988077;1.941361851961856e10;2.776729212123757e6
3.865e-12;1.6814920959145685e-5;2.404986334251078e-9;6.937214665136356e6;940.9774807015843;1.9397603141615704e10;2.774379408987822e6
3.866000000000001e-12;1.682185817381082e-5;2.4059273117317795e-9;6.9372146651557535e6;940.9774807043588;1.938160757341088e10;2.7720325854805983e6
3.867e-12;1.6828795388475974e-5;2.406868289212484e-9;6.937214665175135e6;940.9774807071308;1.9365631782346607e10;2.7696887365695494e6
3.868e-12;1.683573260314115e-5;2.4078092666931913e-9;6.937214665194501e6;940.9774807099004;1.9349675735832672e10;2.767347857232756e6
3.8690000000000006e-12;1.6842669817806346e-5;2.408750244173901e-9;6.937214665213851e6;940.9774807126678;1.9333739401345985e10;2.7650099424588843e6
3.87e-12;1.6849607032471558e-5;2.4096912216546138e-9;6.937214665233185e6;940.9774807154328;1.9317822746430363e10;2.762674987247163e6
3.871e-12;1.685654424713679e-5;2.4106321991353293e-9;6.937214665252502e6;940.9774807181955;1.9301925738696453e10;2.760342986607358e6
3.8720000000000005e-12;1.6863481461802044e-5;2.4115731766160474e-9;6.937214665271804e6;940.9774807209558;1.928604834582141e10;2.7580139355597296e6
3.873e-12;1.6870418676467315e-5;2.4125141540967684e-9;6.93721466529109e6;940.9774807237138;1.927019053554893e10;2.755687829135036e6
3.874000000000001e-12;1.6877355891132605e-5;2.4134551315774922e-9;6.93721466531036e6;940.9774807264695;1.9254352275688942e10;2.753364662374479e6
3.875e-12;1.6884293105797916e-5;2.4143961090582186e-9;6.937214665329614e6;940.9774807292229;1.9238533534117493e10;2.7510444303296893e6
3.876e-12;1.6891230320463247e-5;2.415337086538948e-9;6.937214665348852e6;940.9774807319739;1.9222734278776573e10;2.748727128062702e6
3.8770000000000005e-12;1.6898167535128596e-5;2.41627806401968e-9;6.937214665368075e6;940.9774807347226;1.9206954477673992e10;2.7464127506459276e6
3.878e-12;1.6905104749793964e-5;2.4172190415004146e-9;6.937214665387281e6;940.977480737469;1.9191194098883186e10;2.7441012931621266e6
3.879e-12;1.6912041964459353e-5;2.418160018981152e-9;6.937214665406472e6;940.9774807402131;1.9175453110543026e10;2.7417927507043798e6
3.8800000000000004e-12;1.691897917912476e-5;2.4191009964618925e-9;6.937214665425647e6;940.9774807429549;1.9159731480857704e10;2.7394871183760674e6
3.881e-12;1.6925916393790185e-5;2.4200419739426353e-9;6.937214665444807e6;940.9774807456944;1.914402917809658e10;2.737184391290841e6
3.882000000000001e-12;1.693285360845563e-5;2.420982951423381e-9;6.937214665463951e6;940.9774807484316;1.9128346170593967e10;2.7348845645725974e6
3.883e-12;1.6939790823121095e-5;2.4219239289041294e-9;6.93721466548308e6;940.9774807511665;1.9112682426749027e10;2.732587633355454e6
3.884e-12;1.694672803778658e-5;2.4228649063848805e-9;6.937214665502192e6;940.977480753899;1.909703791502556e10;2.7302935927837198e6
3.8850000000000005e-12;1.695366525245208e-5;2.4238058838656346e-9;6.937214665521289e6;940.9774807566293;1.9081412603951916e10;2.728002438011878e6
3.886e-12;1.69606024671176e-5;2.424746861346391e-9;6.937214665540371e6;940.9774807593574;1.9065806462120754e10;2.725714164204548e6
3.887000000000001e-12;1.696753968178314e-5;2.4256878388271506e-9;6.937214665559437e6;940.9774807620831;1.905021945818896e10;2.723428766536473e6
3.888e-12;1.69744768964487e-5;2.4266288163079125e-9;6.937214665578487e6;940.9774807648066;1.9034651560877422e10;2.7211462401924822e6
3.889e-12;1.6981414111114278e-5;2.4275697937886773e-9;6.937214665597522e6;940.9774807675277;1.9019102738970917e10;2.718866580367477e6
3.8900000000000006e-12;1.6988351325779877e-5;2.428510771269445e-9;6.937214665616541e6;940.9774807702465;1.9003572961317936e10;2.7165897822663956e6
3.891e-12;1.6995288540445493e-5;2.429451748750215e-9;6.937214665635545e6;940.9774807729631;1.8988062196830566e10;2.714315841104199e6
3.892e-12;1.700222575511113e-5;2.4303927262309882e-9;6.937214665654533e6;940.9774807756773;1.8972570414484264e10;2.7120447521058354e6
3.8930000000000005e-12;1.7009162969776782e-5;2.4313337037117638e-9;6.9372146656735055e6;940.9774807783893;1.895709758331778e10;2.7097765105062197e6
3.894e-12;1.7016100184442456e-5;2.4322746811925422e-9;6.937214665692463e6;940.9774807810991;1.8941643672432926e10;2.7075111115502105e6
3.895000000000001e-12;1.702303739910815e-5;2.433215658673323e-9;6.937214665711404e6;940.9774807838066;1.8926208650994473e10;2.7052485504925777e6
3.896e-12;1.702997461377386e-5;2.434156636154107e-9;6.93721466573033e6;940.9774807865119;1.8910792488229996e10;2.7029888225979907e6
3.897e-12;1.703691182843959e-5;2.4350976136348933e-9;6.937214665749241e6;940.977480789215;1.8895395153429672e10;2.700731923140977e6
3.8980000000000006e-12;1.704384904310534e-5;2.4360385911156825e-9;6.937214665768136e6;940.9774807919157;1.888001661594622e10;2.698477847405918e6
3.899e-12;1.7050786257771107e-5;2.4369795685964746e-9;6.937214665787016e6;940.9774807946142;1.886465684519464e10;2.6962265906870016e6
3.9e-12;1.7057723472436896e-5;2.437920546077269e-9;6.937214665805881e6;940.9774807973104;1.884931581065213e10;2.693978148288213e6
3.9010000000000004e-12;1.70646606871027e-5;2.4388615235580667e-9;6.93721466582473e6;940.9774808000043;1.883399348185793e10;2.6917325155233126e6
3.902e-12;1.7071597901768527e-5;2.4398025010388666e-9;6.937214665843564e6;940.977480802696;1.881868982841315e10;2.6894896877157968e6
3.903000000000001e-12;1.707853511643437e-5;2.4407434785196695e-9;6.937214665862382e6;940.9774808053855;1.880340481998061e10;2.6872496601988855e6
3.904e-12;1.7085472331100233e-5;2.441684456000475e-9;6.937214665881186e6;940.9774808080728;1.8788138426284718e10;2.685012428315494e6
3.905e-12;1.7092409545766114e-5;2.442625433481283e-9;6.937214665899974e6;940.9774808107578;1.8772890617111332e10;2.682777987418214e6
3.9060000000000005e-12;1.7099346760432014e-5;2.4435664109620938e-9;6.937214665918747e6;940.9774808134406;1.8757661362307552e10;2.6805463328692787e6
3.907e-12;1.710628397509793e-5;2.4445073884429074e-9;6.937214665937505e6;940.9774808161211;1.874245063178162e10;2.678317460040547e6
3.908e-12;1.711322118976387e-5;2.4454483659237235e-9;6.937214665956248e6;940.9774808187994;1.8727258395502754e10;2.6760913643134795e6
3.9090000000000004e-12;1.7120158404429824e-5;2.4463893434045425e-9;6.937214665974975e6;940.9774808214755;1.8712084623501007e10;2.673868041079112e6
3.91e-12;1.71270956190958e-5;2.447330320885364e-9;6.937214665993687e6;940.9774808241494;1.869692928586712e10;2.671647485738031e6
3.911000000000001e-12;1.7134032833761794e-5;2.448271298366188e-9;6.937214666012384e6;940.9774808268211;1.868179235275236e10;2.6694296937003536e6
3.912e-12;1.7140970048427806e-5;2.4492122758470147e-9;6.937214666031065e6;940.9774808294906;1.866667379436839e10;2.667214660385701e6
3.913e-12;1.714790726309384e-5;2.450153253327844e-9;6.937214666049732e6;940.9774808321578;1.8651573580987103e10;2.665002381223173e6
3.9140000000000005e-12;1.715484447775989e-5;2.4510942308086763e-9;6.9372146660683835e6;940.9774808348228;1.86364916829405e10;2.6627928516513305e6
3.915e-12;1.7161781692425958e-5;2.452035208289511e-9;6.93721466608702e6;940.9774808374856;1.8621428070620552e10;2.660586067118171e6
3.916000000000001e-12;1.7168718907092045e-5;2.4529761857703486e-9;6.937214666105642e6;940.9774808401462;1.8606382714478985e10;2.6583820230810954e6
3.917e-12;1.7175656121758152e-5;2.4539171632511886e-9;6.937214666124248e6;940.9774808428045;1.859135558502723e10;2.656180715006897e6
3.918e-12;1.7182593336424276e-5;2.4548581407320316e-9;6.937214666142839e6;940.9774808454607;1.857634665283621e10;2.653982138371733e6
3.9190000000000006e-12;1.718953055109042e-5;2.455799118212877e-9;6.937214666161415e6;940.9774808481147;1.856135588853626e10;2.651786288661104e6
3.92e-12;1.7196467765756582e-5;2.456740095693725e-9;6.937214666179976e6;940.9774808507665;1.854638326281685e10;2.6495931613698187e6
3.921e-12;1.7203404980422764e-5;2.457681073174576e-9;6.937214666198523e6;940.9774808534161;1.8531428746426647e10;2.647402752001994e6
3.9220000000000005e-12;1.7210342195088962e-5;2.458622050655429e-9;6.937214666217054e6;940.9774808560635;1.8516492310173183e10;2.645215056071007e6
3.923e-12;1.7217279409755178e-5;2.4595630281362853e-9;6.937214666235571e6;940.9774808587088;1.8501573924922832e10;2.643030069099495e6
3.924000000000001e-12;1.7224216624421414e-5;2.460504005617144e-9;6.937214666254072e6;940.9774808613518;1.8486673561600594e10;2.6408477866193103e6
3.925e-12;1.7231153839087666e-5;2.461444983098005e-9;6.937214666272559e6;940.9774808639926;1.8471791191190018e10;2.6386682041715174e6
3.926e-12;1.723809105375394e-5;2.4623859605788693e-9;6.937214666291031e6;940.9774808666313;1.845692678473298e10;2.6364913173063523e6
3.9270000000000005e-12;1.724502826842023e-5;2.463326938059736e-9;6.937214666309488e6;940.9774808692678;1.8442080313329647e10;2.634317121583221e6
3.928e-12;1.725196548308654e-5;2.4642679155406053e-9;6.93721466632793e6;940.9774808719021;1.842725174813823e10;2.6321456125706523e6
3.929e-12;1.7258902697752867e-5;2.465208893021477e-9;6.937214666346357e6;940.9774808745343;1.841244106037492e10;2.6299767858462958e6
3.9300000000000004e-12;1.7265839912419215e-5;2.4661498705023516e-9;6.937214666364769e6;940.9774808771643;1.8397648221313717e10;2.6278106369968886e6
3.931e-12;1.727277712708558e-5;2.467090847983229e-9;6.937214666383167e6;940.9774808797921;1.838287320228629e10;2.625647161618237e6
3.932000000000001e-12;1.727971434175196e-5;2.4680318254641087e-9;6.937214666401549e6;940.9774808824177;1.8368115974681866e10;2.623486355315194e6
3.933e-12;1.7286651556418363e-5;2.468972802944991e-9;6.937214666419918e6;940.9774808850411;1.8353376509947025e10;2.6213282137016305e6
3.934e-12;1.7293588771084782e-5;2.469913780425876e-9;6.937214666438271e6;940.9774808876624;1.8338654779585636e10;2.6191727324004243e6
3.9350000000000005e-12;1.730052598575122e-5;2.4708547579067637e-9;6.93721466645661e6;940.9774808902815;1.832395075515867e10;2.617019907043426e6
3.936e-12;1.7307463200417677e-5;2.471795735387654e-9;6.937214666474934e6;940.9774808928986;1.8309264408284115e10;2.6148697332714517e6
3.937000000000001e-12;1.7314400415084154e-5;2.472736712868547e-9;6.937214666493243e6;940.9774808955135;1.8294595710636784e10;2.612722206734246e6
3.938e-12;1.7321337629750647e-5;2.4736776903494424e-9;6.9372146665115375e6;940.9774808981263;1.8279944633948193e10;2.610577323090469e6
3.939e-12;1.7328274844417157e-5;2.4746186678303404e-9;6.9372146665298175e6;940.9774809007369;1.826531115000644e10;2.608435078007669e6
3.9400000000000006e-12;1.7335212059083688e-5;2.4755596453112412e-9;6.937214666548083e6;940.9774809033453;1.825069523065606e10;2.6062954671622664e6
3.941e-12;1.7342149273750236e-5;2.4765006227921446e-9;6.937214666566334e6;940.9774809059516;1.8236096847797897e10;2.604158486239529e6
3.942e-12;1.7349086488416803e-5;2.4774416002730504e-9;6.93721466658457e6;940.9774809085557;1.822151597338894e10;2.6020241309335446e6
3.9430000000000005e-12;1.735602370308339e-5;2.478382577753959e-9;6.937214666602791e6;940.9774809111577;1.8206952579442253e10;2.5998923969472176e6
3.944e-12;1.736296091774999e-5;2.4793235552348704e-9;6.937214666620999e6;940.9774809137576;1.8192406638026745e10;2.597763279992219e6
3.945000000000001e-12;1.7369898132416612e-5;2.480264532715784e-9;6.937214666639191e6;940.9774809163554;1.8177878121267136e10;2.595636775788993e6
3.946e-12;1.737683534708325e-5;2.4812055101967003e-9;6.937214666657369e6;940.977480918951;1.816336700134375e10;2.593512880066718e6
3.947e-12;1.7383772561749907e-5;2.4821464876776193e-9;6.937214666675532e6;940.9774809215445;1.8148873250492413e10;2.5913915885632904e6
3.9480000000000005e-12;1.7390709776416584e-5;2.483087465158541e-9;6.937214666693681e6;940.9774809241359;1.813439684100434e10;2.5892728970253086e6
3.949e-12;1.7397646991083277e-5;2.484028442639465e-9;6.937214666711816e6;940.9774809267251;1.811993774522594e10;2.5871568012080374e6
3.95e-12;1.7404584205749987e-5;2.484969420120392e-9;6.937214666729935e6;940.9774809293123;1.8105495935558758e10;2.5850432968754056e6
3.9510000000000004e-12;1.7411521420416718e-5;2.4859103976013213e-9;6.937214666748041e6;940.9774809318973;1.8091071384459267e10;2.5829323797999653e6
3.952e-12;1.7418458635083465e-5;2.486851375082253e-9;6.937214666766132e6;940.9774809344802;1.8076664064438824e10;2.580824045762889e6
3.953000000000001e-12;1.7425395849750233e-5;2.4877923525631875e-9;6.937214666784209e6;940.977480937061;1.8062273948063465e10;2.5787182905539363e6
3.954e-12;1.7432333064417018e-5;2.4887333300441244e-9;6.937214666802271e6;940.9774809396398;1.80479010079538e10;2.5766151099714367e6
3.955e-12;1.743927027908382e-5;2.489674307525064e-9;6.937214666820319e6;940.9774809422164;1.80335452167849e10;2.574514499822271e6
3.9560000000000005e-12;1.7446207493750638e-5;2.4906152850060064e-9;6.937214666838353e6;940.977480944791;1.8019206547286144e10;2.5724164559218464e6
3.957e-12;1.7453144708417477e-5;2.491556262486951e-9;6.937214666856372e6;940.9774809473633;1.8004884972241093e10;2.5703209740940765e6
3.958000000000001e-12;1.7460081923084333e-5;2.4924972399678983e-9;6.937214666874377e6;940.9774809499337;1.7990580464487377e10;2.568228050171365e6
3.959e-12;1.7467019137751206e-5;2.4934382174488484e-9;6.937214666892367e6;940.9774809525019;1.7976292996916534e10;2.5661376799945785e6
3.96e-12;1.74739563524181e-5;2.494379194929801e-9;6.937214666910344e6;940.977480955068;1.796202254247393e10;2.5640498594130306e6
3.9610000000000006e-12;1.748089356708501e-5;2.495320172410756e-9;6.937214666928306e6;940.9774809576321;1.794776907415859e10;2.5619645842844606e6
3.962e-12;1.7487830781751936e-5;2.4962611498917136e-9;6.937214666946254e6;940.977480960194;1.793353256502306e10;2.559881850475008e6
3.963e-12;1.7494767996418883e-5;2.4972021273726736e-9;6.937214666964187e6;940.9774809627539;1.791931298817334e10;2.557801653859202e6
3.9640000000000005e-12;1.7501705211085848e-5;2.4981431048536365e-9;6.937214666982107e6;940.9774809653118;1.7905110316768707e10;2.5557239903199314e6
3.965e-12;1.750864242575283e-5;2.499084082334602e-9;6.937214667000012e6;940.9774809678675;1.7890924524021587e10;2.553648855748429e6
3.966000000000001e-12;1.751557964041983e-5;2.5000250598155698e-9;6.937214667017902e6;940.9774809704211;1.787675558319746e10;2.5515762460442516e6
3.967e-12;1.752251685508685e-5;2.50096603729654e-9;6.937214667035779e6;940.9774809729727;1.786260346761472e10;2.5495061571152587e6
3.968e-12;1.7529454069753885e-5;2.501907014777513e-9;6.937214667053642e6;940.9774809755222;1.7848468150644527e10;2.547438584877591e6
3.9690000000000006e-12;1.7536391284420937e-5;2.5028479922584883e-9;6.937214667071491e6;940.9774809780697;1.783434960571071e10;2.5453735252556517e6
3.97e-12;1.754332849908801e-5;2.5037889697394665e-9;6.937214667089324e6;940.977480980615;1.7820247806289635e10;2.5433109741820884e6
3.971e-12;1.75502657137551e-5;2.504729947220447e-9;6.937214667107144e6;940.9774809831583;1.780616272591008e10;2.541250927597768e6
3.9720000000000004e-12;1.7557202928422206e-5;2.5056709247014304e-9;6.93721466712495e6;940.9774809856996;1.7792094338153114e10;2.539193381451764e6
3.973e-12;1.756414014308933e-5;2.506611902182416e-9;6.937214667142742e6;940.9774809882388;1.7778042616651955e10;2.53713833170133e6
3.974000000000001e-12;1.7571077357756473e-5;2.507552879663404e-9;6.93721466716052e6;940.9774809907759;1.776400753509187e10;2.5350857743118806e6
3.975e-12;1.7578014572423634e-5;2.508493857144395e-9;6.937214667178284e6;940.977480993311;1.7749989067210022e10;2.533035705256976e6
3.976e-12;1.7584951787090812e-5;2.509434834625388e-9;6.937214667196034e6;940.9774809958441;1.7735987186795403e10;2.5309881205183016e6
3.9770000000000005e-12;1.7591889001758007e-5;2.510375812106384e-9;6.937214667213771e6;940.9774809983751;1.772200186768866e10;2.5289430160856447e6
3.978e-12;1.7598826216425222e-5;2.5113167895873824e-9;6.937214667231493e6;940.977481000904;1.770803308378196e10;2.5269003879568717e6
3.979e-12;1.7605763431092454e-5;2.5122577670683834e-9;6.937214667249201e6;940.977481003431;1.7694080809018932e10;2.5248602321379227e6
3.9800000000000004e-12;1.7612700645759703e-5;2.513198744549387e-9;6.937214667266895e6;940.9774810059558;1.7680145017394497e10;2.522822544642776e6
3.981e-12;1.761963786042697e-5;2.5141397220303927e-9;6.937214667284575e6;940.9774810084787;1.7666225682954773e10;2.52078732149344e6
3.982000000000001e-12;1.7626575075094255e-5;2.515080699511401e-9;6.937214667302242e6;940.9774810109994;1.76523227797969e10;2.5187545587199237e6
3.983e-12;1.7633512289761558e-5;2.516021676992412e-9;6.937214667319894e6;940.9774810135182;1.7638436282069004e10;2.516724252360229e6
3.984e-12;1.7640449504428878e-5;2.5169626544734254e-9;6.937214667337532e6;940.9774810160349;1.7624566163970028e10;2.5146963984603244e6
3.9850000000000005e-12;1.7647386719096215e-5;2.5179036319544413e-9;6.9372146673551565e6;940.9774810185496;1.76107123997496e10;2.512670993074126e6
3.986e-12;1.765432393376357e-5;2.51884460943546e-9;6.937214667372767e6;940.9774810210623;1.7596874963707924e10;2.5106480322634773e6
3.987000000000001e-12;1.7661261148430943e-5;2.5197855869164812e-9;6.937214667390364e6;940.977481023573;1.7583053830195698e10;2.508627512098134e6
3.988e-12;1.7668198363098334e-5;2.520726564397505e-9;6.937214667407948e6;940.9774810260816;1.7569248973613926e10;2.5066094286557417e6
3.989e-12;1.7675135577765743e-5;2.521667541878531e-9;6.937214667425517e6;940.9774810285882;1.7555460368413887e10;2.5045937780218218e6
3.9900000000000006e-12;1.7682072792433168e-5;2.52260851935956e-9;6.937214667443072e6;940.9774810310928;1.7541687989096912e10;2.5025805562897436e6
3.991e-12;1.768901000710061e-5;2.523549496840591e-9;6.937214667460614e6;940.9774810335954;1.752793181021438e10;2.500569759560717e6
3.992e-12;1.769594722176807e-5;2.5244904743216246e-9;6.937214667478141e6;940.9774810360959;1.7514191806367496e10;2.4985613839437617e6
3.9930000000000005e-12;1.7702884436435548e-5;2.5254314518026607e-9;6.937214667495656e6;940.9774810385945;1.7500467952207226e10;2.4965554255556944e6
3.994e-12;1.7709821651103044e-5;2.5263724292836993e-9;6.937214667513156e6;940.9774810410911;1.7486760222434208e10;2.4945518805211163e6
3.995000000000001e-12;1.7716758865770557e-5;2.5273134067647404e-9;6.937214667530643e6;940.9774810435856;1.7473068591798576e10;2.492550744972381e6
3.996e-12;1.7723696080438088e-5;2.528254384245784e-9;6.937214667548116e6;940.9774810460782;1.745939303509985e10;2.4905520150495847e6
3.997e-12;1.7730633295105635e-5;2.52919536172683e-9;6.937214667565576e6;940.9774810485687;1.7445733527186897e10;2.488555686900549e6
3.9980000000000005e-12;1.77375705097732e-5;2.5301363392078786e-9;6.937214667583021e6;940.9774810510573;1.743209004295769e10;2.486561756680793e6
3.999e-12;1.7744507724440783e-5;2.5310773166889296e-9;6.937214667600454e6;940.9774810535439;1.741846255735931e10;2.4845702205535267e6
4.0e-12;1.7751444939108384e-5;2.532018294169983e-9;6.937214667617872e6;940.9774810560285;1.7404851045387764e10;2.482581074689624e6
4.0010000000000004e-12;1.7758382153776003e-5;2.532959271651039e-9;6.937214667635277e6;940.9774810585111;1.7391255482087887e10;2.4805943152676066e6
4.002e-12;1.7765319368443638e-5;2.5339002491320975e-9;6.937214667652668e6;940.9774810609917;1.737767584255323e10;2.4786099384736293e6
4.003000000000001e-12;1.777225658311129e-5;2.5348412266131584e-9;6.937214667670046e6;940.9774810634703;1.736411210192596e10;2.476627940501458e6
4.004e-12;1.777919379777896e-5;2.535782204094222e-9;6.9372146676874105e6;940.977481065947;1.7350564235396694e10;2.4746483175524473e6
4.005e-12;1.7786131012446645e-5;2.5367231815752877e-9;6.937214667704761e6;940.9774810684216;1.7337032218204453e10;2.4726710658355327e6
4.0060000000000005e-12;1.779306822711435e-5;2.537664159056356e-9;6.937214667722098e6;940.9774810708943;1.7323516025636494e10;2.4706961815672023e6
4.007e-12;1.7800005441782074e-5;2.538605136537427e-9;6.937214667739421e6;940.977481073365;1.7310015633028255e10;2.4687236609714907e6
4.008000000000001e-12;1.7806942656449815e-5;2.5395461140185003e-9;6.937214667756731e6;940.9774810758337;1.729653101576318e10;2.466753500279946e6
4.009e-12;1.7813879871117572e-5;2.540487091499576e-9;6.937214667774027e6;940.9774810783005;1.7283062149272655e10;2.464785695731624e6
4.01e-12;1.7820817085785346e-5;2.5414280689806544e-9;6.937214667791311e6;940.9774810807652;1.7269609009035854e10;2.462820243573065e6
4.0110000000000006e-12;1.7827754300453137e-5;2.5423690464617352e-9;6.93721466780858e6;940.977481083228;1.7256171570579666e10;2.460857140058276e6
4.012e-12;1.7834691515120945e-5;2.5433100239428185e-9;6.937214667825837e6;940.9774810856889;1.7242749809478573e10;2.458896381448714e6
4.013e-12;1.784162872978877e-5;2.5442510014239042e-9;6.937214667843079e6;940.9774810881478;1.7229343701354515e10;2.4569379640132687e6
4.0140000000000005e-12;1.784856594445661e-5;2.5451919789049925e-9;6.937214667860309e6;940.9774810906047;1.721595322187681e10;2.4549818840282424e6
4.015e-12;1.785550315912447e-5;2.546132956386083e-9;6.937214667877524e6;940.9774810930596;1.7202578346762028e10;2.453028137777335e6
4.016000000000001e-12;1.786244037379235e-5;2.5470739338671764e-9;6.937214667894727e6;940.9774810955126;1.7189219051773884e10;2.4510767215516246e6
4.017e-12;1.7869377588460245e-5;2.548014911348272e-9;6.937214667911916e6;940.9774810979637;1.7175875312723118e10;2.449127631649549e6
4.018e-12;1.787631480312816e-5;2.5489558888293702e-9;6.9372146679290915e6;940.9774811004129;1.7162547105467434e10;2.4471808643768965e6
4.0190000000000005e-12;1.788325201779609e-5;2.5498968663104704e-9;6.937214667946254e6;940.9774811028601;1.7149234405911322e10;2.445236416046776e6
4.02e-12;1.7890189232464035e-5;2.550837843791573e-9;6.937214667963403e6;940.9774811053054;1.713593719000598e10;2.4432942829796057e6
4.021e-12;1.7897126447132e-5;2.5517788212726783e-9;6.93721466798054e6;940.9774811077486;1.71226554337492e10;2.441354461503096e6
4.0220000000000004e-12;1.790406366179998e-5;2.552719798753786e-9;6.937214667997662e6;940.97748111019;1.7109389113185307e10;2.4394169479522347e6
4.023e-12;1.7911000876467978e-5;2.553660776234896e-9;6.937214668014771e6;940.9774811126293;1.7096138204404942e10;2.4374817386692595e6
4.024000000000001e-12;1.7917938091135992e-5;2.554601753716009e-9;6.937214668031868e6;940.9774811150668;1.708290268354509e10;2.4355488300036555e6
4.025e-12;1.7924875305804024e-5;2.555542731197124e-9;6.937214668048951e6;940.9774811175023;1.7069682526788841e10;2.4336182183121243e6
4.026e-12;1.7931812520472072e-5;2.5564837086782415e-9;6.93721466806602e6;940.9774811199359;1.7056477710365396e10;2.431689899958577e6
4.0270000000000005e-12;1.7938749735140138e-5;2.5574246861593616e-9;6.937214668083076e6;940.9774811223675;1.7043288210549904e10;2.4297638713141135e6
4.028e-12;1.794568694980822e-5;2.558365663640484e-9;6.93721466810012e6;940.9774811247972;1.7030114003663311e10;2.4278401287569995e6
4.029000000000001e-12;1.795262416447632e-5;2.5593066411216088e-9;6.93721466811715e6;940.9774811272251;1.7016955066072378e10;2.4259186686726613e6
4.03e-12;1.7959561379144436e-5;2.560247618602736e-9;6.937214668134167e6;940.9774811296511;1.7003811374189432e10;2.423999487453657e6
4.031e-12;1.796649859381257e-5;2.5611885960838655e-9;6.937214668151171e6;940.9774811320751;1.6990682904472383e10;2.422082581499671e6
4.0320000000000006e-12;1.797343580848072e-5;2.5621295735649976e-9;6.937214668168162e6;940.9774811344972;1.6977569633424532e10;2.4201679472174863e6
4.033e-12;1.7980373023148886e-5;2.563070551046132e-9;6.93721466818514e6;940.9774811369174;1.696447153759452e10;2.418255581020977e6
4.034e-12;1.798731023781707e-5;2.564011528527269e-9;6.937214668202104e6;940.9774811393356;1.6951388593576187e10;2.4163454793310836e6
4.0350000000000005e-12;1.799424745248527e-5;2.5649525060084087e-9;6.937214668219055e6;940.9774811417519;1.6938320778008495e10;2.4144376385758026e6
4.036e-12;1.800118466715349e-5;2.5658934834895502e-9;6.937214668235993e6;940.9774811441664;1.6925268067575394e10;2.412532055190164e6
4.037000000000001e-12;1.8008121881821724e-5;2.5668344609706943e-9;6.937214668252918e6;940.977481146579;1.6912230439005754e10;2.410628725616222e6
4.038e-12;1.8015059096489976e-5;2.567775438451841e-9;6.93721466826983e6;940.9774811489896;1.689920786907323e10;2.408727646303031e6
4.039e-12;1.8021996311158245e-5;2.56871641593299e-9;6.937214668286729e6;940.9774811513983;1.6886200334596165e10;2.4068288137066327e6
4.0400000000000006e-12;1.802893352582653e-5;2.5696573934141414e-9;6.9372146683036145e6;940.9774811538051;1.6873207812437534e10;2.404932224290045e6
4.041e-12;1.8035870740494833e-5;2.5705983708952954e-9;6.937214668320487e6;940.97748115621;1.686023027950473e10;2.4030378745232285e6
4.042e-12;1.8042807955163153e-5;2.5715393483764515e-9;6.937214668337348e6;940.977481158613;1.6847267712749596e10;2.4011457608830915e6
4.0430000000000004e-12;1.804974516983149e-5;2.57248032585761e-9;6.937214668354196e6;940.9774811610142;1.6834320089168228e10;2.39925587985346e6
4.044e-12;1.8056682384499843e-5;2.573421303338771e-9;6.93721466837103e6;940.9774811634135;1.6821387385800886e10;2.3973682279250626e6
4.045000000000001e-12;1.8063619599168213e-5;2.5743622808199345e-9;6.937214668387852e6;940.9774811658108;1.6808469579731962e10;2.3954828015955226e6
4.046e-12;1.80705568138366e-5;2.5753032583011005e-9;6.93721466840466e6;940.9774811682063;1.6795566648089785e10;2.3935995973693314e6
4.047e-12;1.8077494028505005e-5;2.5762442357822686e-9;6.937214668421456e6;940.9774811705998;1.6782678568046545e10;2.3917186117578344e6
4.0480000000000005e-12;1.8084431243173426e-5;2.577185213263439e-9;6.937214668438238e6;940.9774811729916;1.6769805316818268e10;2.3898398412792254e6
4.049e-12;1.8091368457841864e-5;2.578126190744612e-9;6.9372146684550075e6;940.9774811753814;1.675694687166459e10;2.387963282458514e6
4.050000000000001e-12;1.809830567251032e-5;2.5790671682257876e-9;6.937214668471765e6;940.9774811777694;1.6744103209888777e10;2.386088931827524e6
4.0510000000000004e-12;1.810524288717879e-5;2.580008145706965e-9;6.937214668488509e6;940.9774811801555;1.673127430883751e10;2.3842167859248654e6
4.052e-12;1.811218010184728e-5;2.5809491231881452e-9;6.93721466850524e6;940.9774811825397;1.6718460145900896e10;2.3823468412959306e6
4.053000000000001e-12;1.8119117316515786e-5;2.5818901006693278e-9;6.937214668521958e6;940.977481184922;1.6705660698512306e10;2.3804790944928695e6
4.054e-12;1.812605453118431e-5;2.5828310781505128e-9;6.9372146685386645e6;940.9774811873025;1.6692875944148254e10;2.3786135420745746e6
4.055e-12;1.813299174585285e-5;2.5837720556317003e-9;6.9372146685553575e6;940.9774811896812;1.6680105860328373e10;2.3767501806066697e6
4.0560000000000005e-12;1.8139928960521405e-5;2.58471303311289e-9;6.9372146685720375e6;940.9774811920579;1.6667350424615242e10;2.37488900666149e6
4.057e-12;1.814686617518998e-5;2.585654010594082e-9;6.937214668588704e6;940.9774811944328;1.6654609614614336e10;2.3730300168180685e6
4.058000000000001e-12;1.8153803389858566e-5;2.5865949880752764e-9;6.937214668605359e6;940.9774811968058;1.664188340797391e10;2.371173207662121e6
4.059e-12;1.816074060452717e-5;2.5875359655564734e-9;6.937214668622001e6;940.977481199177;1.66291717823849e10;2.369318575786026e6
4.06e-12;1.816767781919579e-5;2.5884769430376725e-9;6.93721466863863e6;940.9774812015463;1.6616474715580801e10;2.367466117788812e6
4.0610000000000006e-12;1.817461503386443e-5;2.589417920518874e-9;6.9372146686552465e6;940.9774812039137;1.6603792185337648e10;2.3656158302761465e6
4.062e-12;1.8181552248533085e-5;2.590358898000078e-9;6.93721466867185e6;940.9774812062793;1.6591124169473814e10;2.363767709860312e6
4.063e-12;1.8188489463201756e-5;2.591299875481284e-9;6.937214668688442e6;940.9774812086431;1.6578470645849995e10;2.361921753160194e6
4.0640000000000005e-12;1.8195426677870445e-5;2.5922408529624928e-9;6.93721466870502e6;940.977481211005;1.6565831592369059e10;2.3600779568012687e6
4.065e-12;1.820236389253915e-5;2.593181830443704e-9;6.937214668721586e6;940.9774812133651;1.6553206986976023e10;2.3582363174155876e6
4.066000000000001e-12;1.8209301107207874e-5;2.5941228079249174e-9;6.937214668738139e6;940.9774812157233;1.6540596807657854e10;2.356396831641754e6
4.067e-12;1.8216238321876614e-5;2.595063785406133e-9;6.937214668754679e6;940.9774812180797;1.652800103244345e10;2.354559496124916e6
4.068e-12;1.8223175536545367e-5;2.596004762887351e-9;6.937214668771207e6;940.9774812204342;1.6515419639403528e10;2.352724307516749e6
4.0690000000000005e-12;1.8230112751214137e-5;2.5969457403685717e-9;6.9372146687877225e6;940.977481222787;1.6502852606650492e10;2.3508912624754375e6
4.07e-12;1.8237049965882924e-5;2.5978867178497943e-9;6.9372146688042255e6;940.9774812251379;1.6490299912338408e10;2.349060357665667e6
4.071e-12;1.8243987180551728e-5;2.5988276953310195e-9;6.9372146688207155e6;940.977481227487;1.6477761534662838e10;2.3472315897585996e6
4.0720000000000004e-12;1.825092439522055e-5;2.599768672812247e-9;6.937214668837193e6;940.9774812298342;1.6465237451860783e10;2.3454049554318665e6
4.073e-12;1.8257861609889387e-5;2.6007096502934768e-9;6.937214668853658e6;940.9774812321796;1.6452727642210575e10;2.3435804513695464e6
4.074000000000001e-12;1.8264798824558242e-5;2.601650627774709e-9;6.937214668870111e6;940.9774812345231;1.6440232084031818e10;2.3417580742621613e6
4.075e-12;1.827173603922711e-5;2.6025916052559436e-9;6.937214668886552e6;940.9774812368648;1.6427750755685234e10;2.3399378208066477e6
4.076e-12;1.8278673253895996e-5;2.6035325827371803e-9;6.937214668902979e6;940.9774812392047;1.6415283635572618e10;2.3381196877063517e6
4.0770000000000005e-12;1.8285610468564898e-5;2.6044735602184195e-9;6.937214668919395e6;940.9774812415428;1.6402830702136702e10;2.336303671671007e6
4.078e-12;1.8292547683233818e-5;2.605414537699661e-9;6.937214668935797e6;940.9774812438791;1.6390391933861128e10;2.3344897694167295e6
4.079000000000001e-12;1.8299484897902754e-5;2.606355515180905e-9;6.9372146689521875e6;940.9774812462135;1.6377967309270264e10;2.3326779776659897e6
4.08e-12;1.8306422112571707e-5;2.607296492662151e-9;6.937214668968566e6;940.9774812485462;1.6365556806929205e10;2.330868293147612e6
4.081e-12;1.8313359327240677e-5;2.6082374701434e-9;6.937214668984931e6;940.9774812508771;1.6353160405443628e10;2.3290607125967494e6
4.0820000000000006e-12;1.832029654190966e-5;2.6091784476246506e-9;6.937214669001284e6;940.9774812532062;1.634077808345968e10;2.3272552327548717e6
4.083e-12;1.832723375657866e-5;2.610119425105904e-9;6.937214669017625e6;940.9774812555335;1.6328409819663958e10;2.325451850369755e6
4.084e-12;1.833417097124768e-5;2.6110604025871596e-9;6.937214669033953e6;940.9774812578589;1.6316055592783325e10;2.3236505621954575e6
4.0850000000000005e-12;1.8341108185916713e-5;2.6120013800684174e-9;6.937214669050269e6;940.9774812601826;1.63037153815849e10;2.321851364992315e6
4.086e-12;1.8348045400585765e-5;2.6129423575496777e-9;6.937214669066573e6;940.9774812625044;1.6291389164875933e10;2.320054255526923e6
4.087000000000001e-12;1.835498261525483e-5;2.61388333503094e-9;6.937214669082864e6;940.9774812648244;1.6279076921503714e10;2.3182592305721217e6
4.088e-12;1.836191982992391e-5;2.614824312512205e-9;6.937214669099144e6;940.9774812671427;1.6266778630355465e10;2.3164662869069786e6
4.089e-12;1.836885704459301e-5;2.615765289993472e-9;6.93721466911541e6;940.9774812694592;1.6254494270358301e10;2.3146754213167788e6
4.0900000000000005e-12;1.8375794259262126e-5;2.6167062674747415e-9;6.937214669131665e6;940.9774812717739;1.6242223820479055e10;2.312886630593006e6
4.091e-12;1.838273147393126e-5;2.6176472449560134e-9;6.937214669147907e6;940.9774812740867;1.6229967259724297e10;2.311099911533336e6
4.092e-12;1.8389668688600405e-5;2.6185882224372873e-9;6.937214669164137e6;940.9774812763978;1.621772456714016e10;2.309315260941614e6
4.0930000000000004e-12;1.839660590326957e-5;2.6195291999185638e-9;6.937214669180355e6;940.9774812787072;1.6205495721812271e10;2.307532675627843e6
4.094e-12;1.840354311793875e-5;2.6204701773998427e-9;6.937214669196561e6;940.9774812810147;1.6193280702865677e10;2.3057521524081724e6
4.095000000000001e-12;1.8410480332607946e-5;2.6214111548811236e-9;6.937214669212754e6;940.9774812833205;1.6181079489464746e10;2.3039736881048777e6
4.096e-12;1.841741754727716e-5;2.622352132362407e-9;6.937214669228935e6;940.9774812856244;1.6168892060813078e10;2.302197279546355e6
4.097e-12;1.8424354761946387e-5;2.6232931098436926e-9;6.937214669245103e6;940.9774812879266;1.6156718396153414e10;2.3004229235670976e6
4.0980000000000005e-12;1.8431291976615632e-5;2.6242340873249806e-9;6.93721466926126e6;940.977481290227;1.6144558474767567e10;2.298650617007692e6
4.099e-12;1.8438229191284893e-5;2.6251750648062706e-9;6.937214669277404e6;940.9774812925257;1.6132412275976297e10;2.296880356714793e6
4.100000000000001e-12;1.844516640595417e-5;2.626116042287563e-9;6.937214669293537e6;940.9774812948226;1.6120279779139242e10;2.295112139541115e6
4.101e-12;1.8452103620623464e-5;2.6270570197688582e-9;6.937214669309657e6;940.9774812971177;1.6108160963654867e10;2.293345962345425e6
4.102e-12;1.8459040835292772e-5;2.6279979972501553e-9;6.937214669325765e6;940.977481299411;1.6096055808960302e10;2.291581821992513e6
4.1030000000000006e-12;1.84659780499621e-5;2.628938974731455e-9;6.937214669341861e6;940.9774813017026;1.6083964294531305e10;2.2898197153531895e6
4.104e-12;1.847291526463144e-5;2.6298799522127565e-9;6.937214669357945e6;940.9774813039924;1.6071886399882185e10;2.288059639304273e6
4.105e-12;1.8479852479300797e-5;2.6308209296940607e-9;6.937214669374017e6;940.9774813062804;1.6059822104565662e10;2.2863015907285665e6
4.1060000000000005e-12;1.848678969397017e-5;2.631761907175367e-9;6.937214669390077e6;940.9774813085668;1.6047771388172846e10;2.284545566514855e6
4.107e-12;1.849372690863956e-5;2.6327028846566755e-9;6.937214669406124e6;940.9774813108513;1.6035734230333088e10;2.282791563557879e6
4.108000000000001e-12;1.8500664123308968e-5;2.6336438621379863e-9;6.93721466942216e6;940.9774813131341;1.602371061071395e10;2.281039578758334e6
4.109e-12;1.850760133797839e-5;2.6345848396192995e-9;6.937214669438183e6;940.9774813154152;1.601170050902108e10;2.279289609022851e6
4.11e-12;1.8514538552647826e-5;2.6355258171006148e-9;6.937214669454195e6;940.9774813176945;1.5999703904998133e10;2.2775416512639774e6
4.1110000000000006e-12;1.852147576731728e-5;2.6364667945819326e-9;6.937214669470195e6;940.977481319972;1.5987720778426704e10;2.275795702400173e6
4.112e-12;1.8528412981986753e-5;2.6374077720632524e-9;6.937214669486183e6;940.9774813222477;1.5975751109126225e10;2.2740517593557895e6
4.113e-12;1.8535350196656238e-5;2.6383487495445747e-9;6.937214669502159e6;940.9774813245218;1.596379487695389e10;2.2723098190610637e6
4.1140000000000004e-12;1.854228741132574e-5;2.639289727025899e-9;6.937214669518122e6;940.9774813267941;1.595185206180456e10;2.270569878452094e6
4.115e-12;1.854922462599526e-5;2.640230704507226e-9;6.937214669534074e6;940.9774813290646;1.5939922643610685e10;2.2688319344708375e6
4.116000000000001e-12;1.855616184066479e-5;2.641171681988555e-9;6.937214669550014e6;940.9774813313335;1.5928006602342234e10;2.2670959840650912e6
4.117e-12;1.856309905533434e-5;2.6421126594698864e-9;6.937214669565942e6;940.9774813336006;1.591610391800657e10;2.2653620241884775e6
4.118e-12;1.8570036270003907e-5;2.64305363695122e-9;6.937214669581858e6;940.977481335866;1.5904214570648413e10;2.2636300518004335e6
4.1190000000000005e-12;1.857697348467349e-5;2.643994614432556e-9;6.937214669597763e6;940.9774813381296;1.5892338540349724e10;2.261900063866197e6
4.12e-12;1.8583910699343087e-5;2.644935591913894e-9;6.937214669613655e6;940.9774813403915;1.5880475807229647e10;2.260172057356795e6
4.121000000000001e-12;1.85908479140127e-5;2.6458765693952344e-9;6.937214669629536e6;940.9774813426517;1.5868626351444395e10;2.2584460292490255e6
4.1220000000000004e-12;1.8597785128682332e-5;2.646817546876577e-9;6.937214669645404e6;940.9774813449102;1.5856790153187197e10;2.256721976525449e6
4.123e-12;1.8604722343351976e-5;2.647758524357922e-9;6.937214669661261e6;940.9774813471669;1.5844967192688198e10;2.2549998961743754e6
4.124000000000001e-12;1.8611659558021638e-5;2.648699501839269e-9;6.937214669677106e6;940.9774813494219;1.5833157450214373e10;2.2532797851898447e6
4.125e-12;1.8618596772691316e-5;2.649640479320619e-9;6.937214669692939e6;940.9774813516751;1.5821360906069454e10;2.251561640571622e6
4.126e-12;1.8625533987361008e-5;2.6505814568019705e-9;6.93721466970876e6;940.9774813539267;1.580957754059388e10;2.2498454593251836e6
4.1270000000000005e-12;1.8632471202030716e-5;2.6515224342833243e-9;6.93721466972457e6;940.9774813561766;1.5797807334164618e10;2.248131238461692e6
4.128e-12;1.8639408416700442e-5;2.6524634117646805e-9;6.937214669740368e6;940.9774813584247;1.57860502671952e10;2.2464189749980015e6
4.129000000000001e-12;1.864634563137018e-5;2.653404389246039e-9;6.937214669756154e6;940.9774813606712;1.5774306320135561e10;2.244708665956632e6
4.13e-12;1.8653282846039937e-5;2.6543453667273996e-9;6.937214669771928e6;940.9774813629159;1.5762575473471992e10;2.2430003083657604e6
4.131e-12;1.866022006070971e-5;2.6552863442087624e-9;6.937214669787691e6;940.977481365159;1.5750857707727047e10;2.2412938992592082e6
4.1320000000000006e-12;1.8667157275379497e-5;2.6562273216901278e-9;6.9372146698034415e6;940.9774813674003;1.5739153003459448e10;2.239589435676424e6
4.133e-12;1.86740944900493e-5;2.657168299171495e-9;6.937214669819181e6;940.9774813696399;1.572746134126405e10;2.23788691466248e6
4.134e-12;1.868103170471912e-5;2.6581092766528647e-9;6.937214669834908e6;940.9774813718778;1.5715782701771719e10;2.2361863332680496e6
4.1350000000000005e-12;1.8687968919388955e-5;2.6590502541342366e-9;6.937214669850624e6;940.9774813741141;1.5704117065649258e10;2.2344876885494003e6
4.136e-12;1.8694906134058806e-5;2.6599912316156106e-9;6.937214669866328e6;940.9774813763486;1.5692464413599337e10;2.2327909775683787e6
4.137000000000001e-12;1.8701843348728674e-5;2.660932209096987e-9;6.937214669882021e6;940.9774813785814;1.5680824726360426e10;2.231096197392401e6
4.138e-12;1.8708780563398556e-5;2.6618731865783657e-9;6.937214669897702e6;940.9774813808125;1.5669197984706678e10;2.229403345094434e6
4.139e-12;1.8715717778068454e-5;2.6628141640597464e-9;6.937214669913371e6;940.9774813830419;1.5657584169447876e10;2.227712417752988e6
4.1400000000000005e-12;1.8722654992738366e-5;2.6637551415411295e-9;6.9372146699290285e6;940.9774813852696;1.564598326142937e10;2.2260234124521073e6
4.141e-12;1.8729592207408295e-5;2.6646961190225147e-9;6.937214669944675e6;940.9774813874956;1.5634395241531933e10;2.224336326281342e6
4.142e-12;1.873652942207824e-5;2.6656370965039023e-9;6.937214669960309e6;940.9774813897199;1.5622820090671759e10;2.2226511563357553e6
4.1430000000000004e-12;1.87434666367482e-5;2.666578073985292e-9;6.937214669975932e6;940.9774813919425;1.5611257789800365e10;2.220967899715903e6
4.144e-12;1.8750403851418177e-5;2.667519051466684e-9;6.937214669991543e6;940.9774813941635;1.559970831990445e10;2.2192865535278115e6
4.145000000000001e-12;1.8757341066088166e-5;2.668460028948078e-9;6.937214670007142e6;940.9774813963828;1.5588171662005907e10;2.217607114882984e6
4.146e-12;1.8764278280758173e-5;2.6694010064294745e-9;6.937214670022731e6;940.9774813986004;1.5576647797161686e10;2.215929580898371e6
4.147e-12;1.8771215495428197e-5;2.670341983910873e-9;6.937214670038307e6;940.9774814008164;1.5565136706463737e10;2.2142539486963674e6
4.1480000000000005e-12;1.8778152710098234e-5;2.671282961392274e-9;6.937214670053872e6;940.9774814030307;1.5553638371038939e10;2.212580215404801e6
4.149e-12;1.878508992476829e-5;2.672223938873677e-9;6.937214670069426e6;940.9774814052432;1.5542152772048998e10;2.210908378156912e6
4.150000000000001e-12;1.8792027139438357e-5;2.673164916355082e-9;6.937214670084968e6;940.9774814074541;1.55306798906904e10;2.209238434091351e6
4.151e-12;1.879896435410844e-5;2.6741058938364894e-9;6.937214670100499e6;940.9774814096634;1.5519219708194311e10;2.2075703803521567e6
4.152e-12;1.8805901568778543e-5;2.675046871317899e-9;6.9372146701160185e6;940.9774814118709;1.5507772205826496e10;2.205904214088751e6
4.1530000000000006e-12;1.881283878344866e-5;2.675987848799311e-9;6.937214670131526e6;940.9774814140768;1.5496337364887281e10;2.2042399324559267e6
4.154e-12;1.881977599811879e-5;2.6769288262807252e-9;6.937214670147022e6;940.9774814162811;1.5484915166711432e10;2.2025775326138283e6
4.155e-12;1.8826713212788936e-5;2.6778698037621414e-9;6.937214670162507e6;940.9774814184836;1.54735055926681e10;2.200917011727949e6
4.1560000000000005e-12;1.88336504274591e-5;2.67881078124356e-9;6.937214670177981e6;940.9774814206845;1.5462108624160751e10;2.199258366969114e6
4.157e-12;1.884058764212928e-5;2.679751758724981e-9;6.937214670193443e6;940.9774814228838;1.5450724242627073e10;2.1976015955134663e6
4.158000000000001e-12;1.8847524856799472e-5;2.6806927362064037e-9;6.937214670208894e6;940.9774814250814;1.5439352429538912e10;2.19594669454246e6
4.159e-12;1.8854462071469682e-5;2.6816337136878286e-9;6.937214670224333e6;940.9774814272773;1.5427993166402176e10;2.194293661242842e6
4.16e-12;1.8861399286139906e-5;2.682574691169256e-9;6.9372146702397615e6;940.9774814294716;1.5416646434756815e10;2.19264249280665e6
4.1610000000000005e-12;1.8868336500810146e-5;2.6835156686506854e-9;6.937214670255178e6;940.9774814316643;1.5405312216176676e10;2.1909931864311886e6
4.162e-12;1.88752737154804e-5;2.684456646132117e-9;6.937214670270583e6;940.9774814338552;1.5393990492269485e10;2.1893457393190274e6
4.163e-12;1.8882210930150672e-5;2.685397623613551e-9;6.9372146702859765e6;940.9774814360446;1.5382681244676722e10;2.18770014867798e6
4.1640000000000004e-12;1.8889148144820956e-5;2.686338601094987e-9;6.937214670301359e6;940.9774814382323;1.537138445507358e10;2.1860564117211006e6
4.165e-12;1.8896085359491258e-5;2.687279578576425e-9;6.937214670316731e6;940.9774814404184;1.5360100105168892e10;2.1844145256666676e6
4.166000000000001e-12;1.8903022574161573e-5;2.6882205560578657e-9;6.937214670332091e6;940.9774814426028;1.5348828176705055e10;2.1827744877381762e6
4.167e-12;1.8909959788831905e-5;2.6891615335393084e-9;6.93721467034744e6;940.9774814447856;1.5337568651457926e10;2.181136295164316e6
4.168e-12;1.8916897003502254e-5;2.690102511020753e-9;6.937214670362778e6;940.9774814469666;1.5326321511236784e10;2.1794999451789735e6
4.1690000000000005e-12;1.8923834218172617e-5;2.6910434885022e-9;6.937214670378105e6;940.9774814491461;1.531508673788426e10;2.1778654350212137e6
4.17e-12;1.8930771432842997e-5;2.6919844659836492e-9;6.937214670393419e6;940.977481451324;1.5303864313276215e10;2.1762327619352634e6
4.171000000000001e-12;1.893770864751339e-5;2.6929254434651006e-9;6.937214670408723e6;940.9774814535002;1.5292654219321728e10;2.1746019231705097e6
4.172e-12;1.89446458621838e-5;2.693866420946554e-9;6.937214670424015e6;940.9774814556748;1.5281456437962978e10;2.1729729159814795e6
4.173e-12;1.8951583076854223e-5;2.6948073984280095e-9;6.937214670439296e6;940.9774814578478;1.5270270951175198e10;2.1713457376278355e6
4.1740000000000006e-12;1.8958520291524664e-5;2.6957483759094675e-9;6.937214670454566e6;940.9774814600191;1.5259097740966581e10;2.1697203853743584e6
4.175e-12;1.8965457506195118e-5;2.6966893533909276e-9;6.937214670469825e6;940.9774814621888;1.5247936789378242e10;2.168096856490941e6
4.176e-12;1.897239472086559e-5;2.6976303308723897e-9;6.937214670485073e6;940.977481464357;1.5236788078484102e10;2.1664751482525696e6
4.1770000000000005e-12;1.8979331935536074e-5;2.698571308353854e-9;6.937214670500309e6;940.9774814665235;1.522565159039083e10;2.1648552579393196e6
4.178e-12;1.8986269150206575e-5;2.6995122858353205e-9;6.9372146705155345e6;940.9774814686883;1.521452730723782e10;2.1632371828363445e6
4.179000000000001e-12;1.899320636487709e-5;2.7004532633167893e-9;6.937214670530749e6;940.9774814708516;1.520341521119703e10;2.161620920233855e6
4.18e-12;1.9000143579547622e-5;2.70139424079826e-9;6.937214670545952e6;940.9774814730132;1.5192315284472979e10;2.1600064674271173e6
4.181e-12;1.9007080794218168e-5;2.702335218279733e-9;6.937214670561145e6;940.9774814751732;1.5181227509302662e10;2.15839382171644e6
4.1820000000000006e-12;1.901401800888873e-5;2.7032761957612083e-9;6.937214670576327e6;940.9774814773316;1.5170151867955446e10;2.1567829804071565e6
4.183e-12;1.9020955223559306e-5;2.7042171732426857e-9;6.937214670591497e6;940.9774814794883;1.5159088342733078e10;2.1551739408096285e6
4.184e-12;1.90278924382299e-5;2.7051581507241652e-9;6.937214670606656e6;940.9774814816435;1.5148036915969488e10;2.1535667002392113e6
4.1850000000000004e-12;1.9034829652900506e-5;2.7060991282056468e-9;6.937214670621804e6;940.9774814837971;1.5136997570030865e10;2.1519612560162703e6
4.186e-12;1.9041766867571126e-5;2.7070401056871304e-9;6.937214670636941e6;940.977481485949;1.512597028731546e10;2.1503576054661456e6
4.187000000000001e-12;1.9048704082241763e-5;2.7079810831686165e-9;6.937214670652066e6;940.9774814880994;1.5114955050253593e10;2.1487557459191564e6
4.188e-12;1.9055641296912414e-5;2.7089220606501047e-9;6.937214670667182e6;940.9774814902482;1.5103951841307549e10;2.147155674710581e6
4.189e-12;1.906257851158308e-5;2.709863038131595e-9;6.937214670682286e6;940.9774814923954;1.5092960642971537e10;2.145557389180654e6
4.1900000000000005e-12;1.9069515726253762e-5;2.7108040156130872e-9;6.937214670697379e6;940.977481494541;1.5081981437771587e10;2.1439608866745485e6
4.191e-12;1.907645294092446e-5;2.7117449930945816e-9;6.937214670712461e6;940.977481496685;1.5071014208265493e10;2.142366164542365e6
4.192000000000001e-12;1.9083390155595172e-5;2.7126859705760785e-9;6.937214670727531e6;940.9774814988273;1.5060058937042747e10;2.140773220139125e6
4.1930000000000004e-12;1.90903273702659e-5;2.7136269480575774e-9;6.937214670742592e6;940.977481500968;1.5049115606724491e10;2.139182050824759e6
4.194e-12;1.9097264584936643e-5;2.7145679255390784e-9;6.937214670757641e6;940.9774815031071;1.5038184199963392e10;2.1375926539640916e6
4.195000000000001e-12;1.91042017996074e-5;2.7155089030205815e-9;6.937214670772679e6;940.9774815052447;1.5027264699443638e10;2.136005026926835e6
4.196e-12;1.9111139014278174e-5;2.7164498805020866e-9;6.937214670787706e6;940.9774815073806;1.5016357087880817e10;2.134419167087577e6
4.197e-12;1.911807622894896e-5;2.7173908579835938e-9;6.937214670802723e6;940.9774815095151;1.5005461348021881e10;2.1328350718257665e6
4.1980000000000005e-12;1.9125013443619763e-5;2.7183318354651035e-9;6.937214670817728e6;940.977481511648;1.4994577462645061e10;2.131252738525709e6
4.199e-12;1.913195065829058e-5;2.7192728129466152e-9;6.937214670832722e6;940.9774815137793;1.4983705414559822e10;2.1296721645765533e6
4.200000000000001e-12;1.9138887872961414e-5;2.720213790428129e-9;6.9372146708477065e6;940.977481515909;1.4972845186606762e10;2.1280933473722776e6
4.201e-12;1.914582508763226e-5;2.721154767909645e-9;6.937214670862679e6;940.977481518037;1.4961996761657555e10;2.126516284311681e6
4.202e-12;1.9152762302303125e-5;2.722095745391163e-9;6.937214670877641e6;940.9774815201636;1.4951160122614912e10;2.1249409727983763e6
4.2030000000000006e-12;1.9159699516974002e-5;2.723036722872683e-9;6.9372146708925925e6;940.9774815222885;1.4940335252412468e10;2.123367410240772e6
4.204e-12;1.9166636731644894e-5;2.723977700354205e-9;6.937214670907533e6;940.9774815244118;1.4929522134014748e10;2.1217955940520694e6
4.205e-12;1.91735739463158e-5;2.7249186778357295e-9;6.937214670922462e6;940.9774815265337;1.4918720750417093e10;2.1202255216502473e6
4.2060000000000005e-12;1.9180511160986723e-5;2.725859655317256e-9;6.937214670937381e6;940.9774815286539;1.4907931084645584e10;2.118657190458051e6
4.207e-12;1.9187448375657662e-5;2.726800632798785e-9;6.937214670952288e6;940.9774815307726;1.489715311975698e10;2.117090597902984e6
4.208000000000001e-12;1.9194385590328614e-5;2.7277416102803157e-9;6.937214670967186e6;940.9774815328897;1.4886386838838669e10;2.1155257414173004e6
4.209e-12;1.920132280499958e-5;2.7286825877618485e-9;6.937214670982072e6;940.9774815350052;1.487563222500855e10;2.1139626184379836e6
4.21e-12;1.9208260019670562e-5;2.7296235652433834e-9;6.937214670996948e6;940.9774815371192;1.486488926141504e10;2.112401226406748e6
4.2110000000000005e-12;1.921519723434156e-5;2.7305645427249204e-9;6.937214671011813e6;940.9774815392316;1.485415793123694e10;2.110841562770022e6
4.212e-12;1.9222134449012572e-5;2.7315055202064594e-9;6.937214671026668e6;940.9774815413424;1.4843438217683418e10;2.1092836249789395e6
4.213000000000001e-12;1.92290716636836e-5;2.732446497688001e-9;6.937214671041511e6;940.9774815434516;1.4832730103993912e10;2.107727410489328e6
4.2140000000000004e-12;1.923600887835464e-5;2.7333874751695446e-9;6.937214671056344e6;940.9774815455594;1.4822033573438112e10;2.106172916761704e6
4.215e-12;1.9242946093025696e-5;2.7343284526510902e-9;6.937214671071166e6;940.9774815476655;1.4811348609315788e10;2.104620141261248e6
4.216000000000001e-12;1.9249883307696767e-5;2.735269430132638e-9;6.937214671085978e6;940.9774815497701;1.4800675194956873e10;2.1030690814578147e6
4.217e-12;1.925682052236785e-5;2.7362104076141877e-9;6.9372146711007785e6;940.9774815518732;1.4790013313721281e10;2.101519734825907e6
4.218e-12;1.9263757737038952e-5;2.7371513850957396e-9;6.937214671115569e6;940.9774815539747;1.477936294899888e10;2.09997209884467e6
4.2190000000000005e-12;1.9270694951710067e-5;2.7380923625772935e-9;6.937214671130348e6;940.9774815560747;1.4768724084209446e10;2.098426170997884e6
4.22e-12;1.92776321663812e-5;2.7390333400588495e-9;6.937214671145117e6;940.9774815581732;1.4758096702802567e10;2.0968819487739508e6
4.221000000000001e-12;1.9284569381052344e-5;2.7399743175404076e-9;6.937214671159875e6;940.97748156027;1.4747480788257612e10;2.0953394296658859e6
4.222e-12;1.9291506595723503e-5;2.7409152950219678e-9;6.937214671174622e6;940.9774815623654;1.4736876324083647e10;2.0937986111713073e6
4.223e-12;1.929844381039468e-5;2.74185627250353e-9;6.937214671189359e6;940.9774815644591;1.4726283293819338e10;2.0922594907924198e6
4.2240000000000006e-12;1.9305381025065868e-5;2.7427972499850942e-9;6.937214671204085e6;940.9774815665514;1.4715701681032976e10;2.0907220660360192e6
4.225e-12;1.931231823973707e-5;2.743738227466661e-9;6.937214671218801e6;940.9774815686421;1.4705131469322323e10;2.0891863344134677e6
4.226e-12;1.931925545440829e-5;2.74467920494823e-9;6.937214671233507e6;940.9774815707314;1.4694572642314579e10;2.0876522934406884e6
4.2270000000000005e-12;1.9326192669079524e-5;2.7456201824298007e-9;6.937214671248201e6;940.977481572819;1.4684025183666367e10;2.0861199406381608e6
4.228e-12;1.933312988375077e-5;2.7465611599113737e-9;6.937214671262885e6;940.9774815749051;1.4673489077063572e10;2.084589273530902e6
4.229000000000001e-12;1.9340067098422035e-5;2.7475021373929487e-9;6.937214671277559e6;940.9774815769897;1.4662964306221369e10;2.0830602896484635e6
4.23e-12;1.9347004313093312e-5;2.7484431148745258e-9;6.937214671292222e6;940.9774815790728;1.4652450854884119e10;2.081532986524919e6
4.231e-12;1.9353941527764603e-5;2.749384092356105e-9;6.937214671306875e6;940.9774815811543;1.4641948706825294e10;2.0800073616988524e6
4.2320000000000005e-12;1.936087874243591e-5;2.750325069837686e-9;6.937214671321517e6;940.9774815832343;1.4631457845847464e10;2.0784834127133524e6
4.233e-12;1.9367815957107232e-5;2.7512660473192695e-9;6.937214671336148e6;940.9774815853128;1.462097825578216e10;2.0769611371159963e6
4.234e-12;1.9374753171778567e-5;2.752207024800855e-9;6.937214671350769e6;940.9774815873898;1.4610509920489876e10;2.0754405324588455e6
4.2350000000000004e-12;1.938169038644992e-5;2.7531480022824423e-9;6.937214671365379e6;940.9774815894652;1.4600052823860003e10;2.0739215962984373e6
4.236e-12;1.9388627601121285e-5;2.754088979764032e-9;6.93721467137998e6;940.9774815915391;1.4589606949810709e10;2.072404326195767e6
4.237000000000001e-12;1.9395564815792664e-5;2.7550299572456234e-9;6.937214671394569e6;940.9774815936115;1.4579172282288948e10;2.0708887197162854e6
4.238e-12;1.940250203046406e-5;2.755970934727217e-9;6.937214671409148e6;940.9774815956824;1.4568748805270367e10;2.0693747744298873e6
4.239e-12;1.940943924513547e-5;2.7569119122088127e-9;6.9372146714237165e6;940.9774815977518;1.4558336502759205e10;2.0678624879108972e6
4.2400000000000005e-12;1.9416376459806892e-5;2.7578528896904105e-9;6.937214671438275e6;940.9774815998196;1.4547935358788322e10;2.0663518577380686e6
4.241e-12;1.942331367447833e-5;2.7587938671720103e-9;6.937214671452823e6;940.977481601886;1.453754535741906e10;2.0648428814945659e6
4.242000000000001e-12;1.9430250889149783e-5;2.7597348446536122e-9;6.937214671467361e6;940.9774816039509;1.4527166482741215e10;2.0633355567679584e6
4.243e-12;1.943718810382125e-5;2.7606758221352162e-9;6.937214671481888e6;940.9774816060142;1.4516798718872961e10;2.0618298811502114e6
4.244e-12;1.944412531849273e-5;2.7616167996168223e-9;6.937214671496404e6;940.977481608076;1.4506442049960823e10;2.0603258522376758e6
4.2450000000000006e-12;1.9451062533164228e-5;2.7625577770984304e-9;6.937214671510911e6;940.9774816101364;1.4496096460179558e10;2.0588234676310755e6
4.246e-12;1.945799974783574e-5;2.7634987545800406e-9;6.937214671525407e6;940.9774816121952;1.4485761933732153e10;2.0573227249355037e6
4.247e-12;1.9464936962507264e-5;2.764439732061653e-9;6.937214671539892e6;940.9774816142525;1.4475438454849735e10;2.0558236217604093e6
4.2480000000000005e-12;1.9471874177178802e-5;2.765380709543267e-9;6.937214671554368e6;940.9774816163083;1.4465126007791508e10;2.0543261557195883e6
4.249e-12;1.9478811391850358e-5;2.7663216870248835e-9;6.937214671568833e6;940.9774816183626;1.445482457684471e10;2.0528303244311733e6
4.250000000000001e-12;1.9485748606521926e-5;2.767262664506502e-9;6.937214671583288e6;940.9774816204155;1.4444534146324526e10;2.0513361255176258e6
4.251e-12;1.949268582119351e-5;2.7682036419881225e-9;6.937214671597733e6;940.9774816224668;1.443425470057408e10;2.0498435566057276e6
4.252e-12;1.9499623035865108e-5;2.769144619469745e-9;6.937214671612168e6;940.9774816245167;1.442398622396431e10;2.0483526153265683e6
4.2530000000000006e-12;1.950656025053672e-5;2.7700855969513697e-9;6.937214671626592e6;940.9774816265651;1.4413728700893953e10;2.0468632993155378e6
4.254e-12;1.9513497465208347e-5;2.7710265744329965e-9;6.937214671641006e6;940.9774816286119;1.4403482115789474e10;2.045375606212317e6
4.255e-12;1.9520434679879987e-5;2.7719675519146253e-9;6.93721467165541e6;940.9774816306573;1.4393246453105e10;2.0438895336608673e6
4.2560000000000004e-12;1.9527371894551644e-5;2.772908529396256e-9;6.937214671669804e6;940.9774816327011;1.438302169732227e10;2.0424050793094225e6
4.257e-12;1.9534309109223315e-5;2.7738495068778886e-9;6.937214671684187e6;940.9774816347435;1.4372807832950577e10;2.04092224081048e6
4.258000000000001e-12;1.9541246323895e-5;2.7747904843595232e-9;6.93721467169856e6;940.9774816367844;1.43626048445267e10;2.039441015820789e6
4.259e-12;1.9548183538566696e-5;2.77573146184116e-9;6.937214671712923e6;940.9774816388239;1.435241271661486e10;2.0379614020013462e6
4.26e-12;1.955512075323841e-5;2.7766724393227986e-9;6.9372146717272755e6;940.9774816408618;1.4342231433806627e10;2.0364833970173774e6
4.2610000000000005e-12;1.956205796791014e-5;2.7776134168044394e-9;6.937214671741618e6;940.9774816428983;1.433206098072093e10;2.035006998538341e6
4.262e-12;1.956899518258188e-5;2.7785543942860823e-9;6.93721467175595e6;940.9774816449333;1.432190134200391e10;2.0335322042379063e6
4.263000000000001e-12;1.9575932397253635e-5;2.779495371767727e-9;6.937214671770272e6;940.9774816469668;1.431175250232895e10;2.0320590117939557e6
4.2640000000000004e-12;1.9582869611925404e-5;2.780436349249374e-9;6.9372146717845835e6;940.9774816489988;1.4301614446396536e10;2.0305874188885635e6
4.265e-12;1.958980682659719e-5;2.7813773267310232e-9;6.937214671798885e6;940.9774816510294;1.4291487158934265e10;2.0291174232079978e6
4.266000000000001e-12;1.959674404126899e-5;2.7823183042126744e-9;6.937214671813176e6;940.9774816530585;1.4281370624696764e10;2.0276490224427066e6
4.267e-12;1.96036812559408e-5;2.7832592816943276e-9;6.937214671827458e6;940.9774816550861;1.4271264828465609e10;2.026182214287307e6
4.268e-12;1.9610618470612628e-5;2.784200259175983e-9;6.937214671841729e6;940.9774816571122;1.426116975504931e10;2.0247169964405808e6
4.2690000000000005e-12;1.961755568528447e-5;2.7851412366576397e-9;6.937214671855991e6;940.977481659137;1.4251085389283207e10;2.023253366605458e6
4.27e-12;1.9624492899956328e-5;2.7860822141392987e-9;6.937214671870242e6;940.9774816611603;1.4241011716029465e10;2.0217913224890188e6
4.271000000000001e-12;1.9631430114628198e-5;2.7870231916209598e-9;6.937214671884483e6;940.9774816631821;1.4230948720176977e10;2.020330861802475e6
4.272e-12;1.9638367329300082e-5;2.787964169102623e-9;6.937214671898713e6;940.9774816652024;1.4220896386641329e10;2.0188719822611662e6
4.273e-12;1.964530454397198e-5;2.788905146584288e-9;6.937214671912935e6;940.9774816672212;1.4210854700364737e10;2.0174146815845498e6
4.2740000000000006e-12;1.9652241758643894e-5;2.7898461240659553e-9;6.937214671927146e6;940.9774816692386;1.4200823646315962e10;2.0159589574961858e6
4.275e-12;1.9659178973315822e-5;2.7907871015476247e-9;6.9372146719413465e6;940.9774816712546;1.419080320949031e10;2.0145048077237406e6
4.276e-12;1.9666116187987763e-5;2.791728079029296e-9;6.937214671955537e6;940.9774816732692;1.4180793374909546e10;2.0130522299989695e6
4.2770000000000005e-12;1.9673053402659718e-5;2.7926690565109695e-9;6.937214671969718e6;940.9774816752822;1.4170794127621828e10;2.0116012220577083e6
4.278e-12;1.9679990617331687e-5;2.7936100339926446e-9;6.937214671983889e6;940.9774816772938;1.4160805452701666e10;2.0101517816398656e6
4.279000000000001e-12;1.9686927832003672e-5;2.794551011474322e-9;6.93721467199805e6;940.9774816793039;1.4150827335249857e10;2.0087039064894153e6
4.28e-12;1.969386504667567e-5;2.795491988956001e-9;6.937214672012201e6;940.9774816813126;1.4140859760393444e10;2.0072575943543867e6
4.281e-12;1.9700802261347684e-5;2.7964329664376824e-9;6.937214672026342e6;940.9774816833199;1.4130902713285652e10;2.0058128429868564e6
4.2820000000000005e-12;1.970773947601971e-5;2.7973739439193658e-9;6.937214672040473e6;940.9774816853256;1.4120956179105816e10;2.004369650142937e6
4.283e-12;1.971467669069175e-5;2.7983149214010512e-9;6.937214672054593e6;940.97748168733;1.4111020143059364e10;2.0029280135827723e6
4.284000000000001e-12;1.9721613905363803e-5;2.7992558988827388e-9;6.937214672068705e6;940.977481689333;1.4101094590377722e10;2.001487931070526e6
4.2850000000000004e-12;1.9728551120035874e-5;2.800196876364428e-9;6.937214672082806e6;940.9774816913344;1.4091179506318275e10;2.0000494003743709e6
4.286e-12;1.9735488334707957e-5;2.801137853846119e-9;6.937214672096897e6;940.9774816933345;1.4081274876164341e10;1.99861241926649e6
4.287000000000001e-12;1.9742425549380055e-5;2.8020788313278125e-9;6.9372146721109785e6;940.9774816953332;1.4071380685225067e10;1.9971769855230553e6
4.288e-12;1.9749362764052166e-5;2.803019808809508e-9;6.93721467212505e6;940.9774816973303;1.4061496918835402e10;1.9957430969242272e6
4.289e-12;1.975629997872429e-5;2.8039607862912053e-9;6.937214672139111e6;940.9774816993261;1.405162356235603e10;1.9943107512541427e6
4.2900000000000005e-12;1.9763237193396428e-5;2.804901763772905e-9;6.937214672153163e6;940.9774817013204;1.4041760601173344e10;1.992879946300909e6
4.291e-12;1.977017440806858e-5;2.805842741254606e-9;6.937214672167204e6;940.9774817033133;1.4031908020699354e10;1.991450679856592e6
4.292000000000001e-12;1.9777111622740748e-5;2.8067837187363093e-9;6.937214672181237e6;940.9774817053047;1.4022065806371647e10;1.99002294971721e6
4.293e-12;1.978404883741293e-5;2.8077246962180146e-9;6.937214672195259e6;940.9774817072947;1.401223394365336e10;1.9885967536827268e6
4.294e-12;1.9790986052085126e-5;2.808665673699722e-9;6.937214672209271e6;940.9774817092833;1.4002412418033085e10;1.9871720895570407e6
4.2950000000000006e-12;1.9797923266757335e-5;2.8096066511814314e-9;6.937214672223274e6;940.9774817112705;1.3992601215024826e10;1.9857489551479735e6
4.296e-12;1.9804860481429558e-5;2.8105476286631425e-9;6.937214672237266e6;940.9774817132562;1.3982800320167982e10;1.9843273482672693e6
4.297e-12;1.9811797696101794e-5;2.8114886061448557e-9;6.937214672251249e6;940.9774817152405;1.3973009719027237e10;1.9829072667305798e6
4.2980000000000005e-12;1.9818734910774044e-5;2.812429583626571e-9;6.937214672265221e6;940.9774817172234;1.3963229397192543e10;1.9814887083574578e6
4.299e-12;1.982567212544631e-5;2.8133705611082882e-9;6.937214672279185e6;940.9774817192049;1.3953459340279072e10;1.9800716709713512e6
4.300000000000001e-12;1.983260934011859e-5;2.8143115385900076e-9;6.937214672293138e6;940.977481721185;1.3943699533927122e10;1.9786561523995898e6
4.301e-12;1.9839546554790884e-5;2.8152525160717286e-9;6.9372146723070815e6;940.9774817231636;1.3933949963802132e10;1.9772421504733833e6
4.302e-12;1.9846483769463192e-5;2.8161934935534517e-9;6.937214672321015e6;940.9774817251408;1.3924210615594547e10;1.9758296630278055e6
4.3030000000000005e-12;1.9853420984135513e-5;2.817134471035177e-9;6.937214672334939e6;940.9774817271167;1.391448147501984e10;1.974418687901794e6
4.304e-12;1.9860358198807847e-5;2.818075448516904e-9;6.937214672348854e6;940.9774817290911;1.3904762527818401e10;1.9730092229381348e6
4.305e-12;1.9867295413480195e-5;2.8190164259986334e-9;6.937214672362759e6;940.9774817310641;1.389505375975555e10;1.9716012659834612e6
4.3060000000000004e-12;1.9874232628152557e-5;2.8199574034803643e-9;6.937214672376654e6;940.9774817330357;1.3885355156621391e10;1.9701948148882354e6
4.307e-12;1.9881169842824932e-5;2.8208983809620974e-9;6.937214672390539e6;940.9774817350059;1.3875666704230864e10;1.9687898675067518e6
4.308000000000001e-12;1.9888107057497324e-5;2.8218393584438324e-9;6.937214672404415e6;940.9774817369747;1.3865988388423622e10;1.9673864216971225e6
4.309e-12;1.989504427216973e-5;2.8227803359255696e-9;6.9372146724182805e6;940.9774817389421;1.3856320195064009e10;1.9659844753212698e6
4.31e-12;1.990198148684215e-5;2.8237213134073084e-9;6.937214672432137e6;940.977481740908;1.3846662110040987e10;1.964584026244917e6
4.3110000000000005e-12;1.9908918701514582e-5;2.8246622908890493e-9;6.937214672445984e6;940.9774817428727;1.3837014119268116e10;1.9631850723375846e6
4.312e-12;1.9915855916187028e-5;2.8256032683707922e-9;6.93721467245982e6;940.9774817448358;1.3827376208683481e10;1.961787611472579e6
4.313000000000001e-12;1.9922793130859488e-5;2.8265442458525372e-9;6.937214672473648e6;940.9774817467976;1.3817748364249638e10;1.9603916415269824e6
4.314e-12;1.992973034553196e-5;2.827485223334284e-9;6.937214672487466e6;940.977481748758;1.3808130571953575e10;1.95899716038165e6
4.315e-12;1.993666756020445e-5;2.8284262008160326e-9;6.937214672501273e6;940.9774817507171;1.379852281780666e10;1.9576041659211975e6
4.3160000000000006e-12;1.994360477487695e-5;2.8293671782977835e-9;6.937214672515072e6;940.9774817526746;1.378892508784457e10;1.956212656033995e6
4.317e-12;1.9950541989549463e-5;2.8303081557795363e-9;6.937214672528861e6;940.9774817546308;1.3779337368127275e10;1.95482262861216e6
4.318e-12;1.995747920422199e-5;2.831249133261291e-9;6.93721467254264e6;940.9774817565857;1.3769759644738945e10;1.953434081551545e6
4.3190000000000005e-12;1.9964416418894532e-5;2.8321901107430474e-9;6.93721467255641e6;940.9774817585392;1.3760191903787962e10;1.9520470127517374e6
4.32e-12;1.9971353633567087e-5;2.833131088224806e-9;6.93721467257017e6;940.9774817604912;1.3750634131406794e10;1.950661420116044e6
4.321000000000001e-12;1.9978290848239658e-5;2.8340720657065664e-9;6.937214672583921e6;940.9774817624418;1.3741086313751993e10;1.9492773015514852e6
4.322e-12;1.9985228062912244e-5;2.835013043188329e-9;6.937214672597662e6;940.9774817643911;1.3731548437004135e10;1.9478946549687902e6
4.323e-12;1.9992165277584842e-5;2.8359540206700933e-9;6.937214672611393e6;940.977481766339;1.3722020487367765e10;1.9465134782823857e6
4.3240000000000006e-12;1.9999102492257455e-5;2.8368949981518598e-9;6.937214672625115e6;940.9774817682855;1.3712502451071371e10;1.945133769410391e6
4.325e-12;2.000603970693008e-5;2.837835975633628e-9;6.937214672638828e6;940.9774817702307;1.3702994314367271e10;1.9437555262746038e6
4.326e-12;2.001297692160272e-5;2.838776953115398e-9;6.9372146726525305e6;940.9774817721744;1.3693496063531654e10;1.9423787468005035e6
4.3270000000000004e-12;2.0019914136275373e-5;2.8397179305971705e-9;6.937214672666224e6;940.9774817741168;1.3684007684864437e10;1.9410034289172299e6
4.328e-12;2.002685135094804e-5;2.8406589080789445e-9;6.937214672679908e6;940.9774817760577;1.3674529164689308e10;1.939629570557589e6
4.329000000000001e-12;2.003378856562072e-5;2.8415998855607205e-9;6.937214672693582e6;940.9774817779974;1.3665060489353596e10;1.938257169658034e6
4.33e-12;2.0040725780293413e-5;2.8425408630424986e-9;6.937214672707248e6;940.9774817799356;1.365560164522825e10;1.9368862241586626e6
4.331e-12;2.004766299496612e-5;2.8434818405242784e-9;6.9372146727209035e6;940.9774817818725;1.3646152618707836e10;1.9355167320032124e6
4.3320000000000005e-12;2.005460020963884e-5;2.84442281800606e-9;6.937214672734549e6;940.977481783808;1.3636713396210402e10;1.9341486911390452e6
4.333e-12;2.0061537424311575e-5;2.845363795487844e-9;6.937214672748186e6;940.9774817857422;1.3627283964177511e10;1.9327820995171475e6
4.334000000000001e-12;2.0068474638984323e-5;2.8463047729696296e-9;6.937214672761813e6;940.977481787675;1.3617864309074125e10;1.9314169550921158e6
4.3350000000000004e-12;2.0075411853657085e-5;2.8472457504514172e-9;6.937214672775431e6;940.9774817896064;1.3608454417388622e10;1.9300532558221568e6
4.336e-12;2.008234906832986e-5;2.848186727933207e-9;6.937214672789039e6;940.9774817915364;1.3599054275632673e10;1.9286909996690687e6
4.337000000000001e-12;2.0089286283002648e-5;2.8491277054149982e-9;6.937214672802638e6;940.9774817934651;1.3589663870341267e10;1.9273301845982466e6
4.338e-12;2.009622349767545e-5;2.8500686828967916e-9;6.937214672816228e6;940.9774817953925;1.3580283188072624e10;1.9259708085786665e6
4.339e-12;2.0103160712348266e-5;2.851009660378587e-9;6.937214672829809e6;940.9774817973184;1.3570912215408133e10;1.9246128695828775e6
4.3400000000000005e-12;2.0110097927021095e-5;2.8519506378603842e-9;6.93721467284338e6;940.977481799243;1.3561550938952345e10;1.923256365586999e6
4.341e-12;2.0117035141693938e-5;2.8528916153421834e-9;6.937214672856942e6;940.9774818011663;1.3552199345332891e10;1.9219012945707096e6
4.342000000000001e-12;2.0123972356366794e-5;2.8538325928239847e-9;6.937214672870494e6;940.9774818030882;1.3542857421200464e10;1.920547654517242e6
4.343e-12;2.0130909571039664e-5;2.8547735703057876e-9;6.937214672884038e6;940.9774818050087;1.3533525153228724e10;1.919195443413371e6
4.344e-12;2.0137846785712547e-5;2.8557145477875926e-9;6.937214672897572e6;940.9774818069278;1.35242025281143e10;1.917844659249412e6
4.3450000000000006e-12;2.0144784000385444e-5;2.8566555252693997e-9;6.937214672911096e6;940.9774818088457;1.351488953257673e10;1.9164953000192104e6
4.346e-12;2.0151721215058355e-5;2.8575965027512084e-9;6.937214672924612e6;940.9774818107622;1.3505586153358398e10;1.9151473637201341e6
4.347e-12;2.015865842973128e-5;2.858537480233019e-9;6.937214672938118e6;940.9774818126774;1.3496292377224499e10;1.9138008483530667e6
4.3480000000000005e-12;2.0165595644404216e-5;2.859478457714832e-9;6.9372146729516145e6;940.9774818145912;1.3487008190962973e10;1.9124557519223983e6
4.349e-12;2.0172532859077168e-5;2.8604194351966465e-9;6.937214672965102e6;940.9774818165037;1.3477733581384508e10;1.9111120724360237e6
4.350000000000001e-12;2.0179470073750132e-5;2.861360412678463e-9;6.93721467297858e6;940.9774818184147;1.3468468535322416e10;1.9097698079053252e6
4.351e-12;2.018640728842311e-5;2.8623013901602813e-9;6.937214672992049e6;940.9774818203246;1.3459213039632668e10;1.9084289563451759e6
4.352e-12;2.0193344503096102e-5;2.8632423676421015e-9;6.937214673005508e6;940.977481822233;1.3449967081193783e10;1.9070895157739255e6
4.3530000000000005e-12;2.0200281717769108e-5;2.864183345123924e-9;6.937214673018958e6;940.9774818241401;1.3440730646906815e10;1.9057514842133955e6
4.354e-12;2.0207218932442127e-5;2.865124322605748e-9;6.937214673032399e6;940.9774818260458;1.3431503723695295e10;1.9044148596888708e6
4.355000000000001e-12;2.021415614711516e-5;2.866065300087574e-9;6.937214673045831e6;940.9774818279502;1.3422286298505215e10;1.9030796402290957e6
4.3560000000000004e-12;2.0221093361788205e-5;2.867006277569402e-9;6.937214673059253e6;940.9774818298533;1.3413078358304926e10;1.9017458238662619e6
4.357e-12;2.0228030576461265e-5;2.867947255051232e-9;6.937214673072666e6;940.9774818317551;1.3403879890085106e10;1.9004134086360002e6
4.358000000000001e-12;2.0234967791134338e-5;2.868888232533064e-9;6.9372146730860695e6;940.9774818336555;1.3394690880858776e10;1.899082392577383e6
4.359e-12;2.0241905005807424e-5;2.8698292100148973e-9;6.937214673099464e6;940.9774818355546;1.3385511317661179e10;1.8977527737329067e6
4.36e-12;2.0248842220480525e-5;2.870770187496733e-9;6.93721467311285e6;940.9774818374524;1.3376341187549763e10;1.896424550148489e6
4.3610000000000005e-12;2.025577943515364e-5;2.8717111649785706e-9;6.937214673126226e6;940.9774818393488;1.3367180477604136e10;1.8950977198734598e6
4.362e-12;2.0262716649826766e-5;2.87265214246041e-9;6.937214673139594e6;940.9774818412438;1.3358029174926031e10;1.8937722809605587e6
4.363000000000001e-12;2.0269653864499907e-5;2.8735931199422513e-9;6.9372146731529515e6;940.9774818431376;1.3348887266639238e10;1.892448231465922e6
4.364e-12;2.027659107917306e-5;2.8745340974240943e-9;6.9372146731663e6;940.9774818450301;1.3339754739889568e10;1.8911255694490778e6
4.365e-12;2.028352829384623e-5;2.8754750749059394e-9;6.9372146731796395e6;940.9774818469213;1.3330631581844822e10;1.889804292972941e6
4.3660000000000006e-12;2.0290465508519407e-5;2.876416052387786e-9;6.93721467319297e6;940.9774818488111;1.3321517779694729e10;1.888484400103805e6
4.367e-12;2.02974027231926e-5;2.877357029869635e-9;6.937214673206292e6;940.9774818506995;1.3312413320650887e10;1.8871658889113294e6
4.368e-12;2.0304339937865804e-5;2.878298007351486e-9;6.937214673219604e6;940.9774818525867;1.3303318191946774e10;1.8858487574685444e6
4.3690000000000005e-12;2.0311277152539023e-5;2.8792389848333384e-9;6.937214673232907e6;940.9774818544726;1.3294232380837618e10;1.8845330038518298e6
4.37e-12;2.0318214367212255e-5;2.880179962315193e-9;6.937214673246202e6;940.9774818563571;1.3285155874600452e10;1.8832186261409218e6
4.371000000000001e-12;2.03251515818855e-5;2.8811209397970493e-9;6.937214673259487e6;940.9774818582404;1.3276088660533976e10;1.8819056224188935e6
4.372e-12;2.033208879655876e-5;2.8820619172789076e-9;6.937214673272763e6;940.9774818601222;1.3267030725958578e10;1.8805939907721598e6
4.373e-12;2.0339026011232034e-5;2.8830028947607676e-9;6.93721467328603e6;940.9774818620028;1.325798205821626e10;1.8792837292904595e6
4.3740000000000005e-12;2.034596322590532e-5;2.8839438722426297e-9;6.937214673299288e6;940.9774818638821;1.3248942644670591e10;1.8779748360668556e6
4.375e-12;2.035290044057862e-5;2.8848848497244934e-9;6.937214673312537e6;940.9774818657601;1.3239912472706696e10;1.8766673091977267e6
4.376000000000001e-12;2.0359837655251934e-5;2.885825827206359e-9;6.937214673325777e6;940.9774818676367;1.3230891529731153e10;1.8753611467827566e6
4.3770000000000004e-12;2.036677486992526e-5;2.8867668046882266e-9;6.937214673339008e6;940.9774818695121;1.3221879803172012e10;1.8740563469249334e6
4.378e-12;2.03737120845986e-5;2.887707782170096e-9;6.93721467335223e6;940.9774818713861;1.321287728047872e10;1.8727529077305396e6
4.379000000000001e-12;2.038064929927195e-5;2.8886487596519677e-9;6.937214673365443e6;940.9774818732589;1.320388394912206e10;1.8714508273091414e6
4.38e-12;2.0387586513945314e-5;2.889589737133841e-9;6.937214673378647e6;940.9774818751303;1.319489979659415e10;1.8701501037735895e6
4.381e-12;2.0394523728618692e-5;2.8905307146157162e-9;6.937214673391842e6;940.9774818770004;1.3185924810408361e10;1.8688507352400057e6
4.3820000000000005e-12;2.0401460943292084e-5;2.891471692097593e-9;6.937214673405028e6;940.9774818788693;1.3176958978099314e10;1.8675527198277817e6
4.383e-12;2.040839815796549e-5;2.892412669579472e-9;6.937214673418205e6;940.9774818807368;1.316800228722277e10;1.8662560556595656e6
4.384000000000001e-12;2.0415335372638908e-5;2.893353647061353e-9;6.937214673431373e6;940.9774818826031;1.3159054725355673e10;1.864960740861261e6
4.385e-12;2.042227258731234e-5;2.8942946245432356e-9;6.937214673444532e6;940.977481884468;1.3150116280096043e10;1.8636667735620195e6
4.386e-12;2.0429209801985786e-5;2.89523560202512e-9;6.937214673457682e6;940.9774818863317;1.3141186939062954e10;1.8623741518942302e6
4.3870000000000006e-12;2.0436147016659245e-5;2.8961765795070064e-9;6.937214673470823e6;940.9774818881941;1.3132266689896486e10;1.861082873993516e6
4.388e-12;2.0443084231332715e-5;2.8971175569888946e-9;6.937214673483956e6;940.9774818900552;1.3123355520257713e10;1.8597929379987288e6
4.389e-12;2.0450021446006198e-5;2.8980585344707847e-9;6.937214673497079e6;940.977481891915;1.3114453417828598e10;1.8585043420519351e6
4.3900000000000005e-12;2.0456958660679694e-5;2.8989995119526766e-9;6.937214673510194e6;940.9774818937735;1.3105560370312004e10;1.8572170842984195e6
4.391e-12;2.0463895875353205e-5;2.8999404894345705e-9;6.937214673523299e6;940.9774818956307;1.3096676365431637e10;1.8559311628866694e6
4.392000000000001e-12;2.0470833090026728e-5;2.900881466916466e-9;6.937214673536396e6;940.9774818974867;1.3087801390931993e10;1.854646575968374e6
4.393e-12;2.0477770304700266e-5;2.9018224443983637e-9;6.9372146735494835e6;940.9774818993413;1.3078935434578327e10;1.8533633216984153e6
4.394e-12;2.0484707519373816e-5;2.902763421880263e-9;6.937214673562562e6;940.9774819011947;1.3070078484156607e10;1.8520813982348612e6
4.3950000000000006e-12;2.0491644734047377e-5;2.9037043993621643e-9;6.937214673575632e6;940.9774819030467;1.3061230527473476e10;1.850800803738961e6
4.396e-12;2.0498581948720952e-5;2.9046453768440673e-9;6.937214673588693e6;940.9774819048976;1.305239155235619e10;1.849521536375134e6
4.397e-12;2.050551916339454e-5;2.9055863543259724e-9;6.937214673601746e6;940.9774819067471;1.3043561546652618e10;1.848243594310971e6
4.3980000000000004e-12;2.0512456378068142e-5;2.906527331807879e-9;6.937214673614789e6;940.9774819085953;1.3034740498231155e10;1.846966975717219e6
4.399e-12;2.0519393592741757e-5;2.907468309289788e-9;6.937214673627824e6;940.9774819104423;1.3025928394980701e10;1.845691678767781e6
4.400000000000001e-12;2.0526330807415386e-5;2.9084092867716984e-9;6.937214673640849e6;940.977481912288;1.3017125224810629e10;1.8444177016397056e6
4.401e-12;2.0533268022089028e-5;2.9093502642536105e-9;6.937214673653866e6;940.9774819141325;1.300833097565072e10;1.8431450425131826e6
4.402e-12;2.054020523676268e-5;2.9102912417355246e-9;6.937214673666875e6;940.9774819159755;1.2999545635451155e10;1.8418736995715383e6
4.4030000000000005e-12;2.0547142451436347e-5;2.9112322192174405e-9;6.937214673679874e6;940.9774819178174;1.299076919218243e10;1.8406036710012234e6
4.404e-12;2.0554079666110026e-5;2.9121731966993584e-9;6.937214673692865e6;940.977481919658;1.298200163383534e10;1.8393349549918098e6
4.405000000000001e-12;2.056101688078372e-5;2.913114174181278e-9;6.937214673705847e6;940.9774819214973;1.2973242948420956e10;1.8380675497359873e6
4.4060000000000004e-12;2.0567954095457426e-5;2.9140551516631995e-9;6.93721467371882e6;940.9774819233354;1.2964493123970543e10;1.836801453429551e6
4.407e-12;2.0574891310131146e-5;2.9149961291451228e-9;6.937214673731785e6;940.9774819251722;1.2955752148535545e10;1.8355366642713991e6
4.408000000000001e-12;2.0581828524804877e-5;2.915937106627048e-9;6.937214673744741e6;940.9774819270078;1.294702001018756e10;1.8342731804635283e6
4.409e-12;2.058876573947862e-5;2.916878084108975e-9;6.937214673757688e6;940.977481928842;1.2938296697018238e10;1.8330110002110177e6
4.41e-12;2.0595702954152378e-5;2.9178190615909038e-9;6.937214673770626e6;940.977481930675;1.2929582197139315e10;1.8317501217220349e6
4.4110000000000005e-12;2.060264016882615e-5;2.9187600390728345e-9;6.937214673783556e6;940.9774819325067;1.2920876498682535e10;1.8304905432078235e6
4.412e-12;2.0609577383499934e-5;2.919701016554767e-9;6.937214673796477e6;940.9774819343372;1.2912179589799583e10;1.829232262882693e6
4.413000000000001e-12;2.061651459817373e-5;2.9206419940367013e-9;6.937214673809389e6;940.9774819361664;1.2903491458662125e10;1.8279752789640236e6
4.414e-12;2.0623451812847537e-5;2.9215829715186374e-9;6.937214673822292e6;940.9774819379944;1.2894812093461662e10;1.8267195896722456e6
4.415e-12;2.063038902752136e-5;2.9225239490005755e-9;6.937214673835187e6;940.9774819398211;1.2886141482409594e10;1.8254651932308464e6
4.4160000000000006e-12;2.0637326242195194e-5;2.9234649264825154e-9;6.937214673848073e6;940.9774819416466;1.2877479613737091e10;1.824212087866354e6
4.417e-12;2.0644263456869043e-5;2.924405903964457e-9;6.93721467386095e6;940.9774819434708;1.2868826475695126e10;1.8229602718083384e6
4.418e-12;2.0651200671542906e-5;2.9253468814464004e-9;6.937214673873819e6;940.9774819452938;1.286018205655438e10;1.8217097432894001e6
4.4190000000000005e-12;2.065813788621678e-5;2.9262878589283456e-9;6.93721467388668e6;940.9774819471155;1.2851546344605246e10;1.8204605005451676e6
4.42e-12;2.0665075100890665e-5;2.927228836410293e-9;6.937214673899531e6;940.977481948936;1.2842919328157751e10;1.8192125418142886e6
4.421000000000001e-12;2.0672012315564565e-5;2.9281698138922417e-9;6.937214673912374e6;940.9774819507552;1.2834300995541533e10;1.8179658653384224e6
4.422e-12;2.0678949530238478e-5;2.9291107913741923e-9;6.937214673925209e6;940.9774819525732;1.2825691335105803e10;1.816720469362238e6
4.423e-12;2.06858867449124e-5;2.930051768856145e-9;6.937214673938034e6;940.9774819543899;1.2817090335219326e10;1.8154763521334077e6
4.4240000000000005e-12;2.069282395958634e-5;2.9309927463380992e-9;6.937214673950851e6;940.9774819562053;1.280849798427034e10;1.8142335119025973e6
4.425e-12;2.069976117426029e-5;2.9319337238200556e-9;6.937214673963659e6;940.9774819580196;1.2799914270666521e10;1.812991946923458e6
4.426000000000001e-12;2.0706698388934254e-5;2.9328747013020136e-9;6.93721467397646e6;940.9774819598325;1.279133918283501e10;1.8117516554526314e6
4.4270000000000004e-12;2.071363560360823e-5;2.9338156787839733e-9;6.937214673989251e6;940.9774819616442;1.2782772709222263e10;1.8105126357497287e6
4.428e-12;2.072057281828222e-5;2.934756656265935e-9;6.937214674002034e6;940.9774819634547;1.2774214838294142e10;1.8092748860773405e6
4.429000000000001e-12;2.072751003295622e-5;2.9356976337478984e-9;6.937214674014808e6;940.977481965264;1.2765665558535736e10;1.8080384047010124e6
4.43e-12;2.0734447247630236e-5;2.936638611229864e-9;6.937214674027573e6;940.9774819670721;1.2757124858451445e10;1.8068031898892564e6
4.431e-12;2.0741384462304264e-5;2.937579588711831e-9;6.937214674040331e6;940.9774819688789;1.2748592726564865e10;1.805569239913532e6
4.4320000000000005e-12;2.0748321676978303e-5;2.9385205661937997e-9;6.937214674053079e6;940.9774819706845;1.2740069151418797e10;1.8043365530482498e6
4.433e-12;2.0755258891652355e-5;2.9394615436757705e-9;6.93721467406582e6;940.9774819724888;1.2731554121575151e10;1.8031051275707572e6
4.434000000000001e-12;2.076219610632642e-5;2.940402521157743e-9;6.937214674078551e6;940.9774819742919;1.272304762561497e10;1.8018749617613368e6
4.435e-12;2.07691333210005e-5;2.941343498639717e-9;6.937214674091274e6;940.9774819760937;1.2714549652138363e10;1.8006460539032018e6
4.436e-12;2.0776070535674594e-5;2.9422844761216934e-9;6.937214674103988e6;940.9774819778944;1.2706060189764458e10;1.7994184022824867e6
4.4370000000000006e-12;2.0783007750348697e-5;2.9432254536036713e-9;6.937214674116694e6;940.9774819796938;1.2697579227131386e10;1.7981920051882437e6
4.438e-12;2.0789944965022813e-5;2.9441664310856508e-9;6.937214674129392e6;940.977481981492;1.2689106752896217e10;1.796966860912433e6
4.439e-12;2.0796882179696944e-5;2.9451074085676324e-9;6.937214674142081e6;940.977481983289;1.2680642755734936e10;1.7957429677499214e6
4.4400000000000005e-12;2.0803819394371087e-5;2.9460483860496156e-9;6.937214674154762e6;940.9774819850848;1.2672187224342428e10;1.7945203239984752e6
4.441e-12;2.081075660904524e-5;2.9469893635316005e-9;6.937214674167435e6;940.9774819868793;1.2663740147432394e10;1.7932989279587534e6
4.442000000000001e-12;2.081769382371941e-5;2.9479303410135875e-9;6.937214674180099e6;940.9774819886726;1.2655301513737339e10;1.792078777934299e6
4.443e-12;2.082463103839359e-5;2.948871318495576e-9;6.937214674192755e6;940.9774819904646;1.2646871312008547e10;1.7908598722315407e6
4.444e-12;2.083156825306778e-5;2.9498122959775663e-9;6.937214674205401e6;940.9774819922555;1.2638449531016014e10;1.7896422091597794e6
4.4450000000000005e-12;2.0838505467741986e-5;2.9507532734595587e-9;6.937214674218039e6;940.9774819940452;1.2630036159548437e10;1.7884257870311865e6
4.446e-12;2.0845442682416204e-5;2.9516942509415527e-9;6.937214674230669e6;940.9774819958336;1.2621631186413157e10;1.7872106041607966e6
4.447000000000001e-12;2.0852379897090436e-5;2.9526352284235483e-9;6.93721467424329e6;940.9774819976208;1.2613234600436117e10;1.7859966588665002e6
4.4480000000000004e-12;2.0859317111764678e-5;2.953576205905546e-9;6.937214674255903e6;940.9774819994068;1.2604846390461884e10;1.7847839494690464e6
4.449e-12;2.0866254326438933e-5;2.9545171833875454e-9;6.937214674268507e6;940.9774820011916;1.25964665453535e10;1.7835724742920205e6
4.450000000000001e-12;2.0873191541113203e-5;2.9554581608695464e-9;6.937214674281104e6;940.9774820029751;1.2588095053992575e10;1.7823622316618569e6
4.451e-12;2.0880128755787485e-5;2.9563991383515495e-9;6.937214674293691e6;940.9774820047575;1.2579731905279137e10;1.7811532199078198e6
4.452e-12;2.0887065970461778e-5;2.9573401158335543e-9;6.937214674306271e6;940.9774820065386;1.257137708813167e10;1.779945437362003e6
4.4530000000000005e-12;2.0894003185136085e-5;2.9582810933155607e-9;6.937214674318842e6;940.9774820083186;1.2563030591487047e10;1.778738882359325e6
4.454e-12;2.0900940399810404e-5;2.959222070797569e-9;6.937214674331404e6;940.9774820100973;1.2554692404300486e10;1.7775335532375192e6
4.455000000000001e-12;2.0907877614484735e-5;2.9601630482795793e-9;6.9372146743439585e6;940.9774820118748;1.2546362515545546e10;1.7763294483371326e6
4.456e-12;2.0914814829159078e-5;2.961104025761591e-9;6.937214674356505e6;940.9774820136512;1.2538040914214056e10;1.775126566001518e6
4.457e-12;2.0921752043833435e-5;2.962045003243605e-9;6.937214674369044e6;940.9774820154263;1.2529727589316082e10;1.7739249045768261e6
4.4580000000000006e-12;2.0928689258507803e-5;2.9629859807256204e-9;6.937214674381574e6;940.9774820172003;1.252142252987993e10;1.772724462412006e6
4.459e-12;2.0935626473182184e-5;2.9639269582076376e-9;6.937214674394095e6;940.977482018973;1.2513125724952057e10;1.7715252378587918e6
4.46e-12;2.0942563687856578e-5;2.9648679356896564e-9;6.937214674406609e6;940.9774820207446;1.2504837163597073e10;1.7703272292717048e6
4.4610000000000005e-12;2.0949500902530986e-5;2.9658089131716773e-9;6.937214674419113e6;940.9774820225149;1.2496556834897669e10;1.7691304350080388e6
4.462e-12;2.0956438117205405e-5;2.9667498906536998e-9;6.93721467443161e6;940.977482024284;1.2488284727954624e10;1.7679348534278648e6
4.463000000000001e-12;2.0963375331879836e-5;2.967690868135724e-9;6.937214674444098e6;940.9774820260519;1.2480020831886751e10;1.7667404828940176e6
4.464e-12;2.097031254655428e-5;2.9686318456177502e-9;6.937214674456578e6;940.9774820278186;1.2471765135830841e10;1.7655473217720925e6
4.465e-12;2.0977249761228737e-5;2.969572823099778e-9;6.937214674469049e6;940.9774820295842;1.246351762894166e10;1.7643553684304422e6
4.4660000000000006e-12;2.0984186975903206e-5;2.9705138005818077e-9;6.937214674481513e6;940.9774820313485;1.245527830039188e10;1.7631646212401662e6
4.467e-12;2.099112419057769e-5;2.971454778063839e-9;6.9372146744939685e6;940.9774820331116;1.2447047139372074e10;1.7619750785751084e6
4.468e-12;2.099806140525218e-5;2.9723957555458722e-9;6.937214674506416e6;940.9774820348736;1.2438824135090666e10;1.7607867388118545e6
4.4690000000000004e-12;2.1004998619926688e-5;2.973336733027907e-9;6.937214674518854e6;940.9774820366343;1.24306092767739e10;1.7595996003297193e6
4.47e-12;2.1011935834601208e-5;2.9742777105099437e-9;6.937214674531285e6;940.977482038394;1.2422402553665792e10;1.7584136615107467e6
4.471000000000001e-12;2.1018873049275738e-5;2.975218687991982e-9;6.937214674543707e6;940.9774820401524;1.2414203955028118e10;1.757228920739703e6
4.472e-12;2.102581026395028e-5;2.9761596654740223e-9;6.937214674556121e6;940.9774820419096;1.2406013470140362e10;1.7560453764040712e6
4.473e-12;2.1032747478624838e-5;2.9771006429560643e-9;6.937214674568527e6;940.9774820436656;1.2397831088299671e10;1.754863026894043e6
4.4740000000000005e-12;2.1039684693299406e-5;2.978041620438108e-9;6.937214674580925e6;940.9774820454205;1.2389656798820858e10;1.753681870602519e6
4.475e-12;2.1046621907973986e-5;2.978982597920153e-9;6.9372146745933145e6;940.9774820471742;1.238149059103632e10;1.7525019059250967e6
4.476000000000001e-12;2.105355912264858e-5;2.9799235754022005e-9;6.937214674605696e6;940.9774820489267;1.237333245429604e10;1.751323131260071e6
4.4770000000000004e-12;2.1060496337323185e-5;2.9808645528842495e-9;6.93721467461807e6;940.9774820506781;1.2365182377967535e10;1.7501455450084237e6
4.478e-12;2.1067433551997803e-5;2.9818055303663e-9;6.937214674630435e6;940.9774820524282;1.2357040351435827e10;1.7489691455738223e6
4.479000000000001e-12;2.1074370766672435e-5;2.9827465078483525e-9;6.937214674642792e6;940.9774820541771;1.2348906364103403e10;1.747793931362612e6
4.48e-12;2.1081307981347077e-5;2.983687485330407e-9;6.937214674655141e6;940.977482055925;1.234078040539018e10;1.7466199007838108e6
4.481e-12;2.1088245196021732e-5;2.984628462812463e-9;6.937214674667482e6;940.9774820576715;1.2332662464733479e10;1.745447052249103e6
4.4820000000000005e-12;2.10951824106964e-5;2.9855694402945206e-9;6.937214674679815e6;940.977482059417;1.2324552531587988e10;1.7442753841728384e6
4.483e-12;2.110211962537108e-5;2.98651041777658e-9;6.937214674692139e6;940.9774820611613;1.231645059542573e10;1.7431048949720222e6
4.484000000000001e-12;2.1109056840045773e-5;2.987451395258641e-9;6.937214674704456e6;940.9774820629044;1.2308356645736004e10;1.741935583066309e6
4.485e-12;2.1115994054720476e-5;2.988392372740704e-9;6.937214674716764e6;940.9774820646463;1.23002706720254e10;1.7407674468780044e6
4.486e-12;2.1122931269395192e-5;2.9893333502227687e-9;6.937214674729064e6;940.9774820663871;1.2292192663817717e10;1.7396004848320503e6
4.4870000000000006e-12;2.1129868484069922e-5;2.990274327704835e-9;6.937214674741357e6;940.9774820681267;1.228412261065394e10;1.7384346953560251e6
4.488e-12;2.1136805698744662e-5;2.991215305186903e-9;6.937214674753641e6;940.9774820698651;1.2276060502092253e10;1.7372700768801419e6
4.489e-12;2.1143742913419416e-5;2.992156282668973e-9;6.937214674765917e6;940.9774820716024;1.2268006327707922e10;1.7361066278372328e6
4.4900000000000005e-12;2.1150680128094183e-5;2.9930972601510446e-9;6.937214674778185e6;940.9774820733385;1.225996007709333e10;1.7349443466627528e6
4.491e-12;2.115761734276896e-5;2.994038237633118e-9;6.937214674790445e6;940.9774820750735;1.2251921739857925e10;1.733783231794773e6
4.492000000000001e-12;2.116455455744375e-5;2.994979215115193e-9;6.937214674802696e6;940.9774820768073;1.224389130562816e10;1.7326232816739697e6
4.493e-12;2.1171491772118552e-5;2.9959201925972697e-9;6.93721467481494e6;940.9774820785399;1.2235868764047508e10;1.731464494743628e6
4.494e-12;2.1178428986793367e-5;2.996861170079348e-9;6.937214674827176e6;940.9774820802713;1.2227854104776367e10;1.7303068694496267e6
4.4950000000000005e-12;2.1185366201468195e-5;2.9978021475614285e-9;6.937214674839404e6;940.9774820820016;1.221984731749209e10;1.7291504042404431e6
4.496e-12;2.1192303416143033e-5;2.9987431250435106e-9;6.937214674851624e6;940.9774820837308;1.221184839188892e10;1.7279950975671415e6
4.497000000000001e-12;2.1199240630817885e-5;2.9996841025255944e-9;6.937214674863836e6;940.9774820854589;1.220385731767793e10;1.7268409478833664e6
4.4980000000000004e-12;2.120617784549275e-5;3.0006250800076798e-9;6.93721467487604e6;940.9774820871856;1.2195874084587065e10;1.7256879536453455e6
4.499e-12;2.1213115060167626e-5;3.001566057489767e-9;6.9372146748882355e6;940.9774820889113;1.2187898682361023e10;1.724536113311876e6
4.500000000000001e-12;2.1220052274842516e-5;3.0025070349718555e-9;6.937214674900424e6;940.9774820906358;1.2179931100761282e10;1.7233854253443233e6
4.501e-12;2.1226989489517415e-5;3.0034480124539463e-9;6.937214674912604e6;940.9774820923592;1.217197132956605e10;1.722235888206618e6
4.502e-12;2.1233926704192328e-5;3.0043889899360387e-9;6.937214674924776e6;940.9774820940814;1.2164019358570225e10;1.7210875003652463e6
4.5030000000000005e-12;2.1240863918867254e-5;3.005329967418133e-9;6.93721467493694e6;940.9774820958025;1.2156075177585356e10;1.719940260289245e6
4.504e-12;2.124780113354219e-5;3.0062709449002285e-9;6.937214674949096e6;940.9774820975225;1.2148138776439638e10;1.7187941664502013e6
4.505000000000001e-12;2.125473834821714e-5;3.007211922382326e-9;6.937214674961244e6;940.9774820992413;1.2140210144977867e10;1.7176492173222464e6
4.506e-12;2.12616755628921e-5;3.008152899864425e-9;6.937214674973384e6;940.977482100959;1.213228927306137e10;1.7165054113820423e6
4.507e-12;2.1268612777567075e-5;3.009093877346526e-9;6.937214674985516e6;940.9774821026756;1.2124376150568054e10;1.7153627471087903e6
4.5080000000000006e-12;2.127554999224206e-5;3.010034854828629e-9;6.93721467499764e6;940.9774821043909;1.2116470767392284e10;1.7142212229842136e6
4.509e-12;2.1282487206917057e-5;3.0109758323107333e-9;6.937214675009756e6;940.9774821061051;1.2108573113444914e10;1.71308083749256e6
4.51e-12;2.1289424421592068e-5;3.0119168097928394e-9;6.9372146750218645e6;940.9774821078181;1.210068317865323e10;1.711941589120594e6
4.5110000000000005e-12;2.129636163626709e-5;3.012857787274947e-9;6.937214675033965e6;940.97748210953;1.2092800952960917e10;1.7108034763575923e6
4.512e-12;2.1303298850942124e-5;3.0137987647570565e-9;6.937214675046058e6;940.9774821112408;1.2084926426328033e10;1.7096664976953377e6
4.513000000000001e-12;2.131023606561717e-5;3.0147397422391675e-9;6.937214675058143e6;940.9774821129504;1.207705958873098e10;1.708530651628117e6
4.514e-12;2.1317173280292227e-5;3.0156807197212806e-9;6.937214675070221e6;940.9774821146589;1.2069200430162457e10;1.7073959366527118e6
4.515e-12;2.1324110494967296e-5;3.0166216972033954e-9;6.93721467508229e6;940.9774821163662;1.206134894063145e10;1.706262351268398e6
4.5160000000000005e-12;2.133104770964238e-5;3.017562674685512e-9;6.937214675094351e6;940.9774821180724;1.2053505110163187e10;1.705129893976938e6
4.517e-12;2.1337984924317474e-5;3.01850365216763e-9;6.937214675106404e6;940.9774821197775;1.2045668928799082e10;1.7039985632825724e6
4.518000000000001e-12;2.134492213899258e-5;3.0194446296497496e-9;6.93721467511845e6;940.9774821214816;1.2037840386596771e10;1.7028683576920272e6
4.5190000000000004e-12;2.13518593536677e-5;3.020385607131871e-9;6.937214675130488e6;940.9774821231845;1.2030019473630014e10;1.7017392757144943e6
4.52e-12;2.135879656834283e-5;3.021326584613994e-9;6.937214675142518e6;940.9774821248863;1.2022206179988691e10;1.7006113158616356e6
4.521000000000001e-12;2.1365733783017973e-5;3.0222675620961187e-9;6.937214675154541e6;940.9774821265869;1.2014400495778767e10;1.6994844766475742e6
4.522e-12;2.1372670997693126e-5;3.0232085395782455e-9;6.937214675166555e6;940.9774821282864;1.2006602411122282e10;1.6983587565888949e6
4.523e-12;2.1379608212368293e-5;3.024149517060374e-9;6.937214675178561e6;940.9774821299848;1.1998811916157251e10;1.697234154204628e6
4.5240000000000005e-12;2.138654542704347e-5;3.025090494542504e-9;6.9372146751905605e6;940.977482131682;1.1991029001037739e10;1.6961106680162586e6
4.525e-12;2.139348264171866e-5;3.0260314720246357e-9;6.937214675202551e6;940.9774821333781;1.1983253655933735e10;1.6949882965477118e6
4.526000000000001e-12;2.1400419856393862e-5;3.026972449506769e-9;6.937214675214535e6;940.977482135073;1.1975485871031164e10;1.693867038325351e6
4.527e-12;2.1407357071069076e-5;3.027913426988904e-9;6.9372146752265105e6;940.9774821367669;1.1967725636531858e10;1.692746891877974e6
4.528e-12;2.1414294285744304e-5;3.0288544044710408e-9;6.937214675238478e6;940.9774821384597;1.1959972942653517e10;1.6916278557368058e6
4.5290000000000006e-12;2.1421231500419543e-5;3.029795381953179e-9;6.937214675250438e6;940.9774821401513;1.195222777962967e10;1.690509928435498e6
4.53e-12;2.1428168715094794e-5;3.030736359435319e-9;6.937214675262391e6;940.9774821418418;1.1944490137709656e10;1.6893931085101168e6
4.531e-12;2.1435105929770056e-5;3.0316773369174607e-9;6.937214675274335e6;940.9774821435312;1.1936760007158594e10;1.6882773944991475e6
4.5320000000000005e-12;2.144204314444533e-5;3.0326183143996045e-9;6.937214675286272e6;940.9774821452195;1.1929037378257336e10;1.6871627849434803e6
4.533e-12;2.1448980359120617e-5;3.03355929188175e-9;6.937214675298201e6;940.9774821469066;1.192132224130248e10;1.6860492783864152e6
4.534000000000001e-12;2.1455917573795916e-5;3.034500269363897e-9;6.937214675310122e6;940.9774821485927;1.1913614586606262e10;1.6849368733736458e6
4.535e-12;2.1462854788471225e-5;3.0354412468460455e-9;6.937214675322035e6;940.9774821502776;1.1905914404496613e10;1.6838255684532672e6
4.536e-12;2.1469792003146548e-5;3.036382224328196e-9;6.937214675333941e6;940.9774821519615;1.1898221685317055e10;1.6827153621757596e6
4.5370000000000006e-12;2.147672921782188e-5;3.037323201810348e-9;6.93721467534584e6;940.9774821536441;1.1890536419426735e10;1.681606253093994e6
4.538e-12;2.1483666432497228e-5;3.0382641792925015e-9;6.93721467535773e6;940.9774821553258;1.1882858597200333e10;1.6804982397632177e6
4.539000000000001e-12;2.1490603647172585e-5;3.0392051567746568e-9;6.937214675369613e6;940.9774821570063;1.1875188209028088e10;1.6793913207410579e6
4.5400000000000004e-12;2.1497540861847955e-5;3.0401461342568137e-9;6.937214675381488e6;940.9774821586857;1.186752524531571e10;1.67828549458751e6
4.541e-12;2.1504478076523335e-5;3.0410871117389723e-9;6.937214675393356e6;940.9774821603639;1.1859869696484426e10;1.6771807598649417e6
4.542000000000001e-12;2.151141529119873e-5;3.0420280892211326e-9;6.9372146754052155e6;940.9774821620412;1.1852221552970858e10;1.6760771151380762e6
4.543e-12;2.1518352505874133e-5;3.0429690667032945e-9;6.9372146754170675e6;940.9774821637172;1.1844580805227083e10;1.6749745589740009e6
4.544e-12;2.152528972054955e-5;3.043910044185458e-9;6.937214675428912e6;940.9774821653922;1.1836947443720522e10;1.6738730899421503e6
4.5450000000000005e-12;2.153222693522498e-5;3.0448510216676233e-9;6.937214675440749e6;940.9774821670661;1.1829321458933983e10;1.672772706614312e6
4.546e-12;2.153916414990042e-5;3.04579199914979e-9;6.937214675452579e6;940.9774821687389;1.182170284136558e10;1.6716734075646147e6
4.547000000000001e-12;2.1546101364575872e-5;3.046732976631959e-9;6.9372146754644e6;940.9774821704106;1.1814091581528725e10;1.670575191369528e6
4.5480000000000004e-12;2.1553038579251337e-5;3.0476739541141297e-9;6.937214675476214e6;940.9774821720812;1.1806487669952106e10;1.6694780566078553e6
4.549e-12;2.1559975793926812e-5;3.048614931596302e-9;6.93721467548802e6;940.9774821737507;1.1798891097179613e10;1.6683820018607276e6
4.550000000000001e-12;2.15669130086023e-5;3.049555909078476e-9;6.937214675499819e6;940.977482175419;1.179130185377038e10;1.667287025711605e6
4.551e-12;2.15738502232778e-5;3.0504968865606514e-9;6.937214675511611e6;940.9774821770864;1.1783719930298702e10;1.6661931267462668e6
4.552e-12;2.1580787437953313e-5;3.0514378640428286e-9;6.937214675523395e6;940.9774821787526;1.1776145317354012e10;1.6651003035528078e6
4.5530000000000005e-12;2.1587724652628836e-5;3.0523788415250075e-9;6.937214675535171e6;940.9774821804176;1.1768578005540873e10;1.6640085547216355e6
4.554e-12;2.1594661867304372e-5;3.053319819007188e-9;6.9372146755469395e6;940.9774821820816;1.176101798547893e10;1.6629178788454637e6
4.555000000000001e-12;2.160159908197992e-5;3.0542607964893702e-9;6.9372146755587e6;940.9774821837445;1.17534652478029e10;1.661828274519311e6
4.556e-12;2.160853629665548e-5;3.055201773971554e-9;6.9372146755704535e6;940.9774821854064;1.1745919783162514e10;1.6607397403404904e6
4.557e-12;2.161547351133105e-5;3.0561427514537395e-9;6.937214675582199e6;940.9774821870672;1.173838158222252e10;1.6596522749086127e6
4.5580000000000006e-12;2.1622410726006632e-5;3.0570837289359267e-9;6.937214675593938e6;940.9774821887268;1.1730850635662622e10;1.6585658768255734e6
4.559e-12;2.1629347940682226e-5;3.0580247064181155e-9;6.937214675605669e6;940.9774821903853;1.172332693417748e10;1.657480544695556e6
4.56e-12;2.163628515535783e-5;3.058965683900306e-9;6.937214675617392e6;940.9774821920428;1.1715810468476688e10;1.6563962771250252e6
4.5610000000000005e-12;2.1643222370033448e-5;3.059906661382498e-9;6.937214675629108e6;940.9774821936992;1.1708301229284676e10;1.655313072722715e6
4.562e-12;2.1650159584709076e-5;3.0608476388646918e-9;6.937214675640817e6;940.9774821953545;1.170079920734078e10;1.6542309300996377e6
4.563000000000001e-12;2.1657096799384717e-5;3.061788616346887e-9;6.937214675652518e6;940.9774821970087;1.169330439339914e10;1.653149847869068e6
4.564e-12;2.166403401406037e-5;3.0627295938290843e-9;6.937214675664212e6;940.9774821986618;1.1685816778228706e10;1.652069824646545e6
4.565e-12;2.1670971228736033e-5;3.063670571311283e-9;6.937214675675898e6;940.977482200314;1.16783363526132e10;1.6509908590498646e6
4.5660000000000005e-12;2.167790844341171e-5;3.0646115487934834e-9;6.937214675687577e6;940.9774822019649;1.1670863107351086e10;1.6499129496990768e6
4.567e-12;2.1684845658087397e-5;3.0655525262756854e-9;6.937214675699247e6;940.9774822036148;1.1663397033255554e10;1.6488360952164815e6
4.568000000000001e-12;2.1691782872763096e-5;3.066493503757889e-9;6.93721467571091e6;940.9774822052636;1.165593812115447e10;1.647760294226622e6
4.5690000000000004e-12;2.169872008743881e-5;3.0674344812400944e-9;6.9372146757225655e6;940.9774822069114;1.164848636189034e10;1.6466855453562785e6
4.57e-12;2.170565730211453e-5;3.0683754587223014e-9;6.937214675734214e6;940.9774822085581;1.1641041746320368e10;1.6456118472344775e6
4.571000000000001e-12;2.1712594516790264e-5;3.06931643620451e-9;6.937214675745854e6;940.9774822102037;1.1633604265316284e10;1.644539198492466e6
4.572e-12;2.171953173146601e-5;3.0702574136867204e-9;6.937214675757487e6;940.9774822118483;1.1626173909764442e10;1.6434675977637232e6
4.573e-12;2.1726468946141767e-5;3.0711983911689323e-9;6.937214675769114e6;940.9774822134917;1.1618750670565725e10;1.6423970436839513e6
4.5740000000000005e-12;2.1733406160817537e-5;3.072139368651146e-9;6.937214675780733e6;940.9774822151342;1.1611334538635542e10;1.6413275348910699e6
4.575e-12;2.1740343375493317e-5;3.073080346133361e-9;6.937214675792345e6;940.9774822167755;1.1603925504903788e10;1.640259070025213e6
4.576000000000001e-12;2.174728059016911e-5;3.074021323615578e-9;6.937214675803949e6;940.9774822184157;1.1596523560314823e10;1.6391916477287244e6
4.577e-12;2.1754217804844915e-5;3.0749623010977967e-9;6.937214675815546e6;940.9774822200549;1.158912869582746e10;1.6381252666461552e6
4.578e-12;2.176115501952073e-5;3.075903278580017e-9;6.937214675827135e6;940.977482221693;1.1581740902414896e10;1.6370599254242552e6
4.5790000000000006e-12;2.1768092234196557e-5;3.076844256062239e-9;6.937214675838717e6;940.9774822233301;1.157436017106472e10;1.6359956227119719e6
4.58e-12;2.1775029448872395e-5;3.077785233544462e-9;6.937214675850292e6;940.977482224966;1.1566986492778873e10;1.6349323571604455e6
4.581e-12;2.1781966663548246e-5;3.0787262110266867e-9;6.937214675861859e6;940.977482226601;1.155961985857363e10;1.6338701274230056e6
4.5820000000000005e-12;2.1788903878224108e-5;3.079667188508913e-9;6.937214675873418e6;940.9774822282349;1.1552260259479559e10;1.6328089321551658e6
4.583e-12;2.1795841092899983e-5;3.0806081659911412e-9;6.93721467588497e6;940.9774822298676;1.1544907686541498e10;1.6317487700146188e6
4.584000000000001e-12;2.1802778307575868e-5;3.081549143473371e-9;6.937214675896515e6;940.9774822314994;1.1537562130818537e10;1.630689639661234e6
4.585e-12;2.1809715522251764e-5;3.0824901209556024e-9;6.937214675908052e6;940.9774822331301;1.1530223583383972e10;1.629631539757051e6
4.586e-12;2.1816652736927673e-5;3.0834310984378354e-9;6.937214675919582e6;940.9774822347597;1.1522892035325302e10;1.628574468966278e6
4.5870000000000005e-12;2.182358995160359e-5;3.08437207592007e-9;6.937214675931105e6;940.9774822363883;1.1515567477744184e10;1.6275184259552858e6
4.588e-12;2.1830527166279524e-5;3.0853130534023065e-9;6.937214675942621e6;940.9774822380158;1.1508249901756393e10;1.6264634093926018e6
4.589000000000001e-12;2.1837464380955467e-5;3.0862540308845445e-9;6.93721467595413e6;940.9774822396423;1.1500939298491846e10;1.6254094179489124e6
4.5900000000000004e-12;2.184440159563142e-5;3.087195008366784e-9;6.93721467596563e6;940.9774822412677;1.1493635659094524e10;1.6243564502970509e6
4.591e-12;2.1851338810307387e-5;3.0881359858490255e-9;6.937214675977124e6;940.977482242892;1.1486338974722466e10;1.6233045051119989e6
4.592000000000001e-12;2.1858276024983364e-5;3.0890769633312684e-9;6.93721467598861e6;940.9774822445154;1.1479049236547735e10;1.6222535810708785e6
4.593e-12;2.1865213239659354e-5;3.090017940813513e-9;6.937214676000089e6;940.9774822461376;1.1471766435756403e10;1.6212036768529513e6
4.594e-12;2.1872150454335354e-5;3.0909589182957594e-9;6.937214676011561e6;940.9774822477588;1.1464490563548513e10;1.6201547911396113e6
4.5950000000000005e-12;2.1879087669011365e-5;3.0918998957780073e-9;6.937214676023026e6;940.9774822493789;1.145722161113807e10;1.619106922614385e6
4.596e-12;2.188602488368739e-5;3.0928408732602565e-9;6.937214676034483e6;940.977482250998;1.1449959569752974e10;1.6180600699629197e6
4.597000000000001e-12;2.1892962098363424e-5;3.0937818507425073e-9;6.937214676045933e6;940.9774822526161;1.1442704430635046e10;1.6170142318729884e6
4.598e-12;2.1899899313039468e-5;3.09472282822476e-9;6.937214676057376e6;940.9774822542331;1.1435456185039967e10;1.61596940703448e6
4.599e-12;2.1906836527715526e-5;3.095663805707014e-9;6.937214676068812e6;940.977482255849;1.1428214824237253e10;1.6149255941393955e6
4.6000000000000006e-12;2.1913773742391594e-5;3.0966047831892697e-9;6.93721467608024e6;940.977482257464;1.1420980339510267e10;1.613882791881849e6
4.601e-12;2.1920710957067676e-5;3.097545760671527e-9;6.937214676091661e6;940.9774822590779;1.1413752722156116e10;1.6128409989580533e6
4.602e-12;2.1927648171743768e-5;3.0984867381537863e-9;6.937214676103074e6;940.9774822606907;1.1406531963485708e10;1.611800214066328e6
4.6030000000000005e-12;2.193458538641987e-5;3.099427715636047e-9;6.937214676114481e6;940.9774822623026;1.1399318054823675e10;1.6107604359070868e6
4.604e-12;2.1941522601095986e-5;3.1003686931183095e-9;6.93721467612588e6;940.9774822639133;1.1392110987508366e10;1.6097216631828374e6
4.605000000000001e-12;2.194845981577211e-5;3.1013096706005735e-9;6.937214676137272e6;940.977482265523;1.1384910752891808e10;1.6086838945981748e6
4.606e-12;2.1955397030448248e-5;3.1022506480828393e-9;6.937214676148657e6;940.9774822671317;1.1377717342339705e10;1.6076471288597821e6
4.607e-12;2.1962334245124397e-5;3.1031916255651062e-9;6.937214676160035e6;940.9774822687393;1.1370530747231375e10;1.6066113646764187e6
4.6080000000000006e-12;2.1969271459800557e-5;3.104132603047375e-9;6.937214676171405e6;940.977482270346;1.1363350958959757e10;1.6055766007589248e6
4.609e-12;2.1976208674476727e-5;3.105073580529645e-9;6.937214676182768e6;940.9774822719515;1.135617796893137e10;1.604542835820211e6
4.610000000000001e-12;2.198314588915291e-5;3.106014558011917e-9;6.937214676194125e6;940.9774822735561;1.1349011768566296e10;1.6035100685752581e6
4.6110000000000004e-12;2.1990083103829104e-5;3.1069555354941906e-9;6.937214676205474e6;940.9774822751597;1.1341852349298124e10;1.6024782977411097e6
4.612e-12;2.199702031850531e-5;3.107896512976466e-9;6.937214676216816e6;940.9774822767622;1.1334699702573997e10;1.6014475220368744e6
4.613000000000001e-12;2.2003957533181528e-5;3.1088374904587428e-9;6.937214676228151e6;940.9774822783636;1.132755381985448e10;1.600417740183712e6
4.614e-12;2.2010894747857756e-5;3.1097784679410213e-9;6.937214676239478e6;940.977482279964;1.132041469261363e10;1.5993889509048387e6
4.615e-12;2.2017831962533997e-5;3.110719445423301e-9;6.937214676250799e6;940.9774822815633;1.1313282312338936e10;1.5983611529255204e6
4.6160000000000005e-12;2.2024769177210248e-5;3.1116604229055825e-9;6.937214676262112e6;940.9774822831616;1.1306156670531263e10;1.597334344973065e6
4.617e-12;2.203170639188651e-5;3.1126014003878656e-9;6.937214676273419e6;940.9774822847589;1.1299037758704882e10;1.5963085257768242e6
4.618000000000001e-12;2.2038643606562784e-5;3.1135423778701504e-9;6.937214676284717e6;940.9774822863552;1.12919255683874e10;1.5952836940681844e6
4.6190000000000004e-12;2.204558082123907e-5;3.1144833553524368e-9;6.93721467629601e6;940.9774822879505;1.1284820091119764e10;1.594259848580568e6
4.62e-12;2.2052518035915364e-5;3.115424332834725e-9;6.9372146763072945e6;940.9774822895447;1.1277721318456217e10;1.5932369880494247e6
4.621000000000001e-12;2.2059455250591673e-5;3.1163653103170145e-9;6.937214676318572e6;940.9774822911379;1.1270629241964285e10;1.5922151112122308e6
4.622e-12;2.2066392465267992e-5;3.1173062877993055e-9;6.937214676329843e6;940.9774822927301;1.126354385322474e10;1.5911942168084823e6
4.623e-12;2.207332967994432e-5;3.118247265281598e-9;6.937214676341106e6;940.9774822943212;1.1256465143831587e10;1.590174303579695e6
4.6240000000000005e-12;2.2080266894620664e-5;3.1191882427638924e-9;6.937214676352363e6;940.9774822959114;1.1249393105392023e10;1.589155370269396e6
4.625e-12;2.2087204109297017e-5;3.1201292202461883e-9;6.9372146763636125e6;940.9774822975005;1.1242327729526453e10;1.5881374156231268e6
4.626000000000001e-12;2.209414132397338e-5;3.121070197728486e-9;6.9372146763748545e6;940.9774822990886;1.1235269007868399e10;1.5871204383884296e6
4.627e-12;2.2101078538649756e-5;3.122011175210785e-9;6.93721467638609e6;940.9774823006757;1.1228216932064524e10;1.586104437314851e6
4.628e-12;2.2108015753326143e-5;3.122952152693086e-9;6.937214676397318e6;940.9774823022618;1.1221171493774616e10;1.5850894111539382e6
4.6290000000000006e-12;2.211495296800254e-5;3.123893130175388e-9;6.9372146764085395e6;940.977482303847;1.1214132684671509e10;1.584075358659229e6
4.63e-12;2.2121890182678947e-5;3.124834107657692e-9;6.937214676419754e6;940.9774823054311;1.1207100496441118e10;1.5830622785862559e6
4.631e-12;2.2128827397355368e-5;3.1257750851399973e-9;6.937214676430961e6;940.9774823070142;1.1200074920782368e10;1.582050169692534e6
4.6320000000000005e-12;2.21357646120318e-5;3.1267160626223044e-9;6.937214676442161e6;940.9774823085962;1.1193055949407196e10;1.5810390307375644e6
4.633e-12;2.214270182670824e-5;3.127657040104613e-9;6.937214676453354e6;940.9774823101773;1.1186043574040531e10;1.580028860482827e6
4.634000000000001e-12;2.2149639041384694e-5;3.128598017586923e-9;6.93721467646454e6;940.9774823117573;1.1179037786420244e10;1.5790196576917772e6
4.635e-12;2.215657625606116e-5;3.1295389950692347e-9;6.937214676475719e6;940.9774823133363;1.1172038578297153e10;1.5780114211298428e6
4.636e-12;2.2163513470737633e-5;3.130479972551548e-9;6.937214676486891e6;940.9774823149143;1.1165045941434969e10;1.5770041495644175e6
4.6370000000000005e-12;2.217045068541412e-5;3.131420950033863e-9;6.937214676498055e6;940.9774823164912;1.1158059867610289e10;1.5759978417648606e6
4.638e-12;2.217738790009062e-5;3.1323619275161795e-9;6.937214676509214e6;940.9774823180672;1.1151080348612583e10;1.5749924965024928e6
4.639000000000001e-12;2.218432511476713e-5;3.1333029049984978e-9;6.937214676520364e6;940.9774823196423;1.1144107376244137e10;1.5739881125505893e6
4.6400000000000004e-12;2.2191262329443648e-5;3.1342438824808173e-9;6.937214676531509e6;940.9774823212163;1.1137140942320074e10;1.5729846886843801e6
4.641e-12;2.219819954412018e-5;3.1351848599631384e-9;6.937214676542645e6;940.9774823227892;1.113018103866826e10;1.571982223681042e6
4.642000000000001e-12;2.2205136758796723e-5;3.1361258374454612e-9;6.937214676553776e6;940.9774823243612;1.1123227657129395e10;1.5709807163197028e6
4.643e-12;2.2212073973473275e-5;3.1370668149277857e-9;6.937214676564898e6;940.9774823259321;1.1116280789556843e10;1.569980165381425e6
4.644e-12;2.221901118814984e-5;3.1380077924101118e-9;6.937214676576015e6;940.9774823275021;1.1109340427816729e10;1.5689805696492132e6
4.6450000000000005e-12;2.2225948402826418e-5;3.138948769892439e-9;6.937214676587124e6;940.9774823290711;1.1102406563787859e10;1.5679819279080064e6
4.646e-12;2.2232885617503005e-5;3.139889747374768e-9;6.937214676598227e6;940.9774823306391;1.1095479189361713e10;1.5669842389446746e6
4.647000000000001e-12;2.22398228321796e-5;3.1408307248570988e-9;6.937214676609322e6;940.977482332206;1.10885582964424e10;1.5659875015480125e6
4.648e-12;2.2246760046856212e-5;3.141771702339431e-9;6.937214676620411e6;940.9774823337721;1.1081643876946663e10;1.5649917145087405e6
4.649e-12;2.2253697261532832e-5;3.142712679821765e-9;6.937214676631493e6;940.9774823353371;1.1074735922803837e10;1.5639968766194978e6
4.6500000000000006e-12;2.2260634476209463e-5;3.1436536573041003e-9;6.937214676642567e6;940.9774823369011;1.106783442595583e10;1.5630029866748385e6
4.651e-12;2.2267571690886107e-5;3.144594634786437e-9;6.937214676653635e6;940.977482338464;1.10609393783571e10;1.5620100434712314e6
4.652e-12;2.227450890556276e-5;3.1455356122687756e-9;6.937214676664696e6;940.9774823400261;1.1054050771974638e10;1.5610180458070529e6
4.6530000000000005e-12;2.2281446120239426e-5;3.146476589751116e-9;6.93721467667575e6;940.9774823415871;1.1047168598787933e10;1.5600269924825844e6
4.654e-12;2.22883833349161e-5;3.1474175672334572e-9;6.937214676686797e6;940.9774823431471;1.1040292850788958e10;1.5590368823000109e6
4.655000000000001e-12;2.229532054959279e-5;3.1483585447158003e-9;6.937214676697837e6;940.9774823447061;1.1033423519982128e10;1.55804771406341e6
4.656e-12;2.2302257764269487e-5;3.149299522198145e-9;6.937214676708871e6;940.9774823462642;1.1026560598384312e10;1.5570594865787595e6
4.657e-12;2.2309194978946196e-5;3.1502404996804914e-9;6.937214676719897e6;940.9774823478213;1.1019704078024773e10;1.5560721986539247e6
4.6580000000000005e-12;2.2316132193622915e-5;3.1511814771628394e-9;6.937214676730917e6;940.9774823493773;1.1012853950945179e10;1.5550858490986603e6
4.659e-12;2.2323069408299647e-5;3.1521224546451887e-9;6.93721467674193e6;940.9774823509324;1.100601020919953e10;1.5541004367245997e6
4.660000000000001e-12;2.233000662297639e-5;3.1530634321275396e-9;6.937214676752936e6;940.9774823524865;1.0999172844854208e10;1.5531159603452622e6
4.6610000000000004e-12;2.2336943837653142e-5;3.154004409609892e-9;6.937214676763935e6;940.9774823540396;1.0992341849987875e10;1.5521324187760393e6
4.662e-12;2.2343881052329905e-5;3.1549453870922464e-9;6.937214676774927e6;940.9774823555917;1.0985517216691526e10;1.5511498108341997e6
4.663000000000001e-12;2.235081826700668e-5;3.155886364574602e-9;6.937214676785913e6;940.9774823571429;1.0978698937068392e10;1.550168135338875e6
4.664e-12;2.2357755481683468e-5;3.156827342056959e-9;6.937214676796892e6;940.977482358693;1.0971887003233969e10;1.5491873911110677e6
4.665e-12;2.2364692696360264e-5;3.1577683195393178e-9;6.937214676807864e6;940.9774823602422;1.0965081407315977e10;1.5482075769736404e6
4.6660000000000005e-12;2.237162991103707e-5;3.1587092970216782e-9;6.937214676818829e6;940.9774823617904;1.0958282141454361e10;1.547228691751317e6
4.667e-12;2.237856712571389e-5;3.15965027450404e-9;6.937214676829787e6;940.9774823633377;1.0951489197801199e10;1.54625073427067e6
4.668000000000001e-12;2.2385504340390722e-5;3.1605912519864032e-9;6.937214676840738e6;940.9774823648839;1.0944702568520767e10;1.5452737033601308e6
4.669e-12;2.2392441555067563e-5;3.1615322294687682e-9;6.937214676851683e6;940.9774823664292;1.0937922245789478e10;1.5442975978499772e6
4.67e-12;2.2399378769744414e-5;3.1624732069511344e-9;6.937214676862622e6;940.9774823679735;1.0931148221795837e10;1.5433224165723291e6
4.6710000000000006e-12;2.2406315984421275e-5;3.1634141844335023e-9;6.937214676873553e6;940.9774823695168;1.0924380488740446e10;1.542348158361149e6
4.672e-12;2.241325319909815e-5;3.164355161915872e-9;6.937214676884477e6;940.9774823710592;1.0917619038835976e10;1.541374822052236e6
4.673e-12;2.2420190413775034e-5;3.165296139398243e-9;6.937214676895395e6;940.9774823726005;1.0910863864307152e10;1.540402406483226e6
4.6740000000000005e-12;2.242712762845193e-5;3.1662371168806155e-9;6.937214676906305e6;940.977482374141;1.090411495739071e10;1.539430910493584e6
4.675e-12;2.2434064843128834e-5;3.1671780943629896e-9;6.937214676917209e6;940.9774823756804;1.0897372310335398e10;1.5384603329246012e6
4.676000000000001e-12;2.2441002057805753e-5;3.1681190718453653e-9;6.937214676928107e6;940.9774823772188;1.0890635915401937e10;1.5374906726193945e6
4.677e-12;2.2447939272482682e-5;3.1690600493277427e-9;6.937214676938998e6;940.9774823787563;1.0883905764863e10;1.5365219284229001e6
4.678e-12;2.245487648715962e-5;3.1700010268101213e-9;6.937214676949882e6;940.9774823802928;1.0877181851003214e10;1.5355540991818728e6
4.6790000000000006e-12;2.246181370183657e-5;3.1709420042925016e-9;6.937214676960759e6;940.9774823818284;1.087046416611909e10;1.5345871837448776e6
4.68e-12;2.246875091651353e-5;3.1718829817748836e-9;6.937214676971629e6;940.9774823833629;1.0863752702519054e10;1.5336211809622932e6
4.681000000000001e-12;2.2475688131190502e-5;3.1728239592572667e-9;6.937214676982493e6;940.9774823848966;1.085704745252339e10;1.532656089686303e6
4.6820000000000004e-12;2.2482625345867485e-5;3.1737649367396516e-9;6.9372146769933505e6;940.9774823864292;1.0850348408464222e10;1.5316919087708932e6
4.683e-12;2.2489562560544478e-5;3.174705914222038e-9;6.9372146770042e6;940.9774823879609;1.0843655562685513e10;1.530728637071852e6
4.684000000000001e-12;2.249649977522148e-5;3.1756468917044262e-9;6.937214677015044e6;940.9774823894916;1.0836968907543015e10;1.5297662734467622e6
4.685e-12;2.2503436989898495e-5;3.1765878691868156e-9;6.937214677025881e6;940.9774823910213;1.083028843540427e10;1.5288048167550003e6
4.686e-12;2.2510374204575522e-5;3.1775288466692066e-9;6.937214677036711e6;940.9774823925502;1.0823614138648579e10;1.5278442658577329e6
4.6870000000000005e-12;2.251731141925256e-5;3.1784698241515993e-9;6.937214677047535e6;940.977482394078;1.081694600966697e10;1.5268846196179122e6
4.688e-12;2.2524248633929607e-5;3.1794108016339933e-9;6.937214677058352e6;940.977482395605;1.0810284040862202e10;1.525925876900275e6
4.689000000000001e-12;2.2531185848606664e-5;3.180351779116389e-9;6.937214677069162e6;940.9774823971309;1.080362822464871e10;1.5249680365713353e6
4.6900000000000004e-12;2.2538123063283732e-5;3.181292756598786e-9;6.937214677079965e6;940.9774823986559;1.0796978553452621e10;1.5240110974993862e6
4.691e-12;2.2545060277960813e-5;3.1822337340811846e-9;6.937214677090762e6;940.9774824001798;1.07903350197117e10;1.5230550585544908e6
4.692000000000001e-12;2.2551997492637905e-5;3.1831747115635847e-9;6.9372146771015525e6;940.9774824017029;1.0783697615875336e10;1.5220999186084839e6
4.693e-12;2.2558934707315006e-5;3.1841156890459865e-9;6.937214677112336e6;940.977482403225;1.0777066334404541e10;1.5211456765349663e6
4.694e-12;2.2565871921992118e-5;3.1850566665283896e-9;6.937214677123114e6;940.9774824047462;1.0770441167771912e10;1.5201923312093024e6
4.6950000000000005e-12;2.257280913666924e-5;3.1859976440107943e-9;6.937214677133884e6;940.9774824062664;1.0763822108461584e10;1.5192398815086128e6
4.696e-12;2.2579746351346376e-5;3.1869386214932006e-9;6.9372146771446485e6;940.9774824077856;1.0757209148969286e10;1.5182883263117806e6
4.697000000000001e-12;2.258668356602352e-5;3.187879598975608e-9;6.937214677155405e6;940.9774824093039;1.075060228180222e10;1.5173376644994358e6
4.698e-12;2.2593620780700677e-5;3.1888205764580174e-9;6.937214677166156e6;940.9774824108213;1.0744001499479116e10;1.5163878949539624e6
4.699e-12;2.2600557995377843e-5;3.1897615539404283e-9;6.937214677176899e6;940.9774824123376;1.073740679453018e10;1.515439016559489e6
4.7000000000000006e-12;2.260749521005502e-5;3.1907025314228405e-9;6.9372146771876365e6;940.9774824138531;1.0730818159497074e10;1.5144910282018885e6
4.701e-12;2.2614432424732206e-5;3.1916435089052542e-9;6.937214677198367e6;940.9774824153676;1.0724235586932896e10;1.5135439287687729e6
4.702000000000001e-12;2.2621369639409405e-5;3.1925844863876697e-9;6.937214677209091e6;940.9774824168811;1.0717659069402166e10;1.512597717149491e6
4.7030000000000005e-12;2.2628306854086615e-5;3.1935254638700864e-9;6.937214677219809e6;940.9774824183937;1.07110885994808e10;1.5116523922351254e6
4.704e-12;2.2635244068763836e-5;3.1944664413525047e-9;6.93721467723052e6;940.9774824199054;1.0704524169756083e10;1.5107079529184892e6
4.705000000000001e-12;2.2642181283441066e-5;3.1954074188349247e-9;6.937214677241225e6;940.9774824214161;1.0697965772826653e10;1.5097643980941214e6
4.706e-12;2.2649118498118306e-5;3.196348396317346e-9;6.937214677251923e6;940.9774824229258;1.0691413401302496e10;1.508821726658287e6
4.707e-12;2.2656055712795557e-5;3.197289373799769e-9;6.9372146772626145e6;940.9774824244347;1.0684867047804886e10;1.5078799375089682e6
4.7080000000000005e-12;2.266299292747282e-5;3.1982303512821934e-9;6.9372146772733e6;940.9774824259425;1.0678326704966417e10;1.5069390295458683e6
4.709e-12;2.2669930142150096e-5;3.199171328764619e-9;6.937214677283978e6;940.9774824274494;1.0671792365430927e10;1.505999001670401e6
4.710000000000001e-12;2.267686735682738e-5;3.2001123062470466e-9;6.93721467729465e6;940.9774824289555;1.0665264021853521e10;1.505059852785694e6
4.7110000000000004e-12;2.2683804571504675e-5;3.2010532837294757e-9;6.937214677305316e6;940.9774824304606;1.0658741666900532e10;1.5041215817965812e6
4.712e-12;2.269074178618198e-5;3.201994261211906e-9;6.937214677315975e6;940.9774824319646;1.065222529324949e10;1.503184187609601e6
4.713000000000001e-12;2.2697679000859295e-5;3.202935238694338e-9;6.937214677326627e6;940.9774824334678;1.0645714893589134e10;1.5022476691329943e6
4.714e-12;2.270461621553662e-5;3.2038762161767716e-9;6.937214677337273e6;940.97748243497;1.0639210460619343e10;1.5013120252766972e6
4.715e-12;2.271155343021396e-5;3.2048171936592065e-9;6.937214677347912e6;940.9774824364714;1.063271198705117e10;1.500377254952345e6
4.7160000000000005e-12;2.2718490644891308e-5;3.205758171141643e-9;6.937214677358545e6;940.9774824379717;1.0626219465606773e10;1.4994433570732612e6
4.717e-12;2.2725427859568667e-5;3.206699148624081e-9;6.937214677369172e6;940.9774824394711;1.0619732889019442e10;1.4985103305544606e6
4.718000000000001e-12;2.2732365074246036e-5;3.2076401261065203e-9;6.937214677379792e6;940.9774824409697;1.061325225003353e10;1.4975781743126425e6
4.719e-12;2.2739302288923416e-5;3.2085811035889614e-9;6.937214677390405e6;940.9774824424672;1.0606777541404459e10;1.496646887266188e6
4.72e-12;2.2746239503600805e-5;3.2095220810714037e-9;6.937214677401012e6;940.9774824439639;1.0600308755898714e10;1.4957164683351584e6
4.7210000000000006e-12;2.2753176718278205e-5;3.2104630585538477e-9;6.937214677411612e6;940.9774824454596;1.0593845886293789e10;1.494786916441291e6
4.722e-12;2.2760113932955615e-5;3.2114040360362933e-9;6.937214677422206e6;940.9774824469544;1.0587388925378187e10;1.4938582305079962e6
4.723e-12;2.276705114763304e-5;3.21234501351874e-9;6.937214677432793e6;940.9774824484482;1.0580937865951395e10;1.4929304094603525e6
4.7240000000000005e-12;2.2773988362310472e-5;3.2132859910011887e-9;6.937214677443374e6;940.9774824499411;1.057449270082386e10;1.492003452225107e6
4.725e-12;2.2780925576987916e-5;3.2142269684836385e-9;6.937214677453948e6;940.9774824514332;1.0568053422817001e10;1.4910773577306722e6
4.726000000000001e-12;2.278786279166537e-5;3.21516794596609e-9;6.937214677464516e6;940.9774824529243;1.0561620024763123e10;1.4901521249071166e6
4.727e-12;2.2794800006342834e-5;3.216108923448543e-9;6.937214677475077e6;940.9774824544145;1.055519249950547e10;1.4892277526861716e6
4.728e-12;2.280173722102031e-5;3.2170499009309973e-9;6.937214677485633e6;940.9774824559037;1.054877083989815e10;1.488304240001219e6
4.7290000000000005e-12;2.2808674435697793e-5;3.2179908784134533e-9;6.937214677496182e6;940.977482457392;1.0542355038806143e10;1.4873815857872933e6
4.73e-12;2.2815611650375288e-5;3.2189318558959105e-9;6.937214677506724e6;940.9774824588793;1.053594508910527e10;1.486459788981076e6
4.731000000000001e-12;2.2822548865052796e-5;3.2198728333783694e-9;6.93721467751726e6;940.9774824603658;1.052954098368219e10;1.485538848520897e6
4.7320000000000004e-12;2.2829486079730314e-5;3.22081381086083e-9;6.93721467752779e6;940.9774824618513;1.052314271543436e10;1.4846187633467263e6
4.733e-12;2.2836423294407843e-5;3.2217547883432917e-9;6.937214677538313e6;940.977482463336;1.0516750277270012e10;1.4836995324001715e6
4.734000000000001e-12;2.284336050908538e-5;3.222695765825755e-9;6.9372146775488295e6;940.9774824648197;1.0510363662108175e10;1.482781154624481e6
4.735e-12;2.285029772376293e-5;3.2236367433082197e-9;6.937214677559339e6;940.9774824663025;1.05039828628786e10;1.4818636289645317e6
4.736e-12;2.285723493844049e-5;3.224577720790686e-9;6.937214677569844e6;940.9774824677844;1.0497607872521763e10;1.480946954366832e6
4.7370000000000005e-12;2.2864172153118058e-5;3.225518698273154e-9;6.937214677580342e6;940.9774824692654;1.049123868398887e10;1.4800311297795188e6
4.738e-12;2.2871109367795638e-5;3.2264596757556232e-9;6.937214677590833e6;940.9774824707454;1.0484875290241793e10;1.4791161541523503e6
4.739000000000001e-12;2.2878046582473227e-5;3.227400653238094e-9;6.937214677601318e6;940.9774824722244;1.0478517684253086e10;1.4782020264367082e6
4.74e-12;2.2884983797150827e-5;3.228341630720566e-9;6.937214677611796e6;940.9774824737026;1.0472165859005949e10;1.4772887455855904e6
4.741e-12;2.289192101182844e-5;3.22928260820304e-9;6.937214677622268e6;940.9774824751798;1.0465819807494217e10;1.4763763105536113e6
4.7420000000000006e-12;2.2898858226506063e-5;3.230223585685515e-9;6.937214677632734e6;940.9774824766562;1.0459479522722328e10;1.4754647202969962e6
4.743e-12;2.2905795441183697e-5;3.2311645631679916e-9;6.937214677643194e6;940.9774824781316;1.0453144997705317e10;1.47455397377358e6
4.744e-12;2.291273265586134e-5;3.23210554065047e-9;6.937214677653647e6;940.9774824796061;1.0446816225468782e10;1.4736440699428031e6
4.7450000000000005e-12;2.2919669870538994e-5;3.2330465181329495e-9;6.937214677664094e6;940.9774824810797;1.04404931990489e10;1.4727350077657113e6
4.746e-12;2.292660708521666e-5;3.2339874956154307e-9;6.937214677674534e6;940.9774824825524;1.0434175911492348e10;1.4718267862049465e6
4.747000000000001e-12;2.2933544299894333e-5;3.234928473097913e-9;6.937214677684968e6;940.9774824840242;1.042786435585634e10;1.4709194042247508e6
4.748e-12;2.2940481514572017e-5;3.2358694505803972e-9;6.937214677695396e6;940.9774824854951;1.042155852520858e10;1.47001286079096e6
4.749e-12;2.294741872924971e-5;3.2368104280628826e-9;6.937214677705818e6;940.9774824869651;1.0415258412627253e10;1.4691071548710007e6
4.7500000000000006e-12;2.2954355943927416e-5;3.2377514055453696e-9;6.937214677716233e6;940.9774824884341;1.040896401120099e10;1.4682022854338875e6
4.751e-12;2.296129315860513e-5;3.2386923830278578e-9;6.937214677726642e6;940.9774824899023;1.0402675314028877e10;1.467298251450222e6
4.752000000000001e-12;2.2968230373282856e-5;3.2396333605103477e-9;6.937214677737045e6;940.9774824913695;1.0396392314220415e10;1.4663950518921874e6
4.7530000000000004e-12;2.2975167587960595e-5;3.2405743379928392e-9;6.937214677747441e6;940.977482492836;1.039011500489548e10;1.4654926857335437e6
4.754e-12;2.2982104802638344e-5;3.241515315475332e-9;6.937214677757831e6;940.9774824943015;1.0383843379184378e10;1.464591151949633e6
4.755000000000001e-12;2.2989042017316102e-5;3.2424562929578264e-9;6.937214677768216e6;940.9774824957661;1.037757743022775e10;1.4636904495173688e6
4.756e-12;2.299597923199387e-5;3.243397270440322e-9;6.937214677778593e6;940.9774824972299;1.0371317151176579e10;1.4627905774152328e6
4.757e-12;2.300291644667165e-5;3.2443382479228195e-9;6.9372146777889645e6;940.9774824986927;1.0365062535192179e10;1.4618915346232776e6
4.7580000000000005e-12;2.300985366134944e-5;3.245279225405318e-9;6.937214677799329e6;940.9774825001546;1.0358813575446192e10;1.4609933201231228e6
4.759e-12;2.301679087602724e-5;3.2462202028878183e-9;6.937214677809688e6;940.9774825016156;1.035257026512051e10;1.4600959328979447e6
4.760000000000001e-12;2.302372809070505e-5;3.2471611803703197e-9;6.937214677820041e6;940.9774825030756;1.0346332597407318e10;1.4591993719324823e6
4.7610000000000004e-12;2.303066530538287e-5;3.248102157852823e-9;6.937214677830387e6;940.9774825045348;1.0340100565509064e10;1.458303636213033e6
4.762e-12;2.30376025200607e-5;3.2490431353353272e-9;6.937214677840727e6;940.9774825059931;1.0333874162638401e10;1.4574087247274434e6
4.763000000000001e-12;2.304453973473854e-5;3.2499841128178332e-9;6.937214677851061e6;940.9774825074505;1.0327653382018213e10;1.4565146364651131e6
4.764e-12;2.305147694941639e-5;3.2509250903003405e-9;6.937214677861389e6;940.9774825089071;1.0321438216881578e10;1.4556213704169893e6
4.765e-12;2.305841416409425e-5;3.2518660677828494e-9;6.937214677871711e6;940.9774825103627;1.0315228660471754e10;1.4547289255755653e6
4.7660000000000005e-12;2.306535137877212e-5;3.25280704526536e-9;6.937214677882026e6;940.9774825118175;1.030902470604215e10;1.4538373009348752e6
4.767e-12;2.3072288593450002e-5;3.2537480227478718e-9;6.937214677892335e6;940.9774825132713;1.0302826346856323e10;1.4529464954904926e6
4.768000000000001e-12;2.3079225808127893e-5;3.2546890002303853e-9;6.937214677902638e6;940.9774825147242;1.0296633576187967e10;1.45205650823953e6
4.769e-12;2.3086163022805794e-5;3.2556299777129e-9;6.937214677912935e6;940.9774825161762;1.0290446387320843e10;1.4511673381806288e6
4.77e-12;2.3093100237483706e-5;3.2565709551954163e-9;6.937214677923225e6;940.9774825176274;1.0284264773548834e10;1.450278984313967e6
4.7710000000000006e-12;2.3100037452161627e-5;3.257511932677934e-9;6.937214677933509e6;940.9774825190777;1.0278088728175869e10;1.449391445641246e6
4.772e-12;2.3106974666839562e-5;3.258452910160453e-9;6.937214677943788e6;940.9774825205271;1.0271918244515938e10;1.4485047211656948e6
4.773000000000001e-12;2.3113911881517508e-5;3.2593938876429737e-9;6.937214677954059e6;940.9774825219756;1.0265753315893066e10;1.4476188098920656e6
4.7740000000000005e-12;2.3120849096195463e-5;3.260334865125496e-9;6.937214677964325e6;940.9774825234232;1.0259593935641281e10;1.4467337108266288e6
4.775e-12;2.312778631087343e-5;3.2612758426080192e-9;6.9372146779745845e6;940.97748252487;1.025344009710461e10;1.445849422977172e6
4.776000000000001e-12;2.3134723525551404e-5;3.2622168200905443e-9;6.937214677984838e6;940.9774825263158;1.0247291793637064e10;1.4449659453529983e6
4.777e-12;2.314166074022939e-5;3.2631577975730705e-9;6.937214677995086e6;940.9774825277608;1.0241149018602612e10;1.4440832769649208e6
4.778e-12;2.3148597954907386e-5;3.2640987750555985e-9;6.937214678005327e6;940.9774825292048;1.0235011765375156e10;1.4432014168252614e6
4.7790000000000005e-12;2.3155535169585393e-5;3.2650397525381277e-9;6.937214678015562e6;940.9774825306481;1.0228880027338537e10;1.4423203639478488e6
4.78e-12;2.316247238426341e-5;3.2659807300206585e-9;6.9372146780257905e6;940.9774825320904;1.0222753797886494e10;1.4414401173480141e6
4.781000000000001e-12;2.3169409598941436e-5;3.2669217075031906e-9;6.937214678036014e6;940.9774825335319;1.0216633070422644e10;1.4405606760425884e6
4.7820000000000004e-12;2.3176346813619472e-5;3.2678626849857243e-9;6.93721467804623e6;940.9774825349724;1.0210517838360498e10;1.4396820390499018e6
4.783e-12;2.318328402829752e-5;3.2688036624682593e-9;6.93721467805644e6;940.9774825364121;1.0204408095123405e10;1.438804205389778e6
4.784000000000001e-12;2.3190221242975576e-5;3.2697446399507955e-9;6.937214678066645e6;940.977482537851;1.0198303834144543e10;1.4379271740835323e6
4.785e-12;2.3197158457653643e-5;3.2706856174333334e-9;6.937214678076843e6;940.9774825392889;1.0192205048866928e10;1.437050944153972e6
4.786e-12;2.320409567233172e-5;3.2716265949158725e-9;6.937214678087035e6;940.9774825407259;1.0186111732743362e10;1.4361755146253896e6
4.7870000000000005e-12;2.321103288700981e-5;3.2725675723984132e-9;6.937214678097221e6;940.9774825421621;1.0180023879236422e10;1.4353008845235598e6
4.788e-12;2.3217970101687906e-5;3.2735085498809552e-9;6.937214678107401e6;940.9774825435974;1.0173941481818478e10;1.4344270528757432e6
4.789000000000001e-12;2.3224907316366014e-5;3.274449527363499e-9;6.937214678117575e6;940.9774825450318;1.0167864533971613e10;1.4335540187106738e6
4.79e-12;2.3231844531044132e-5;3.2753905048460438e-9;6.937214678127743e6;940.9774825464654;1.0161793029187672e10;1.432681781058566e6
4.791e-12;2.323878174572226e-5;3.2763314823285903e-9;6.937214678137905e6;940.977482547898;1.0155726960968185e10;1.4318103389511046e6
4.7920000000000006e-12;2.32457189604004e-5;3.277272459811138e-9;6.937214678148061e6;940.9774825493298;1.0149666322824394e10;1.4309396914214445e6
4.793e-12;2.3252656175078547e-5;3.2782134372936876e-9;6.937214678158211e6;940.9774825507608;1.0143611108277212e10;1.4300698375042113e6
4.794e-12;2.3259593389756706e-5;3.2791544147762383e-9;6.937214678168355e6;940.9774825521908;1.0137561310857224e10;1.4292007762354943e6
4.7950000000000005e-12;2.3266530604434875e-5;3.2800953922587906e-9;6.937214678178492e6;940.97748255362;1.0131516924104645e10;1.428332506652845e6
4.796e-12;2.3273467819113054e-5;3.281036369741344e-9;6.937214678188624e6;940.9774825550484;1.0125477941569311e10;1.4274650277952738e6
4.797000000000001e-12;2.3280405033791243e-5;3.2819773472238994e-9;6.937214678198749e6;940.9774825564758;1.0119444356810688e10;1.4265983387032514e6
4.798e-12;2.3287342248469442e-5;3.282918324706456e-9;6.937214678208869e6;940.9774825579024;1.0113416163397818e10;1.4257324384187001e6
4.799e-12;2.3294279463147652e-5;3.2838593021890136e-9;6.937214678218982e6;940.9774825593281;1.0107393354909317e10;1.424867325984995e6
4.8000000000000005e-12;2.330121667782587e-5;3.284800279671573e-9;6.93721467822909e6;940.977482560753;1.0101375924933374e10;1.4240030004469624e6
4.801e-12;2.33081538925041e-5;3.2857412571541336e-9;6.937214678239191e6;940.977482562177;1.0095363867067694e10;1.4231394608508714e6
4.802000000000001e-12;2.331509110718234e-5;3.286682234636696e-9;6.9372146782492865e6;940.9774825636001;1.0089357174919527e10;1.422276706244438e6
4.8030000000000004e-12;2.332202832186059e-5;3.2876232121192594e-9;6.9372146782593755e6;940.9774825650223;1.0083355842105621e10;1.4214147356768197e6
4.804e-12;2.3328965536538852e-5;3.2885641896018245e-9;6.937214678269459e6;940.9774825664438;1.0077359862252205e10;1.4205535481986108e6
4.805000000000001e-12;2.3335902751217122e-5;3.289505167084391e-9;6.937214678279536e6;940.9774825678643;1.0071369228994993e10;1.419693142861843e6
4.806e-12;2.3342839965895403e-5;3.290446144566959e-9;6.937214678289607e6;940.977482569284;1.0065383935979156e10;1.418833518719983e6
4.807e-12;2.3349777180573694e-5;3.2913871220495283e-9;6.937214678299673e6;940.9774825707028;1.0059403976859287e10;1.4179746748279242e6
4.8080000000000005e-12;2.3356714395251995e-5;3.292328099532099e-9;6.937214678309732e6;940.9774825721208;1.0053429345299423e10;1.4171166102419936e6
4.809e-12;2.3363651609930306e-5;3.293269077014671e-9;6.937214678319786e6;940.9774825735379;1.0047460034972986e10;1.4162593240199403e6
4.810000000000001e-12;2.3370588824608628e-5;3.2942100544972445e-9;6.937214678329833e6;940.9774825749543;1.00414960395628e10;1.4154028152209376e6
4.811e-12;2.337752603928696e-5;3.2951510319798195e-9;6.937214678339874e6;940.9774825763697;1.0035537352761051e10;1.4145470829055798e6
4.812e-12;2.3384463253965297e-5;3.296092009462396e-9;6.93721467834991e6;940.9774825777841;1.0029583968269293e10;1.4136921261358801e6
4.8130000000000006e-12;2.3391400468643646e-5;3.297032986944974e-9;6.93721467835994e6;940.9774825791978;1.0023635879798403e10;1.412837943975265e6
4.814e-12;2.3398337683322004e-5;3.297973964427553e-9;6.937214678369964e6;940.9774825806106;1.0017693081068583e10;1.4119845354885743e6
4.815e-12;2.3405274898000373e-5;3.2989149419101336e-9;6.937214678379981e6;940.9774825820226;1.001175556580936e10;1.411131899742061e6
4.8160000000000005e-12;2.3412212112678752e-5;3.2998559193927157e-9;6.937214678389993e6;940.9774825834337;1.0005823327759518e10;1.4102800358033823e6
4.817e-12;2.341914932735714e-5;3.300796896875299e-9;6.937214678399999e6;940.977482584844;9.999896360667131e9;1.4094289427416017e6
4.818000000000001e-12;2.342608654203554e-5;3.301737874357884e-9;6.937214678409998e6;940.9774825862534;9.993974658289532e9;1.4085786196271868e6
4.819e-12;2.343302375671395e-5;3.3026788518404703e-9;6.937214678419992e6;940.9774825876619;9.98805821439328e9;1.4077290655320038e6
4.82e-12;2.343996097139237e-5;3.303619829323058e-9;6.937214678429981e6;940.9774825890697;9.982147022754171e9;1.4068802795293182e6
4.8210000000000006e-12;2.34468981860708e-5;3.304560806805647e-9;6.937214678439963e6;940.9774825904766;9.976241077157194e9;1.4060322606937885e6
4.822e-12;2.345383540074924e-5;3.3055017842882373e-9;6.937214678449939e6;940.9774825918827;9.970340371396542e9;1.405185008101468e6
4.823000000000001e-12;2.346077261542769e-5;3.3064427617708294e-9;6.93721467845991e6;940.9774825932878;9.964444899275568e9;1.4043385208297984e6
4.8240000000000004e-12;2.346770983010615e-5;3.3073837392534227e-9;6.937214678469874e6;940.9774825946922;9.95855465460679e9;1.4034927979576096e6
4.825e-12;2.347464704478462e-5;3.3083247167360172e-9;6.937214678479833e6;940.9774825960957;9.952669631211863e9;1.4026478385651165e6
4.826000000000001e-12;2.34815842594631e-5;3.3092656942186134e-9;6.937214678489786e6;940.9774825974984;9.94678982292158e9;1.4018036417339179e6
4.827e-12;2.348852147414159e-5;3.310206671701211e-9;6.937214678499732e6;940.9774825989001;9.940915223575825e9;1.4009602065469904e6
4.828e-12;2.3495458688820092e-5;3.31114764918381e-9;6.937214678509673e6;940.9774826003011;9.935045827023586e9;1.4001175320886902e6
4.8290000000000005e-12;2.3502395903498603e-5;3.3120886266664102e-9;6.937214678519608e6;940.9774826017012;9.929181627122925e9;1.3992756174447478e6
4.83e-12;2.3509333118177124e-5;3.3130296041490118e-9;6.937214678529537e6;940.9774826031005;9.92332261774096e9;1.3984344617022653e6
4.831000000000001e-12;2.3516270332855652e-5;3.313970581631615e-9;6.9372146785394605e6;940.977482604499;9.917468792753859e9;1.397594063949717e6
4.8320000000000004e-12;2.352320754753419e-5;3.3149115591142194e-9;6.937214678549378e6;940.9774826058965;9.911620146046822e9;1.396754423276944e6
4.833e-12;2.353014476221274e-5;3.315852536596825e-9;6.93721467855929e6;940.9774826072933;9.90577667151405e9;1.3959155387751523e6
4.834000000000001e-12;2.3537081976891297e-5;3.3167935140794325e-9;6.937214678569196e6;940.9774826086892;9.899938363058748e9;1.3950774095369105e6
4.835e-12;2.3544019191569866e-5;3.317734491562041e-9;6.937214678579096e6;940.9774826100843;9.89410521459311e9;1.3942400346561489e6
4.836e-12;2.3550956406248445e-5;3.3186754690446513e-9;6.93721467858899e6;940.9774826114785;9.888277220038275e9;1.3934034132281549e6
4.8370000000000005e-12;2.3557893620927034e-5;3.319616446527263e-9;6.937214678598878e6;940.977482612872;9.882454373324347e9;1.3925675443495705e6
4.838e-12;2.3564830835605633e-5;3.3205574240098755e-9;6.93721467860876e6;940.9774826142645;9.876636668390358e9;1.3917324271183927e6
4.839000000000001e-12;2.3571768050284242e-5;3.32149840149249e-9;6.937214678618637e6;940.9774826156563;9.87082409918425e9;1.3908980606339658e6
4.84e-12;2.3578705264962862e-5;3.3224393789751055e-9;6.937214678628508e6;940.9774826170471;9.865016659662888e9;1.390064443996987e6
4.841e-12;2.358564247964149e-5;3.3233803564577224e-9;6.937214678638373e6;940.9774826184372;9.859214343792e9;1.3892315763094954e6
4.8420000000000006e-12;2.359257969432013e-5;3.324321333940341e-9;6.937214678648232e6;940.9774826198264;9.85341714554619e9;1.388399456674874e6
4.843e-12;2.3599516908998778e-5;3.3252623114229607e-9;6.937214678658085e6;940.9774826212148;9.847625058908937e9;1.3875680841978502e6
4.844000000000001e-12;2.3606454123677435e-5;3.326203288905582e-9;6.937214678667933e6;940.9774826226023;9.841838077872532e9;1.3867374579844852e6
4.8450000000000005e-12;2.36133913383561e-5;3.3271442663882047e-9;6.937214678677775e6;940.9774826239891;9.836056196438097e9;1.3859075771421776e6
4.846e-12;2.362032855303478e-5;3.3280852438708286e-9;6.937214678687611e6;940.977482625375;9.830279408615564e9;1.3850784407796608e6
4.847000000000001e-12;2.3627265767713466e-5;3.329026221353454e-9;6.937214678697441e6;940.9774826267601;9.824507708423668e9;1.3842500480070007e6
4.848e-12;2.3634202982392163e-5;3.329967198836081e-9;6.937214678707265e6;940.9774826281443;9.818741089889908e9;1.3834223979355893e6
4.849e-12;2.364114019707087e-5;3.330908176318709e-9;6.937214678717084e6;940.9774826295278;9.812979547050537e9;1.3825954896781459e6
4.8500000000000005e-12;2.364807741174959e-5;3.3318491538013387e-9;6.937214678726898e6;940.9774826309103;9.807223073950577e9;1.3817693223487155e6
4.851e-12;2.3655014626428317e-5;3.3327901312839696e-9;6.937214678736704e6;940.9774826322921;9.801471664643768e9;1.380943895062664e6
4.852000000000001e-12;2.3661951841107055e-5;3.3337311087666017e-9;6.937214678746506e6;940.977482633673;9.795725313192558e9;1.380119206936676e6
4.8530000000000004e-12;2.36688890557858e-5;3.3346720862492356e-9;6.937214678756301e6;940.9774826350532;9.789984013668116e9;1.379295257088756e6
4.854e-12;2.3675826270464555e-5;3.3356130637318706e-9;6.937214678766091e6;940.9774826364325;9.784247760150274e9;1.3784720446382198e6
4.855000000000001e-12;2.368276348514332e-5;3.336554041214507e-9;6.937214678775876e6;940.9774826378109;9.778516546727541e9;1.377649568705696e6
4.856e-12;2.3689700699822095e-5;3.337495018697145e-9;6.937214678785655e6;940.9774826391886;9.77279036749708e9;1.3768278284131251e6
4.857e-12;2.369663791450088e-5;3.338435996179784e-9;6.937214678795427e6;940.9774826405654;9.767069216564705e9;1.3760068228837552e6
4.8580000000000005e-12;2.3703575129179676e-5;3.3393769736624245e-9;6.937214678805194e6;940.9774826419414;9.76135308804483e9;1.3751865512421376e6
4.859e-12;2.3710512343858482e-5;3.3403179511450666e-9;6.937214678814955e6;940.9774826433165;9.755641976060501e9;1.3743670126141293e6
4.860000000000001e-12;2.3717449558537298e-5;3.34125892862771e-9;6.937214678824711e6;940.9774826446909;9.749935874743341e9;1.3735482061268862e6
4.861e-12;2.3724386773216124e-5;3.3421999061103545e-9;6.937214678834461e6;940.9774826460645;9.744234778233564e9;1.3727301309088632e6
4.862e-12;2.3731323987894957e-5;3.3431408835930007e-9;6.937214678844205e6;940.9774826474372;9.738538680679945e9;1.3719127860898124e6
4.8630000000000006e-12;2.37382612025738e-5;3.344081861075648e-9;6.937214678853944e6;940.9774826488091;9.732847576239798e9;1.3710961708007774e6
4.864e-12;2.3745198417252654e-5;3.345022838558297e-9;6.937214678863677e6;940.9774826501801;9.727161459078978e9;1.3702802841740944e6
4.865000000000001e-12;2.3752135631931517e-5;3.3459638160409473e-9;6.937214678873404e6;940.9774826515504;9.72148032337185e9;1.3694651253433882e6
4.8660000000000005e-12;2.375907284661039e-5;3.346904793523599e-9;6.937214678883125e6;940.9774826529199;9.7158041633013e9;1.3686506934435724e6
4.867e-12;2.3766010061289274e-5;3.3478457710062517e-9;6.937214678892841e6;940.9774826542886;9.710132973058697e9;1.3678369876108435e6
4.868000000000001e-12;2.377294727596817e-5;3.348786748488906e-9;6.937214678902551e6;940.9774826556564;9.70446674684386e9;1.3670240069826788e6
4.869e-12;2.3779884490647072e-5;3.3497277259715615e-9;6.937214678912255e6;940.9774826570234;9.698805478865105e9;1.3662117506978388e6
4.87e-12;2.3786821705325983e-5;3.3506687034542185e-9;6.937214678921954e6;940.9774826583896;9.693149163339172e9;1.365400217896362e6
4.8710000000000006e-12;2.3793758920004904e-5;3.3516096809368767e-9;6.937214678931647e6;940.977482659755;9.68749779449123e9;1.3645894077195583e6
4.872e-12;2.3800696134683836e-5;3.3525506584195366e-9;6.937214678941335e6;940.9774826611196;9.68185136655486e9;1.363779319310013e6
4.873000000000001e-12;2.3807633349362777e-5;3.3534916359021977e-9;6.937214678951017e6;940.9774826624833;9.67620987377205e9;1.3629699518115835e6
4.8740000000000004e-12;2.381457056404173e-5;3.35443261338486e-9;6.937214678960693e6;940.9774826638463;9.670573310393177e9;1.3621613043693944e6
4.875e-12;2.382150777872069e-5;3.355373590867524e-9;6.937214678970364e6;940.9774826652085;9.664941670676981e9;1.3613533761298372e6
4.876000000000001e-12;2.3828444993399662e-5;3.3563145683501894e-9;6.937214678980029e6;940.9774826665699;9.65931494889056e9;1.3605461662405673e6
4.877e-12;2.383538220807864e-5;3.357255545832856e-9;6.937214678989689e6;940.9774826679304;9.653693139309353e9;1.3597396738505024e6
4.878e-12;2.384231942275763e-5;3.3581965233155236e-9;6.937214678999343e6;940.9774826692901;9.648076236217127e9;1.3589338981098193e6
4.8790000000000005e-12;2.384925663743663e-5;3.359137500798193e-9;6.937214679008991e6;940.977482670649;9.642464233905966e9;1.358128838169953e6
4.88e-12;2.3856193852115637e-5;3.3600784782808636e-9;6.937214679018634e6;940.9774826720071;9.636857126676239e9;1.3573244931835926e6
4.881000000000001e-12;2.3863131066794657e-5;3.3610194557635355e-9;6.937214679028271e6;940.9774826733644;9.631254908836609e9;1.3565208623046807e6
4.882e-12;2.3870068281473686e-5;3.361960433246209e-9;6.937214679037902e6;940.9774826747209;9.625657574704012e9;1.3557179446884117e6
4.883e-12;2.3877005496152722e-5;3.3629014107288838e-9;6.937214679047527e6;940.9774826760766;9.620065118603626e9;1.3549157394912273e6
4.8840000000000006e-12;2.388394271083177e-5;3.3638423882115598e-9;6.937214679057146e6;940.9774826774316;9.614477534868877e9;1.3541142458708151e6
4.885e-12;2.3890879925510825e-5;3.364783365694237e-9;6.93721467906676e6;940.9774826787857;9.608894817841415e9;1.3533134629861081e6
4.886e-12;2.3897817140189892e-5;3.365724343176916e-9;6.937214679076369e6;940.977482680139;9.603316961871105e9;1.3525133899972814e6
4.8870000000000005e-12;2.390475435486897e-5;3.366665320659596e-9;6.937214679085972e6;940.9774826814916;9.597743961315998e9;1.3517140260657468e6
4.888e-12;2.3911691569548056e-5;3.3676062981422774e-9;6.937214679095569e6;940.9774826828433;9.592175810542347e9;1.350915370354158e6
4.889000000000001e-12;2.3918628784227153e-5;3.3685472756249605e-9;6.937214679105162e6;940.9774826841942;9.58661250392455e9;1.3501174220264002e6
4.89e-12;2.3925565998906257e-5;3.3694882531076447e-9;6.937214679114749e6;940.9774826855444;9.581054035845184e9;1.3493201802475955e6
4.891e-12;2.393250321358537e-5;3.3704292305903303e-9;6.93721467912433e6;940.9774826868937;9.57550040069495e9;1.3485236441840937e6
4.8920000000000006e-12;2.3939440428264496e-5;3.371370208073017e-9;6.937214679133906e6;940.9774826882423;9.569951592872679e9;1.3477278130034744e6
4.893e-12;2.394637764294363e-5;3.3723111855557054e-9;6.937214679143476e6;940.97748268959;9.564407606785315e9;1.3469326858745439e6
4.894000000000001e-12;2.3953314857622775e-5;3.373252163038395e-9;6.937214679153041e6;940.977482690937;9.558868436847895e9;1.3461382619673326e6
4.8950000000000004e-12;2.3960252072301926e-5;3.374193140521086e-9;6.9372146791626e6;940.9774826922832;9.553334077483555e9;1.345344540453095e6
4.896e-12;2.3967189286981088e-5;3.375134118003778e-9;6.937214679172154e6;940.9774826936285;9.547804523123486e9;1.3445515205043033e6
4.897000000000001e-12;2.397412650166026e-5;3.376075095486472e-9;6.9372146791817015e6;940.9774826949731;9.54227976820694e9;1.3437592012946492e6
4.898e-12;2.398106371633944e-5;3.377016072969167e-9;6.937214679191244e6;940.9774826963169;9.536759807181202e9;1.342967581999038e6
4.899e-12;2.3988000931018634e-5;3.377957050451863e-9;6.937214679200781e6;940.9774826976599;9.531244634501602e9;1.3421766617935924e6
4.9000000000000005e-12;2.3994938145697836e-5;3.3788980279345607e-9;6.937214679210312e6;940.977482699002;9.525734244631475e9;1.341386439855644e6
4.901e-12;2.4001875360377045e-5;3.37983900541726e-9;6.937214679219837e6;940.9774827003434;9.52022863204215e9;1.3405969153637334e6
4.902000000000001e-12;2.4008812575056264e-5;3.3807799828999603e-9;6.937214679229357e6;940.977482701684;9.514727791212957e9;1.3398080874976108e6
4.9030000000000004e-12;2.4015749789735493e-5;3.381720960382662e-9;6.937214679238872e6;940.9774827030238;9.509231716631184e9;1.339019955438229e6
4.904e-12;2.4022687004414733e-5;3.382661937865365e-9;6.9372146792483805e6;940.9774827043628;9.503740402792086e9;1.3382325183677454e6
4.905000000000001e-12;2.4029624219093983e-5;3.3836029153480694e-9;6.937214679257885e6;940.977482705701;9.498253844198856e9;1.3374457754695178e6
4.906e-12;2.403656143377324e-5;3.384543892830775e-9;6.937214679267383e6;940.9774827070385;9.492772035362635e9;1.336659725928104e6
4.907e-12;2.4043498648452506e-5;3.385484870313482e-9;6.937214679276876e6;940.9774827083751;9.487294970802448e9;1.3358743689292546e6
4.9080000000000005e-12;2.4050435863131783e-5;3.3864258477961904e-9;6.937214679286364e6;940.9774827097109;9.481822645045258e9;1.3350897036599193e6
4.909e-12;2.405737307781107e-5;3.3873668252789e-9;6.937214679295845e6;940.977482711046;9.476355052625906e9;1.3343057293082385e6
4.910000000000001e-12;2.4064310292490367e-5;3.388307802761611e-9;6.937214679305322e6;940.9774827123804;9.470892188087103e9;1.333522445063542e6
4.911e-12;2.407124750716967e-5;3.3892487802443235e-9;6.937214679314792e6;940.9774827137139;9.465434045979424e9;1.3327398501163493e6
4.912e-12;2.4078184721848985e-5;3.390189757727037e-9;6.937214679324257e6;940.9774827150467;9.459980620861301e9;1.3319579436583652e6
4.9130000000000006e-12;2.408512193652831e-5;3.391130735209752e-9;6.937214679333718e6;940.9774827163786;9.454531907298996e9;1.3311767248824788e6
4.914e-12;2.4092059151207643e-5;3.3920717126924686e-9;6.937214679343172e6;940.9774827177098;9.449087899866589e9;1.330396192982761e6
4.915000000000001e-12;2.4098996365886988e-5;3.3930126901751863e-9;6.937214679352622e6;940.9774827190402;9.443648593145973e9;1.329616347154463e6
4.9160000000000005e-12;2.410593358056634e-5;3.3939536676579054e-9;6.937214679362065e6;940.9774827203697;9.438213981726845e9;1.3288371865940145e6
4.917e-12;2.41128707952457e-5;3.3948946451406256e-9;6.937214679371503e6;940.9774827216986;9.432784060206675e9;1.3280587104990203e6
4.918000000000001e-12;2.4119808009925072e-5;3.395835622623347e-9;6.937214679380936e6;940.9774827230267;9.427358823190691e9;1.3272809180682576e6
4.919e-12;2.4126745224604454e-5;3.3967766001060703e-9;6.937214679390363e6;940.977482724354;9.42193826529189e9;1.3265038085016774e6
4.92e-12;2.4133682439283846e-5;3.3977175775887947e-9;6.937214679399786e6;940.9774827256805;9.416522381131008e9;1.3257273810003998e6
4.9210000000000005e-12;2.4140619653963245e-5;3.3986585550715203e-9;6.937214679409202e6;940.9774827270062;9.411111165336506e9;1.324951634766712e6
4.922e-12;2.4147556868642654e-5;3.399599532554247e-9;6.937214679418613e6;940.9774827283311;9.405704612544563e9;1.3241765690040672e6
4.923000000000001e-12;2.4154494083322073e-5;3.4005405100369757e-9;6.937214679428019e6;940.9774827296553;9.40030271739905e9;1.3234021829170804e6
4.9240000000000004e-12;2.4161431298001502e-5;3.4014814875197055e-9;6.9372146794374185e6;940.9774827309787;9.394905474551535e9;1.3226284757115298e6
4.925e-12;2.4168368512680938e-5;3.4024224650024365e-9;6.937214679446814e6;940.9774827323014;9.38951287866127e9;1.3218554465943545e6
4.926000000000001e-12;2.4175305727360384e-5;3.4033634424851688e-9;6.937214679456203e6;940.9774827336232;9.38412492439514e9;1.3210830947736464e6
4.927e-12;2.418224294203984e-5;3.4043044199679023e-9;6.937214679465587e6;940.9774827349443;9.378741606427708e9;1.320311419458657e6
4.928e-12;2.4189180156719307e-5;3.4052453974506374e-9;6.937214679474966e6;940.9774827362646;9.373362919441168e9;1.3195404198597905e6
4.9290000000000005e-12;2.419611737139878e-5;3.4061863749333738e-9;6.937214679484339e6;940.9774827375842;9.367988858125307e9;1.3187700951885986e6
4.93e-12;2.4203054586078264e-5;3.4071273524161114e-9;6.937214679493708e6;940.977482738903;9.362619417177563e9;1.3180004446577881e6
4.931000000000001e-12;2.4209991800757758e-5;3.4080683298988503e-9;6.93721467950307e6;940.9774827402209;9.357254591302937e9;1.3172314674812076e6
4.932e-12;2.421692901543726e-5;3.4090093073815904e-9;6.937214679512427e6;940.9774827415381;9.35189437521403e9;1.3164631628738549e6
4.933e-12;2.4223866230116775e-5;3.4099502848643318e-9;6.9372146795217795e6;940.9774827428546;9.346538763631006e9;1.3156955300518693e6
4.9340000000000006e-12;2.4230803444796296e-5;3.4108912623470748e-9;6.937214679531126e6;940.9774827441703;9.341187751281593e9;1.3149285682325324e6
4.935e-12;2.4237740659475827e-5;3.411832239829819e-9;6.937214679540467e6;940.9774827454852;9.33584133290106e9;1.3141622766342643e6
4.936000000000001e-12;2.4244677874155368e-5;3.4127732173125645e-9;6.937214679549803e6;940.9774827467993;9.330499503232203e9;1.3133966544766224e6
4.9370000000000005e-12;2.425161508883492e-5;3.4137141947953112e-9;6.937214679559134e6;940.9774827481127;9.325162257025343e9;1.3126317009803003e6
4.938e-12;2.4258552303514477e-5;3.414655172278059e-9;6.937214679568459e6;940.9774827494253;9.319829589038292e9;1.3118674153671227e6
4.939000000000001e-12;2.4265489518194045e-5;3.415596149760809e-9;6.937214679577779e6;940.9774827507372;9.314501494036367e9;1.3111037968600483e6
4.94e-12;2.4272426732873624e-5;3.4165371272435597e-9;6.937214679587093e6;940.9774827520483;9.309177966792374e9;1.3103408446831652e6
4.941e-12;2.4279363947553212e-5;3.4174781047263118e-9;6.937214679596403e6;940.9774827533587;9.303859002086557e9;1.3095785580616854e6
4.9420000000000006e-12;2.4286301162232808e-5;3.418419082209065e-9;6.937214679605707e6;940.9774827546682;9.298544594706642e9;1.3088169362219507e6
4.943e-12;2.4293238376912413e-5;3.4193600596918197e-9;6.937214679615005e6;940.977482755977;9.293234739447775e9;1.3080559783914231e6
4.944000000000001e-12;2.430017559159203e-5;3.4203010371745756e-9;6.937214679624299e6;940.9774827572851;9.287929431112549e9;1.307295683798689e6
4.9450000000000004e-12;2.4307112806271654e-5;3.421242014657333e-9;6.937214679633587e6;940.9774827585924;9.282628664510946e9;1.3065360516734507e6
4.946e-12;2.4314050020951287e-5;3.4221829921400918e-9;6.937214679642869e6;940.9774827598989;9.277332434460396e9;1.3057770812465341e6
4.947000000000001e-12;2.432098723563093e-5;3.4231239696228517e-9;6.937214679652146e6;940.9774827612047;9.272040735785671e9;1.3050187717498739e6
4.948e-12;2.4327924450310582e-5;3.424064947105613e-9;6.937214679661418e6;940.9774827625097;9.266753563318937e9;1.3042611224165212e6
4.949e-12;2.4334861664990245e-5;3.4250059245883754e-9;6.937214679670685e6;940.9774827638139;9.261470911899746e9;1.3035041324806418e6
4.9500000000000005e-12;2.4341798879669915e-5;3.425946902071139e-9;6.937214679679946e6;940.9774827651174;9.256192776374975e9;1.3027478011775075e6
4.951e-12;2.4348736094349595e-5;3.426887879553904e-9;6.937214679689202e6;940.9774827664202;9.25091915159886e9;1.3019921277435012e6
4.952000000000001e-12;2.4355673309029285e-5;3.4278288570366706e-9;6.937214679698453e6;940.9774827677221;9.245650032432938e9;1.3012371114161075e6
4.953e-12;2.4362610523708982e-5;3.4287698345194384e-9;6.9372146797076985e6;940.9774827690234;9.240385413746096e9;1.30048275143392e6
4.954e-12;2.436954773838869e-5;3.4297108120022075e-9;6.937214679716939e6;940.9774827703238;9.2351252904145e9;1.2997290470366315e6
4.9550000000000006e-12;2.4376484953068407e-5;3.4306517894849778e-9;6.937214679726174e6;940.9774827716236;9.229869657321604e9;1.2989759974650352e6
4.956e-12;2.4383422167748134e-5;3.4315927669677493e-9;6.9372146797354035e6;940.9774827729226;9.224618509358154e9;1.298223601961024e6
4.957e-12;2.4390359382427868e-5;3.432533744450522e-9;6.937214679744628e6;940.9774827742208;9.219371841422155e9;1.297471859767587e6
4.9580000000000005e-12;2.4397296597107613e-5;3.433474721933296e-9;6.937214679753847e6;940.9774827755183;9.214129648418865e9;1.2967207701288066e6
4.959e-12;2.4404233811787367e-5;3.4344156994160718e-9;6.937214679763062e6;940.977482776815;9.208891925260773e9;1.2959703322898592e6
4.960000000000001e-12;2.4411171026467132e-5;3.4353566768988487e-9;6.937214679772271e6;940.9774827781109;9.203658666867603e9;1.2952205454970105e6
4.961e-12;2.4418108241146903e-5;3.436297654381627e-9;6.937214679781474e6;940.9774827794062;9.198429868166306e9;1.2944714089976177e6
4.962e-12;2.4425045455826685e-5;3.4372386318644063e-9;6.937214679790673e6;940.9774827807006;9.193205524091015e9;1.293722922040122e6
4.9630000000000006e-12;2.4431982670506477e-5;3.438179609347187e-9;6.937214679799866e6;940.9774827819944;9.187985629583069e9;1.2929750838740515e6
4.964e-12;2.4438919885186275e-5;3.439120586829969e-9;6.937214679809054e6;940.9774827832873;9.182770179590975e9;1.2922278937500163e6
4.965000000000001e-12;2.4445857099866084e-5;3.440061564312752e-9;6.937214679818237e6;940.9774827845796;9.17755916907042e9;1.2914813509197095e6
4.9660000000000004e-12;2.4452794314545903e-5;3.4410025417955367e-9;6.937214679827414e6;940.9774827858711;9.17235259298423e9;1.2907354546359025e6
4.967e-12;2.4459731529225732e-5;3.4419435192783227e-9;6.937214679836587e6;940.9774827871618;9.16715044630239e9;1.2899902041524448e6
4.968000000000001e-12;2.4466668743905568e-5;3.44288449676111e-9;6.937214679845754e6;940.9774827884518;9.161952724002e9;1.2892455987242614e6
4.969e-12;2.4473605958585414e-5;3.4438254742438985e-9;6.937214679854916e6;940.977482789741;9.156759421067286e9;1.288501637607351e6
4.97e-12;2.448054317326527e-5;3.4447664517266882e-9;6.937214679864073e6;940.9774827910295;9.15157053248957e9;1.2877583200587842e6
4.9710000000000005e-12;2.4487480387945133e-5;3.4457074292094792e-9;6.937214679873224e6;940.9774827923172;9.146386053267286e9;1.2870156453367027e6
4.972e-12;2.4494417602625006e-5;3.4466484066922714e-9;6.937214679882371e6;940.9774827936043;9.141205978405933e9;1.286273612700316e6
4.973000000000001e-12;2.450135481730489e-5;3.447589384175065e-9;6.937214679891512e6;940.9774827948905;9.136030302918087e9;1.2855322214098994e6
4.9740000000000004e-12;2.450829203198478e-5;3.4485303616578596e-9;6.937214679900648e6;940.9774827961761;9.13085902182338e9;1.2847914707267948e6
4.975e-12;2.451522924666468e-5;3.449471339140656e-9;6.937214679909779e6;940.9774827974609;9.125692130148485e9;1.284051359913404e6
4.976000000000001e-12;2.452216646134459e-5;3.4504123166234536e-9;6.937214679918905e6;940.977482798745;9.12052962292712e9;1.2833118882331927e6
4.977e-12;2.452910367602451e-5;3.4513532941062524e-9;6.937214679928025e6;940.9774828000283;9.115371495200012e9;1.2825730549506834e6
4.978e-12;2.4536040890704438e-5;3.4522942715890525e-9;6.937214679937141e6;940.9774828013109;9.110217742014906e9;1.2818348593314574e6
4.9790000000000005e-12;2.4542978105384375e-5;3.453235249071854e-9;6.937214679946251e6;940.9774828025927;9.105068358426548e9;1.2810973006421516e6
4.98e-12;2.4549915320064323e-5;3.4541762265546564e-9;6.937214679955356e6;940.9774828038738;9.099923339496655e9;1.280360378150455e6
4.981000000000001e-12;2.4556852534744277e-5;3.45511720403746e-9;6.937214679964456e6;940.9774828051542;9.094782680293938e9;1.2796240911251104e6
4.982e-12;2.4563789749424242e-5;3.4560581815202652e-9;6.93721467997355e6;940.9774828064338;9.089646375894056e9;1.2788884388359096e6
4.983e-12;2.4570726964104216e-5;3.4569991590030715e-9;6.93721467998264e6;940.9774828077127;9.08451442137962e9;1.2781534205536912e6
4.9840000000000006e-12;2.4577664178784198e-5;3.457940136485879e-9;6.937214679991724e6;940.9774828089909;9.079386811840183e9;1.2774190355503433e6
4.985e-12;2.458460139346419e-5;3.4588811139686882e-9;6.937214680000803e6;940.9774828102683;9.074263542372232e9;1.2766852830987975e6
4.986000000000001e-12;2.459153860814419e-5;3.4598220914514986e-9;6.937214680009877e6;940.977482811545;9.069144608079155e9;1.2759521624730267e6
4.9870000000000005e-12;2.45984758228242e-5;3.4607630689343103e-9;6.9372146800189465e6;940.9774828128209;9.064030004071253e9;1.2752196729480464e6
4.988e-12;2.460541303750422e-5;3.4617040464171232e-9;6.93721468002801e6;940.9774828140961;9.058919725465723e9;1.2744878137999114e6
4.989000000000001e-12;2.4612350252184248e-5;3.4626450238999374e-9;6.937214680037069e6;940.9774828153706;9.053813767386627e9;1.2737565843057125e6
4.99e-12;2.4619287466864284e-5;3.4635860013827527e-9;6.9372146800461225e6;940.9774828166444;9.048712124964918e9;1.273025983743579e6
4.991e-12;2.462622468154433e-5;3.4645269788655694e-9;6.937214680055171e6;940.9774828179175;9.043614793338375e9;1.2722960113926698e6
4.9920000000000005e-12;2.4633161896224386e-5;3.4654679563483872e-9;6.937214680064215e6;940.9774828191897;9.038521767651659e9;1.2715666665331807e6
4.993e-12;2.464009911090445e-5;3.4664089338312063e-9;6.937214680073254e6;940.9774828204613;9.033433043056232e9;1.2708379484463339e6
4.994000000000001e-12;2.464703632558452e-5;3.4673499113140267e-9;6.937214680082288e6;940.9774828217321;9.028348614710402e9;1.2701098564143823e6
4.9950000000000004e-12;2.4653973540264605e-5;3.4682908887968483e-9;6.937214680091316e6;940.9774828230022;9.023268477779276e9;1.269382389720606e6
4.996e-12;2.4660910754944694e-5;3.469231866279671e-9;6.937214680100339e6;940.9774828242716;9.018192627434761e9;1.268655547649308e6
4.997000000000001e-12;2.4667847969624795e-5;3.470172843762495e-9;6.937214680109357e6;940.9774828255403;9.013121058855564e9;1.2679293294858173e6
4.998e-12;2.4674785184304905e-5;3.471113821245321e-9;6.937214680118371e6;940.9774828268082;9.008053767227148e9;1.2672037345164819e6
4.999e-12;2.4681722398985022e-5;3.472054798728148e-9;6.937214680127379e6;940.9774828280754;9.002990747741762e9;1.2664787620286723e6
